set echo off

prompt #-----------------------#
prompt #- Smazat vsechna data -#
prompt #-----------------------#

exec VYMAZ_DATA_VSECH_TABULEK;

prompt #----------------------#
prompt #- Vypnout cizi klice -#
prompt #----------------------#

exec VYPNI_CIZI_KLICE;

prompt #---------------#
prompt #- Vlozit data -#
prompt #---------------#


prompt Tabulka COUNTRY

begin
  insert into COUNTRY (COUNTRY_ID, COUNTRY_NAME) values (1, 'Ceska republika');
  insert into COUNTRY (COUNTRY_ID, COUNTRY_NAME) values (2, 'Indie');
  insert into COUNTRY (COUNTRY_ID, COUNTRY_NAME) values (3, 'Spojene staty americke');
  insert into COUNTRY (COUNTRY_ID, COUNTRY_NAME) values (4, 'Indonesie');
  insert into COUNTRY (COUNTRY_ID, COUNTRY_NAME) values (5, 'Brazilie');
  insert into COUNTRY (COUNTRY_ID, COUNTRY_NAME) values (6, 'Pakistan');
  insert into COUNTRY (COUNTRY_ID, COUNTRY_NAME) values (7, 'Nigerie');
  insert into COUNTRY (COUNTRY_ID, COUNTRY_NAME) values (8, 'Banglades');
  insert into COUNTRY (COUNTRY_ID, COUNTRY_NAME) values (9, 'Rusko');
  insert into COUNTRY (COUNTRY_ID, COUNTRY_NAME) values (10, 'Japonsko');
  insert into COUNTRY (COUNTRY_ID, COUNTRY_NAME) values (11, 'Mexiko');
  insert into COUNTRY (COUNTRY_ID, COUNTRY_NAME) values (12, 'Filipiny');
  insert into COUNTRY (COUNTRY_ID, COUNTRY_NAME) values (13, 'Vietnam');
  insert into COUNTRY (COUNTRY_ID, COUNTRY_NAME) values (14, 'Etiopie');
  insert into COUNTRY (COUNTRY_ID, COUNTRY_NAME) values (15, 'Egypt');
  insert into COUNTRY (COUNTRY_ID, COUNTRY_NAME) values (16, 'Nemecko');
  insert into COUNTRY (COUNTRY_ID, COUNTRY_NAME) values (17, 'Iran');
  insert into COUNTRY (COUNTRY_ID, COUNTRY_NAME) values (18, 'Turecko');
  insert into COUNTRY (COUNTRY_ID, COUNTRY_NAME) values (19, 'Demokraticka republika Kongo');
  insert into COUNTRY (COUNTRY_ID, COUNTRY_NAME) values (20, 'Thajsko');
  insert into COUNTRY (COUNTRY_ID, COUNTRY_NAME) values (21, 'Francie');
  insert into COUNTRY (COUNTRY_ID, COUNTRY_NAME) values (22, 'Spojene kralovstvi');
  insert into COUNTRY (COUNTRY_ID, COUNTRY_NAME) values (23, 'Italie');
  insert into COUNTRY (COUNTRY_ID, COUNTRY_NAME) values (24, 'Jihoafricka republika');
  insert into COUNTRY (COUNTRY_ID, COUNTRY_NAME) values (25, 'Jizni Korea');
  insert into COUNTRY (COUNTRY_ID, COUNTRY_NAME) values (26, 'Myanmar');
  insert into COUNTRY (COUNTRY_ID, COUNTRY_NAME) values (27, 'Spanelsko');
  insert into COUNTRY (COUNTRY_ID, COUNTRY_NAME) values (28, 'Kolumbie');
  insert into COUNTRY (COUNTRY_ID, COUNTRY_NAME) values (29, 'Ukrajina');
  insert into COUNTRY (COUNTRY_ID, COUNTRY_NAME) values (30, 'Tanzanie');
  insert into COUNTRY (COUNTRY_ID, COUNTRY_NAME) values (31, 'Argentina');
  insert into COUNTRY (COUNTRY_ID, COUNTRY_NAME) values (32, 'Kena');
  insert into COUNTRY (COUNTRY_ID, COUNTRY_NAME) values (33, 'Polsko');
  insert into COUNTRY (COUNTRY_ID, COUNTRY_NAME) values (34, 'Alzirsko');
  insert into COUNTRY (COUNTRY_ID, COUNTRY_NAME) values (35, 'Kanada');
  insert into COUNTRY (COUNTRY_ID, COUNTRY_NAME) values (36, 'Uganda');
  insert into COUNTRY (COUNTRY_ID, COUNTRY_NAME) values (37, 'Irak');
  insert into COUNTRY (COUNTRY_ID, COUNTRY_NAME) values (38, 'Maroko');
  insert into COUNTRY (COUNTRY_ID, COUNTRY_NAME) values (39, 'Sudan');
  insert into COUNTRY (COUNTRY_ID, COUNTRY_NAME) values (40, 'Peru');
  insert into COUNTRY (COUNTRY_ID, COUNTRY_NAME) values (41, 'Malajsie');
  insert into COUNTRY (COUNTRY_ID, COUNTRY_NAME) values (42, 'Uzbekistan');
  insert into COUNTRY (COUNTRY_ID, COUNTRY_NAME) values (43, 'Saudska Arabie');
  insert into COUNTRY (COUNTRY_ID, COUNTRY_NAME) values (44, 'Venezuela');
  insert into COUNTRY (COUNTRY_ID, COUNTRY_NAME) values (45, 'Nepal');
  insert into COUNTRY (COUNTRY_ID, COUNTRY_NAME) values (46, 'Afghanistan');
  insert into COUNTRY (COUNTRY_ID, COUNTRY_NAME) values (47, 'Ghana');
  insert into COUNTRY (COUNTRY_ID, COUNTRY_NAME) values (48, 'Jemen');
  insert into COUNTRY (COUNTRY_ID, COUNTRY_NAME) values (49, 'Severni Korea');
  insert into COUNTRY (COUNTRY_ID, COUNTRY_NAME) values (50, 'Mosambik');
  insert into COUNTRY (COUNTRY_ID, COUNTRY_NAME) values (51, 'Tchaj-wan');
  insert into COUNTRY (COUNTRY_ID, COUNTRY_NAME) values (52, 'Australie');
  insert into COUNTRY (COUNTRY_ID, COUNTRY_NAME) values (53, 'Syrie');
  insert into COUNTRY (COUNTRY_ID, COUNTRY_NAME) values (54, 'Pobrezi slonoviny');
  insert into COUNTRY (COUNTRY_ID, COUNTRY_NAME) values (55, 'Madagaskar');
  insert into COUNTRY (COUNTRY_ID, COUNTRY_NAME) values (56, 'Angola');
  insert into COUNTRY (COUNTRY_ID, COUNTRY_NAME) values (57, 'Sri Lanka');
  insert into COUNTRY (COUNTRY_ID, COUNTRY_NAME) values (58, 'Kamerun');
  insert into COUNTRY (COUNTRY_ID, COUNTRY_NAME) values (59, 'Rumunsko');
  insert into COUNTRY (COUNTRY_ID, COUNTRY_NAME) values (60, 'Kazachstan');
  insert into COUNTRY (COUNTRY_ID, COUNTRY_NAME) values (61, 'Nizozemsko');
  insert into COUNTRY (COUNTRY_ID, COUNTRY_NAME) values (62, 'Chile');
  insert into COUNTRY (COUNTRY_ID, COUNTRY_NAME) values (63, 'Niger');
  insert into COUNTRY (COUNTRY_ID, COUNTRY_NAME) values (64, 'Burkina Faso');
  insert into COUNTRY (COUNTRY_ID, COUNTRY_NAME) values (65, 'Ekvador');
  insert into COUNTRY (COUNTRY_ID, COUNTRY_NAME) values (66, 'Guatemala');
  insert into COUNTRY (COUNTRY_ID, COUNTRY_NAME) values (67, 'Mali');
  insert into COUNTRY (COUNTRY_ID, COUNTRY_NAME) values (68, 'Malawi');
  insert into COUNTRY (COUNTRY_ID, COUNTRY_NAME) values (69, 'Senegal');
  insert into COUNTRY (COUNTRY_ID, COUNTRY_NAME) values (70, 'Kambodza');
  insert into COUNTRY (COUNTRY_ID, COUNTRY_NAME) values (71, 'Zambie');
  insert into COUNTRY (COUNTRY_ID, COUNTRY_NAME) values (72, 'Zimbabwe');
  insert into COUNTRY (COUNTRY_ID, COUNTRY_NAME) values (73, 'Cad');
  insert into COUNTRY (COUNTRY_ID, COUNTRY_NAME) values (74, 'Kuba');
  insert into COUNTRY (COUNTRY_ID, COUNTRY_NAME) values (75, 'Belgie');
  insert into COUNTRY (COUNTRY_ID, COUNTRY_NAME) values (76, 'Guinea');
  insert into COUNTRY (COUNTRY_ID, COUNTRY_NAME) values (77, 'Recko');
  insert into COUNTRY (COUNTRY_ID, COUNTRY_NAME) values (78, 'Tunisko');
  insert into COUNTRY (COUNTRY_ID, COUNTRY_NAME) values (79, 'Portugalsko');
  insert into COUNTRY (COUNTRY_ID, COUNTRY_NAME) values (80, 'Rwanda');
  insert into COUNTRY (COUNTRY_ID, COUNTRY_NAME) values (81, 'Cina');
  insert into COUNTRY (COUNTRY_ID, COUNTRY_NAME) values (82, 'Haiti');
  insert into COUNTRY (COUNTRY_ID, COUNTRY_NAME) values (83, 'Bolivie');
  insert into COUNTRY (COUNTRY_ID, COUNTRY_NAME) values (84, 'Somalsko');
  insert into COUNTRY (COUNTRY_ID, COUNTRY_NAME) values (85, 'Madarsko');
  insert into COUNTRY (COUNTRY_ID, COUNTRY_NAME) values (86, 'Benin');
  insert into COUNTRY (COUNTRY_ID, COUNTRY_NAME) values (87, 'Svedsko');
  insert into COUNTRY (COUNTRY_ID, COUNTRY_NAME) values (88, 'Belorusko');
  insert into COUNTRY (COUNTRY_ID, COUNTRY_NAME) values (89, 'Dominikanska republika');
  insert into COUNTRY (COUNTRY_ID, COUNTRY_NAME) values (90, 'Azerbajdzan');
  insert into COUNTRY (COUNTRY_ID, COUNTRY_NAME) values (91, 'Rakousko');
  insert into COUNTRY (COUNTRY_ID, COUNTRY_NAME) values (92, 'Honduras');
  insert into COUNTRY (COUNTRY_ID, COUNTRY_NAME) values (93, 'Spojene arabske emiraty');
  insert into COUNTRY (COUNTRY_ID, COUNTRY_NAME) values (94, 'Jizni Sudan');
  insert into COUNTRY (COUNTRY_ID, COUNTRY_NAME) values (95, 'Burundi');
  insert into COUNTRY (COUNTRY_ID, COUNTRY_NAME) values (96, 'Svycarsko');
  insert into COUNTRY (COUNTRY_ID, COUNTRY_NAME) values (97, 'Izrael');
  insert into COUNTRY (COUNTRY_ID, COUNTRY_NAME) values (98, 'Tadzikistan');
  insert into COUNTRY (COUNTRY_ID, COUNTRY_NAME) values (99, 'Bulharsko');
  insert into COUNTRY (COUNTRY_ID, COUNTRY_NAME) values (100, 'Srbsko');
  insert into COUNTRY (COUNTRY_ID, COUNTRY_NAME) values (101, 'Hongkong (Cina)');
  insert into COUNTRY (COUNTRY_ID, COUNTRY_NAME) values (102, 'Papua-Nova Guinea');
  insert into COUNTRY (COUNTRY_ID, COUNTRY_NAME) values (103, 'Laos');
  insert into COUNTRY (COUNTRY_ID, COUNTRY_NAME) values (104, 'Paraguay');
  insert into COUNTRY (COUNTRY_ID, COUNTRY_NAME) values (105, 'Libye');
  insert into COUNTRY (COUNTRY_ID, COUNTRY_NAME) values (106, 'Jordansko');
  insert into COUNTRY (COUNTRY_ID, COUNTRY_NAME) values (107, 'Sierra Leone');
  insert into COUNTRY (COUNTRY_ID, COUNTRY_NAME) values (108, 'Togo');
  insert into COUNTRY (COUNTRY_ID, COUNTRY_NAME) values (109, 'Salvador');
  insert into COUNTRY (COUNTRY_ID, COUNTRY_NAME) values (110, 'Nikaragua');
  insert into COUNTRY (COUNTRY_ID, COUNTRY_NAME) values (111, 'Eritrea');
  insert into COUNTRY (COUNTRY_ID, COUNTRY_NAME) values (112, 'Dansko');
  insert into COUNTRY (COUNTRY_ID, COUNTRY_NAME) values (113, 'Kyrgyzstan');
  insert into COUNTRY (COUNTRY_ID, COUNTRY_NAME) values (114, 'Slovensko');
  insert into COUNTRY (COUNTRY_ID, COUNTRY_NAME) values (115, 'Finsko');
  insert into COUNTRY (COUNTRY_ID, COUNTRY_NAME) values (116, 'Singapur');
  insert into COUNTRY (COUNTRY_ID, COUNTRY_NAME) values (117, 'Turkmenistan');
  insert into COUNTRY (COUNTRY_ID, COUNTRY_NAME) values (118, 'Norsko');
  insert into COUNTRY (COUNTRY_ID, COUNTRY_NAME) values (119, 'Kostarika');
  insert into COUNTRY (COUNTRY_ID, COUNTRY_NAME) values (120, 'Stredoafricka republika');
  insert into COUNTRY (COUNTRY_ID, COUNTRY_NAME) values (121, 'Irsko');
  insert into COUNTRY (COUNTRY_ID, COUNTRY_NAME) values (122, 'Gruzie');
  insert into COUNTRY (COUNTRY_ID, COUNTRY_NAME) values (123, 'Novy Zeland');
  insert into COUNTRY (COUNTRY_ID, COUNTRY_NAME) values (124, 'Republika Kongo');
  insert into COUNTRY (COUNTRY_ID, COUNTRY_NAME) values (125, 'Libanon');
  insert into COUNTRY (COUNTRY_ID, COUNTRY_NAME) values (126, 'Palestinska autonomie');
  insert into COUNTRY (COUNTRY_ID, COUNTRY_NAME) values (127, 'Chorvatsko');
  insert into COUNTRY (COUNTRY_ID, COUNTRY_NAME) values (128, 'Bosna a Hercegovina');
  insert into COUNTRY (COUNTRY_ID, COUNTRY_NAME) values (129, 'Portoriko (USA)');
  insert into COUNTRY (COUNTRY_ID, COUNTRY_NAME) values (130, 'Kuvajt');
  insert into COUNTRY (COUNTRY_ID, COUNTRY_NAME) values (131, 'Moldavsko');
  insert into COUNTRY (COUNTRY_ID, COUNTRY_NAME) values (132, 'Liberie');
  insert into COUNTRY (COUNTRY_ID, COUNTRY_NAME) values (133, 'Mauritanie');
  insert into COUNTRY (COUNTRY_ID, COUNTRY_NAME) values (134, 'Panama');
  insert into COUNTRY (COUNTRY_ID, COUNTRY_NAME) values (135, 'Uruguay');
  insert into COUNTRY (COUNTRY_ID, COUNTRY_NAME) values (136, 'Armenie');
  insert into COUNTRY (COUNTRY_ID, COUNTRY_NAME) values (137, 'Litva');
  insert into COUNTRY (COUNTRY_ID, COUNTRY_NAME) values (138, 'Albanie');
  insert into COUNTRY (COUNTRY_ID, COUNTRY_NAME) values (139, 'Oman');
  insert into COUNTRY (COUNTRY_ID, COUNTRY_NAME) values (140, 'Mongolsko');
  insert into COUNTRY (COUNTRY_ID, COUNTRY_NAME) values (141, 'Jamajka');
  insert into COUNTRY (COUNTRY_ID, COUNTRY_NAME) values (142, 'Lesotho');
  insert into COUNTRY (COUNTRY_ID, COUNTRY_NAME) values (143, 'Namibie');
  insert into COUNTRY (COUNTRY_ID, COUNTRY_NAME) values (144, 'Makedonie');
  insert into COUNTRY (COUNTRY_ID, COUNTRY_NAME) values (145, 'Slovinsko');
  insert into COUNTRY (COUNTRY_ID, COUNTRY_NAME) values (146, 'Lotyssko');
  insert into COUNTRY (COUNTRY_ID, COUNTRY_NAME) values (147, 'Botswana');
  insert into COUNTRY (COUNTRY_ID, COUNTRY_NAME) values (148, 'Katar');
  insert into COUNTRY (COUNTRY_ID, COUNTRY_NAME) values (149, 'Gambie');
  insert into COUNTRY (COUNTRY_ID, COUNTRY_NAME) values (150, 'Gabon');
  insert into COUNTRY (COUNTRY_ID, COUNTRY_NAME) values (151, 'Guinea-Bissau');
  insert into COUNTRY (COUNTRY_ID, COUNTRY_NAME) values (152, 'Trinidad a Tobago');
  insert into COUNTRY (COUNTRY_ID, COUNTRY_NAME) values (153, 'Estonsko');
  insert into COUNTRY (COUNTRY_ID, COUNTRY_NAME) values (154, 'Mauricius');
  insert into COUNTRY (COUNTRY_ID, COUNTRY_NAME) values (155, 'Svazijsko');
  insert into COUNTRY (COUNTRY_ID, COUNTRY_NAME) values (156, 'Bahrajn');
  insert into COUNTRY (COUNTRY_ID, COUNTRY_NAME) values (157, 'Vychodni Timor');
  insert into COUNTRY (COUNTRY_ID, COUNTRY_NAME) values (158, 'Kypr');
  insert into COUNTRY (COUNTRY_ID, COUNTRY_NAME) values (159, 'Fidzi');
  insert into COUNTRY (COUNTRY_ID, COUNTRY_NAME) values (160, 'Reunion (Francie)');
  insert into COUNTRY (COUNTRY_ID, COUNTRY_NAME) values (161, 'Dzibutsko');
  insert into COUNTRY (COUNTRY_ID, COUNTRY_NAME) values (162, 'Guyana');
  insert into COUNTRY (COUNTRY_ID, COUNTRY_NAME) values (163, 'Rovnikova Guinea');
  insert into COUNTRY (COUNTRY_ID, COUNTRY_NAME) values (164, 'Bhutan');
  insert into COUNTRY (COUNTRY_ID, COUNTRY_NAME) values (165, 'Komory');
  insert into COUNTRY (COUNTRY_ID, COUNTRY_NAME) values (166, 'Cerna Hora');
  insert into COUNTRY (COUNTRY_ID, COUNTRY_NAME) values (167, 'Zapadni Sahara');
  insert into COUNTRY (COUNTRY_ID, COUNTRY_NAME) values (168, 'Macao (Cina)');
  insert into COUNTRY (COUNTRY_ID, COUNTRY_NAME) values (169, 'Surinam');
  insert into COUNTRY (COUNTRY_ID, COUNTRY_NAME) values (170, 'Lucembursko');
  insert into COUNTRY (COUNTRY_ID, COUNTRY_NAME) values (171, 'Salamounovy ostrovy');
  insert into COUNTRY (COUNTRY_ID, COUNTRY_NAME) values (172, 'Kapverdy');
  insert into COUNTRY (COUNTRY_ID, COUNTRY_NAME) values (173, 'Malta');
  insert into COUNTRY (COUNTRY_ID, COUNTRY_NAME) values (174, 'Guadeloupe (Francie)');
  insert into COUNTRY (COUNTRY_ID, COUNTRY_NAME) values (175, 'Martinik (Francie)');
  insert into COUNTRY (COUNTRY_ID, COUNTRY_NAME) values (176, 'Brunej');
  insert into COUNTRY (COUNTRY_ID, COUNTRY_NAME) values (177, 'Bahamy');
  insert into COUNTRY (COUNTRY_ID, COUNTRY_NAME) values (178, 'Maledivy');
  insert into COUNTRY (COUNTRY_ID, COUNTRY_NAME) values (179, 'Island');
  insert into COUNTRY (COUNTRY_ID, COUNTRY_NAME) values (180, 'Belize');
  insert into COUNTRY (COUNTRY_ID, COUNTRY_NAME) values (181, 'Barbados');
  insert into COUNTRY (COUNTRY_ID, COUNTRY_NAME) values (182, 'Tahiti (Francie)');
  insert into COUNTRY (COUNTRY_ID, COUNTRY_NAME) values (183, 'Vanuatu');
  insert into COUNTRY (COUNTRY_ID, COUNTRY_NAME) values (184, 'Nova Kaledonie (Francie)');
  insert into COUNTRY (COUNTRY_ID, COUNTRY_NAME) values (185, 'Francouzska Guyana (Francie)');
  insert into COUNTRY (COUNTRY_ID, COUNTRY_NAME) values (186, 'Abchazie');
  insert into COUNTRY (COUNTRY_ID, COUNTRY_NAME) values (187, 'Mayotte (Francie)');
  insert into COUNTRY (COUNTRY_ID, COUNTRY_NAME) values (188, 'Samoa');
  insert into COUNTRY (COUNTRY_ID, COUNTRY_NAME) values (189, 'Svaty Tomas a Princuv ostrov');
  insert into COUNTRY (COUNTRY_ID, COUNTRY_NAME) values (190, 'Svata Lucie');
  insert into COUNTRY (COUNTRY_ID, COUNTRY_NAME) values (191, 'Guam (USA)');
  insert into COUNTRY (COUNTRY_ID, COUNTRY_NAME) values (192, 'Curacao (Nizozemsko)');
  insert into COUNTRY (COUNTRY_ID, COUNTRY_NAME) values (193, 'Americke Panenske ostrovy (USA)');
  insert into COUNTRY (COUNTRY_ID, COUNTRY_NAME) values (194, 'Kiribati');
  insert into COUNTRY (COUNTRY_ID, COUNTRY_NAME) values (195, 'Grenada');
  insert into COUNTRY (COUNTRY_ID, COUNTRY_NAME) values (196, 'Tonga');
  insert into COUNTRY (COUNTRY_ID, COUNTRY_NAME) values (197, 'Federativni staty Mikronesie');
  insert into COUNTRY (COUNTRY_ID, COUNTRY_NAME) values (198, 'Aruba (Nizozemsko)');
  insert into COUNTRY (COUNTRY_ID, COUNTRY_NAME) values (199, 'Svaty Vincenc a Grenadiny');
  insert into COUNTRY (COUNTRY_ID, COUNTRY_NAME) values (200, 'Jersey (Velka Britanie)');
  insert into COUNTRY (COUNTRY_ID, COUNTRY_NAME) values (201, 'Seychely');
  insert into COUNTRY (COUNTRY_ID, COUNTRY_NAME) values (202, 'Antigua a Barbuda');
  insert into COUNTRY (COUNTRY_ID, COUNTRY_NAME) values (203, 'Ostrov Man (Velka Britanie)');
  insert into COUNTRY (COUNTRY_ID, COUNTRY_NAME) values (204, 'Andorra');
  insert into COUNTRY (COUNTRY_ID, COUNTRY_NAME) values (205, 'Jizni Osetie');
  insert into COUNTRY (COUNTRY_ID, COUNTRY_NAME) values (206, 'Dominika');
  insert into COUNTRY (COUNTRY_ID, COUNTRY_NAME) values (207, 'Bermudy (Velka Britanie)');
  insert into COUNTRY (COUNTRY_ID, COUNTRY_NAME) values (208, 'Guernsey (Velka Britanie)');
  insert into COUNTRY (COUNTRY_ID, COUNTRY_NAME) values (209, 'Gronsko (Dansko)');
  insert into COUNTRY (COUNTRY_ID, COUNTRY_NAME) values (210, 'Marshallovy ostrovy');
  insert into COUNTRY (COUNTRY_ID, COUNTRY_NAME) values (211, 'Americka Samoa (USA)');
  insert into COUNTRY (COUNTRY_ID, COUNTRY_NAME) values (212, 'Kajmanske ostrovy (Velka Britanie)');
  insert into COUNTRY (COUNTRY_ID, COUNTRY_NAME) values (213, 'Severni Mariany (USA)');
  insert into COUNTRY (COUNTRY_ID, COUNTRY_NAME) values (214, 'Svaty Krystof a Nevis');
  insert into COUNTRY (COUNTRY_ID, COUNTRY_NAME) values (215, 'Faerske ostrovy (Dansko)');
  insert into COUNTRY (COUNTRY_ID, COUNTRY_NAME) values (216, 'Svaty Martin (NL) (Nizozemsko)');
  insert into COUNTRY (COUNTRY_ID, COUNTRY_NAME) values (217, 'Svaty Martin (FR) (Francie)');
  insert into COUNTRY (COUNTRY_ID, COUNTRY_NAME) values (218, 'Lichtenstejnsko');
  insert into COUNTRY (COUNTRY_ID, COUNTRY_NAME) values (219, 'Monako');
  insert into COUNTRY (COUNTRY_ID, COUNTRY_NAME) values (220, 'San Marino');
  insert into COUNTRY (COUNTRY_ID, COUNTRY_NAME) values (221, 'Turks a Caicos (Velka Britanie)');
  insert into COUNTRY (COUNTRY_ID, COUNTRY_NAME) values (222, 'Gibraltar (Velka Britanie)');
  insert into COUNTRY (COUNTRY_ID, COUNTRY_NAME) values (223, 'Britske Panenske ostrovy (Velka Britanie)');
  insert into COUNTRY (COUNTRY_ID, COUNTRY_NAME) values (224, 'Karibske Nizozemsko (Nizozemsko)');
  insert into COUNTRY (COUNTRY_ID, COUNTRY_NAME) values (225, 'Palau');
  insert into COUNTRY (COUNTRY_ID, COUNTRY_NAME) values (226, 'Cookovy ostrovy (Novy Zeland)');
  insert into COUNTRY (COUNTRY_ID, COUNTRY_NAME) values (227, 'Anguilla (Velka Britanie)');
  insert into COUNTRY (COUNTRY_ID, COUNTRY_NAME) values (228, 'Wallis a Futuna (Francie)');
  insert into COUNTRY (COUNTRY_ID, COUNTRY_NAME) values (229, 'Tuvalu');
  insert into COUNTRY (COUNTRY_ID, COUNTRY_NAME) values (230, 'Nauru');
  insert into COUNTRY (COUNTRY_ID, COUNTRY_NAME) values (231, 'vaty Bartolomej (Francie)');
  insert into COUNTRY (COUNTRY_ID, COUNTRY_NAME) values (232, 'Saint-Pierre a Miquelon (Francie)');
  insert into COUNTRY (COUNTRY_ID, COUNTRY_NAME) values (233, 'Montserrat (Velka Britanie)');
  insert into COUNTRY (COUNTRY_ID, COUNTRY_NAME) values (234, 'Svata Helena (Velka Britanie)');
  insert into COUNTRY (COUNTRY_ID, COUNTRY_NAME) values (235, 'Spicberky a Jan Mayen (Norsko)');
  insert into COUNTRY (COUNTRY_ID, COUNTRY_NAME) values (236, 'Falklandy (Velka Britanie)');
  insert into COUNTRY (COUNTRY_ID, COUNTRY_NAME) values (237, 'orfolk (Australie)');
  insert into COUNTRY (COUNTRY_ID, COUNTRY_NAME) values (238, 'Vanocni ostrov (Australie)');
  insert into COUNTRY (COUNTRY_ID, COUNTRY_NAME) values (239, 'Niue (Novy Zeland)');
  insert into COUNTRY (COUNTRY_ID, COUNTRY_NAME) values (240, 'Tokelau (Novy Zeland)');
  insert into COUNTRY (COUNTRY_ID, COUNTRY_NAME) values (241, 'Vatikan');
  insert into COUNTRY (COUNTRY_ID, COUNTRY_NAME) values (242, 'Kokosove ostrovy (Australie)');
  insert into COUNTRY (COUNTRY_ID, COUNTRY_NAME) values (243, 'Pitcairnovy ostrovy (Velka Britanie)');
end;
/

prompt Tabulka ADDRESS
begin
  insert into ADDRESS (ADDRESS_ID, COUNTRY_COUNTRY_ID, STREET, BUILDING_NUMBER, CITY, POSTAL_CODE) values (1, 1, 'Nam. Republiky', '1', 'Praha', '110 00');
  insert into ADDRESS (ADDRESS_ID, COUNTRY_COUNTRY_ID, STREET, BUILDING_NUMBER, CITY, POSTAL_CODE) values (2, 1, 'Fajtlova', '1090/1', 'Praha', '161 00');
  insert into ADDRESS (ADDRESS_ID, COUNTRY_COUNTRY_ID, STREET, BUILDING_NUMBER, CITY, POSTAL_CODE) values (3, 1, 'Palackeho tr.', '200/77', 'Brno-Kralovo Pole', '612 00');
  insert into ADDRESS (ADDRESS_ID, COUNTRY_COUNTRY_ID, STREET, BUILDING_NUMBER, CITY, POSTAL_CODE) values (4, 1, 'nam. T. G. Masaryka', '1931/12', 'Plzen 3', '301 00');
  insert into ADDRESS (ADDRESS_ID, COUNTRY_COUNTRY_ID, STREET, BUILDING_NUMBER, CITY, POSTAL_CODE) values (5, 1, 'Bukovanskeho', '1028/4', 'Slezska Ostrava', '710 00');
  insert into ADDRESS (ADDRESS_ID, COUNTRY_COUNTRY_ID, STREET, BUILDING_NUMBER, CITY, POSTAL_CODE) values (6, 1, 'Zeleneho', '910', 'Chrudim', '538 21');
  insert into ADDRESS (ADDRESS_ID, COUNTRY_COUNTRY_ID, STREET, BUILDING_NUMBER, CITY, POSTAL_CODE) values (7, 1, 'Gorazdova', '1564', 'Frydek-Mistek', '739 42');
  insert into ADDRESS (ADDRESS_ID, COUNTRY_COUNTRY_ID, STREET, BUILDING_NUMBER, CITY, POSTAL_CODE) values (8, 1, 'Husitska', '1680', 'Rokycany', '337 01');
  insert into ADDRESS (ADDRESS_ID, COUNTRY_COUNTRY_ID, STREET, BUILDING_NUMBER, CITY, POSTAL_CODE) values (9, 1, 'Kristenova', '674', 'Novy Jicin', '741 01');
  insert into ADDRESS (ADDRESS_ID, COUNTRY_COUNTRY_ID, STREET, BUILDING_NUMBER, CITY, POSTAL_CODE) values (10, 1, 'Andryskova', '323', 'Melnik', '277 41');
  insert into ADDRESS (ADDRESS_ID, COUNTRY_COUNTRY_ID, STREET, BUILDING_NUMBER, CITY, POSTAL_CODE) values (11, 1, 'Zajeci hora', '1421', 'Znojmo', '671 81');
  insert into ADDRESS (ADDRESS_ID, COUNTRY_COUNTRY_ID, STREET, BUILDING_NUMBER, CITY, POSTAL_CODE) values (12, 1, 'Jarni', '1657', 'Svitavy', '568 02');
  insert into ADDRESS (ADDRESS_ID, COUNTRY_COUNTRY_ID, STREET, BUILDING_NUMBER, CITY, POSTAL_CODE) values (13, 1, 'Rooseveltova', '1308', 'Prostejov', '796 04');
  insert into ADDRESS (ADDRESS_ID, COUNTRY_COUNTRY_ID, STREET, BUILDING_NUMBER, CITY, POSTAL_CODE) values (14, 1, 'Kopecna', '715', 'Frydek-Mistek', '738 01');
  insert into ADDRESS (ADDRESS_ID, COUNTRY_COUNTRY_ID, STREET, BUILDING_NUMBER, CITY, POSTAL_CODE) values (15, 1, 'U splavu', '1479', 'Strakonice', '386 01');
  insert into ADDRESS (ADDRESS_ID, COUNTRY_COUNTRY_ID, STREET, BUILDING_NUMBER, CITY, POSTAL_CODE) values (16, 1, 'Hoblikova', '768', 'Uherske Hradiste', '686 04');
  insert into ADDRESS (ADDRESS_ID, COUNTRY_COUNTRY_ID, STREET, BUILDING_NUMBER, CITY, POSTAL_CODE) values (17, 1, 'Bohunova', '23', 'Chomutov', '430 04');
  insert into ADDRESS (ADDRESS_ID, COUNTRY_COUNTRY_ID, STREET, BUILDING_NUMBER, CITY, POSTAL_CODE) values (18, 1, 'Krausova', '1321', 'Trutnov', '542 32');
  insert into ADDRESS (ADDRESS_ID, COUNTRY_COUNTRY_ID, STREET, BUILDING_NUMBER, CITY, POSTAL_CODE) values (19, 1, 'Kliny', '667', 'Pelhrimov', '393 01');
  insert into ADDRESS (ADDRESS_ID, COUNTRY_COUNTRY_ID, STREET, BUILDING_NUMBER, CITY, POSTAL_CODE) values (20, 1, 'Vackova', '1930', 'Blansko', '679 03');
  insert into ADDRESS (ADDRESS_ID, COUNTRY_COUNTRY_ID, STREET, BUILDING_NUMBER, CITY, POSTAL_CODE) values (21, 1, 'Stara osada', '1917', 'Frydek-Mistek', '739 42');
  insert into ADDRESS (ADDRESS_ID, COUNTRY_COUNTRY_ID, STREET, BUILDING_NUMBER, CITY, POSTAL_CODE) values (22, 1, 'Achtelky', '561', 'Cheb', '350 02');
  insert into ADDRESS (ADDRESS_ID, COUNTRY_COUNTRY_ID, STREET, BUILDING_NUMBER, CITY, POSTAL_CODE) values (23, 1, 'U koupaliste', '1847', 'Jablonec nad Nisou', '466 06');
  insert into ADDRESS (ADDRESS_ID, COUNTRY_COUNTRY_ID, STREET, BUILDING_NUMBER, CITY, POSTAL_CODE) values (24, 1, 'Frantisky Stranecke', '598', 'Trebic', '674 01');
  insert into ADDRESS (ADDRESS_ID, COUNTRY_COUNTRY_ID, STREET, BUILDING_NUMBER, CITY, POSTAL_CODE) values (25, 1, 'Besuvka', '1949', 'Znojmo', '671 82');
  insert into ADDRESS (ADDRESS_ID, COUNTRY_COUNTRY_ID, STREET, BUILDING_NUMBER, CITY, POSTAL_CODE) values (26, 1, 'Blatneho', '106', 'Prachatice', '383 01');
  insert into ADDRESS (ADDRESS_ID, COUNTRY_COUNTRY_ID, STREET, BUILDING_NUMBER, CITY, POSTAL_CODE) values (27, 1, 'Na Kopaninach', '184', 'Znojmo', '669 02');
  insert into ADDRESS (ADDRESS_ID, COUNTRY_COUNTRY_ID, STREET, BUILDING_NUMBER, CITY, POSTAL_CODE) values (28, 1, 'Predni', '953', 'Chrudim', '538 31');
  insert into ADDRESS (ADDRESS_ID, COUNTRY_COUNTRY_ID, STREET, BUILDING_NUMBER, CITY, POSTAL_CODE) values (29, 1, 'Kninicska', '1286', 'ceska Lipa', '470 02');
  insert into ADDRESS (ADDRESS_ID, COUNTRY_COUNTRY_ID, STREET, BUILDING_NUMBER, CITY, POSTAL_CODE) values (30, 1, 'Fucikova', '188', 'Opava', '746 01');
  insert into ADDRESS (ADDRESS_ID, COUNTRY_COUNTRY_ID, STREET, BUILDING_NUMBER, CITY, POSTAL_CODE) values (31, 1, 'Hujickova', '39', 'ceska Lipa', '471 21');
  insert into ADDRESS (ADDRESS_ID, COUNTRY_COUNTRY_ID, STREET, BUILDING_NUMBER, CITY, POSTAL_CODE) values (32, 1, 'Velka Klajdovka', '116', 'Mlada Boleslav', '293 01');
  insert into ADDRESS (ADDRESS_ID, COUNTRY_COUNTRY_ID, STREET, BUILDING_NUMBER, CITY, POSTAL_CODE) values (33, 1, 'Hochmanova', '1820', 'Tabor', '391 56');
  insert into ADDRESS (ADDRESS_ID, COUNTRY_COUNTRY_ID, STREET, BUILDING_NUMBER, CITY, POSTAL_CODE) values (34, 1, 'Rooseveltova', '441', 'Melnik', '276 01');
  insert into ADDRESS (ADDRESS_ID, COUNTRY_COUNTRY_ID, STREET, BUILDING_NUMBER, CITY, POSTAL_CODE) values (35, 1, 'Valcharska', '284', 'Sokolov', '356 01');
  insert into ADDRESS (ADDRESS_ID, COUNTRY_COUNTRY_ID, STREET, BUILDING_NUMBER, CITY, POSTAL_CODE) values (36, 1, 'Jirankova', '471', 'Decin', '405 02');
  insert into ADDRESS (ADDRESS_ID, COUNTRY_COUNTRY_ID, STREET, BUILDING_NUMBER, CITY, POSTAL_CODE) values (37, 1, 'Minska', '194', 'Trutnov', '541 03');
  insert into ADDRESS (ADDRESS_ID, COUNTRY_COUNTRY_ID, STREET, BUILDING_NUMBER, CITY, POSTAL_CODE) values (38, 1, 'Kovarska', '533', 'Jicin', '506 01');
  insert into ADDRESS (ADDRESS_ID, COUNTRY_COUNTRY_ID, STREET, BUILDING_NUMBER, CITY, POSTAL_CODE) values (39, 1, 'Rybnicka', '1777', 'Znojmo', '671 82');
  insert into ADDRESS (ADDRESS_ID, COUNTRY_COUNTRY_ID, STREET, BUILDING_NUMBER, CITY, POSTAL_CODE) values (40, 1, 'Turgenevova', '1892', 'Tabor', '390 03');
  insert into ADDRESS (ADDRESS_ID, COUNTRY_COUNTRY_ID, STREET, BUILDING_NUMBER, CITY, POSTAL_CODE) values (41, 1, 'Paterni', '1177', 'Rokycany', '337 01');
  insert into ADDRESS (ADDRESS_ID, COUNTRY_COUNTRY_ID, STREET, BUILDING_NUMBER, CITY, POSTAL_CODE) values (42, 1, 'Vychodilova', '1018', 'Breclav', '690 02');
  insert into ADDRESS (ADDRESS_ID, COUNTRY_COUNTRY_ID, STREET, BUILDING_NUMBER, CITY, POSTAL_CODE) values (43, 1, 'Bulinova', '716', 'Vyskov', '682 01');
  insert into ADDRESS (ADDRESS_ID, COUNTRY_COUNTRY_ID, STREET, BUILDING_NUMBER, CITY, POSTAL_CODE) values (44, 1, 'Vzdalena', '630', 'Kutna Hora', '284 04');
  insert into ADDRESS (ADDRESS_ID, COUNTRY_COUNTRY_ID, STREET, BUILDING_NUMBER, CITY, POSTAL_CODE) values (45, 1, 'Mysliveckova', '82', 'Most', '435 02');
  insert into ADDRESS (ADDRESS_ID, COUNTRY_COUNTRY_ID, STREET, BUILDING_NUMBER, CITY, POSTAL_CODE) values (46, 1, 'Urbankova', '1051', 'Karvina', '735 06');
  insert into ADDRESS (ADDRESS_ID, COUNTRY_COUNTRY_ID, STREET, BUILDING_NUMBER, CITY, POSTAL_CODE) values (47, 1, 'Michalova', '699', 'Melnik', '276 01');
  insert into ADDRESS (ADDRESS_ID, COUNTRY_COUNTRY_ID, STREET, BUILDING_NUMBER, CITY, POSTAL_CODE) values (48, 1, 'Suzova', '1414', 'Cheb', '350 02');
  insert into ADDRESS (ADDRESS_ID, COUNTRY_COUNTRY_ID, STREET, BUILDING_NUMBER, CITY, POSTAL_CODE) values (49, 1, 'Sychrov', '1868', 'Kladno', '272 04');
  insert into ADDRESS (ADDRESS_ID, COUNTRY_COUNTRY_ID, STREET, BUILDING_NUMBER, CITY, POSTAL_CODE) values (50, 1, 'Kubikova', '1589', 'Nymburk', '289 13');
  insert into ADDRESS (ADDRESS_ID, COUNTRY_COUNTRY_ID, STREET, BUILDING_NUMBER, CITY, POSTAL_CODE) values (51, 1, 'Hrbitovni', '338', 'Jablonec nad Nisou', '466 02');
  insert into ADDRESS (ADDRESS_ID, COUNTRY_COUNTRY_ID, STREET, BUILDING_NUMBER, CITY, POSTAL_CODE) values (52, 1, 'Dubova', '696', 'Tabor', '391 11');
  insert into ADDRESS (ADDRESS_ID, COUNTRY_COUNTRY_ID, STREET, BUILDING_NUMBER, CITY, POSTAL_CODE) values (53, 1, 'Hodoninska', '994', 'Jindrichuv Hradec', '377 01');
  insert into ADDRESS (ADDRESS_ID, COUNTRY_COUNTRY_ID, STREET, BUILDING_NUMBER, CITY, POSTAL_CODE) values (54, 1, 'sedova', '792', 'Chrudim', '537 01');
  insert into ADDRESS (ADDRESS_ID, COUNTRY_COUNTRY_ID, STREET, BUILDING_NUMBER, CITY, POSTAL_CODE) values (55, 1, 'Rygle', '1612', 'Znojmo', '669 04');
  insert into ADDRESS (ADDRESS_ID, COUNTRY_COUNTRY_ID, STREET, BUILDING_NUMBER, CITY, POSTAL_CODE) values (56, 1, 'Jizni svahy', '723', 'Klatovy', '339 01');
  insert into ADDRESS (ADDRESS_ID, COUNTRY_COUNTRY_ID, STREET, BUILDING_NUMBER, CITY, POSTAL_CODE) values (57, 1, 'Oresinska', '285', 'Decin', '405 02');
  insert into ADDRESS (ADDRESS_ID, COUNTRY_COUNTRY_ID, STREET, BUILDING_NUMBER, CITY, POSTAL_CODE) values (58, 1, 'Oranzova', '1552', 'Prostejov', '798 11');
  insert into ADDRESS (ADDRESS_ID, COUNTRY_COUNTRY_ID, STREET, BUILDING_NUMBER, CITY, POSTAL_CODE) values (59, 1, 'sikma', '1012', 'Tabor', '390 02');
  insert into ADDRESS (ADDRESS_ID, COUNTRY_COUNTRY_ID, STREET, BUILDING_NUMBER, CITY, POSTAL_CODE) values (60, 1, 'Plynarenska', '757', 'Jicin', '506 01');
  insert into ADDRESS (ADDRESS_ID, COUNTRY_COUNTRY_ID, STREET, BUILDING_NUMBER, CITY, POSTAL_CODE) values (61, 1, 'U cerveneho mlyna', '1027', 'Hodonin', '695 01');
  insert into ADDRESS (ADDRESS_ID, COUNTRY_COUNTRY_ID, STREET, BUILDING_NUMBER, CITY, POSTAL_CODE) values (62, 1, 'Narcisova', '199', 'Blansko', '678 01');
  insert into ADDRESS (ADDRESS_ID, COUNTRY_COUNTRY_ID, STREET, BUILDING_NUMBER, CITY, POSTAL_CODE) values (63, 1, 'Tesna', '1169', 'Havlickuv Brod', '580 01');
  insert into ADDRESS (ADDRESS_ID, COUNTRY_COUNTRY_ID, STREET, BUILDING_NUMBER, CITY, POSTAL_CODE) values (64, 1, 'Pastviny', '1411', 'Prerov', '750 02');
  insert into ADDRESS (ADDRESS_ID, COUNTRY_COUNTRY_ID, STREET, BUILDING_NUMBER, CITY, POSTAL_CODE) values (65, 1, 'Klarisky', '1444', 'Opava', '747 81');
  insert into ADDRESS (ADDRESS_ID, COUNTRY_COUNTRY_ID, STREET, BUILDING_NUMBER, CITY, POSTAL_CODE) values (66, 1, 'Pisarecka', '1199', 'Tabor', '390 01');
  insert into ADDRESS (ADDRESS_ID, COUNTRY_COUNTRY_ID, STREET, BUILDING_NUMBER, CITY, POSTAL_CODE) values (67, 1, 'Rotalova', '584', 'ceska Lipa', '471 21');
  insert into ADDRESS (ADDRESS_ID, COUNTRY_COUNTRY_ID, STREET, BUILDING_NUMBER, CITY, POSTAL_CODE) values (68, 1, 'Chudobova', '1536', 'Pisek', '398 11');
  insert into ADDRESS (ADDRESS_ID, COUNTRY_COUNTRY_ID, STREET, BUILDING_NUMBER, CITY, POSTAL_CODE) values (69, 1, 'Rozmarynova', '1708', 'Kladno', '539 01');
  insert into ADDRESS (ADDRESS_ID, COUNTRY_COUNTRY_ID, STREET, BUILDING_NUMBER, CITY, POSTAL_CODE) values (70, 1, 'Mojmirovo namesti', '1178', 'Frydek-Mistek', '739 08');
  insert into ADDRESS (ADDRESS_ID, COUNTRY_COUNTRY_ID, STREET, BUILDING_NUMBER, CITY, POSTAL_CODE) values (71, 1, 'Srnci', '1110', 'Most', '434 01');
  insert into ADDRESS (ADDRESS_ID, COUNTRY_COUNTRY_ID, STREET, BUILDING_NUMBER, CITY, POSTAL_CODE) values (72, 1, 'stolcova', '126', 'Breclav', '690 03');
  insert into ADDRESS (ADDRESS_ID, COUNTRY_COUNTRY_ID, STREET, BUILDING_NUMBER, CITY, POSTAL_CODE) values (73, 1, 'Ostravska', '180', 'Prachatice', '383 01');
  insert into ADDRESS (ADDRESS_ID, COUNTRY_COUNTRY_ID, STREET, BUILDING_NUMBER, CITY, POSTAL_CODE) values (74, 1, 'Salajni', '1498', 'Cheb', '350 02');
  insert into ADDRESS (ADDRESS_ID, COUNTRY_COUNTRY_ID, STREET, BUILDING_NUMBER, CITY, POSTAL_CODE) values (75, 1, 'Kytnerova', '1038', 'Pelhrimov', '393 01');
  insert into ADDRESS (ADDRESS_ID, COUNTRY_COUNTRY_ID, STREET, BUILDING_NUMBER, CITY, POSTAL_CODE) values (76, 1, 'Filkukova', '1263', 'Tabor', '390 01');
  insert into ADDRESS (ADDRESS_ID, COUNTRY_COUNTRY_ID, STREET, BUILDING_NUMBER, CITY, POSTAL_CODE) values (77, 1, 'Listi', '1612', 'Nymburk', '288 02');
  insert into ADDRESS (ADDRESS_ID, COUNTRY_COUNTRY_ID, STREET, BUILDING_NUMBER, CITY, POSTAL_CODE) values (78, 1, 'Kotulanova', '278', 'Uherske Hradiste', '686 06');
  insert into ADDRESS (ADDRESS_ID, COUNTRY_COUNTRY_ID, STREET, BUILDING_NUMBER, CITY, POSTAL_CODE) values (79, 1, 'Marianske udoli', '1805', 'Trebic', '674 03');
  insert into ADDRESS (ADDRESS_ID, COUNTRY_COUNTRY_ID, STREET, BUILDING_NUMBER, CITY, POSTAL_CODE) values (80, 1, 'Koblizna', '1542', 'Jablonec nad Nisou', '466 06');
  insert into ADDRESS (ADDRESS_ID, COUNTRY_COUNTRY_ID, STREET, BUILDING_NUMBER, CITY, POSTAL_CODE) values (81, 1, 'Londynske namesti', '1969', 'Frydek-Mistek', '739 41');
  insert into ADDRESS (ADDRESS_ID, COUNTRY_COUNTRY_ID, STREET, BUILDING_NUMBER, CITY, POSTAL_CODE) values (82, 1, 'Dvorskeho', '1354', 'ceska Lipa', '470 01');
  insert into ADDRESS (ADDRESS_ID, COUNTRY_COUNTRY_ID, STREET, BUILDING_NUMBER, CITY, POSTAL_CODE) values (83, 1, 'V rejich', '272', 'Decin', '405 05');
  insert into ADDRESS (ADDRESS_ID, COUNTRY_COUNTRY_ID, STREET, BUILDING_NUMBER, CITY, POSTAL_CODE) values (84, 1, 'Veletrzni', '1580', 'Benesov', '256 01');
  insert into ADDRESS (ADDRESS_ID, COUNTRY_COUNTRY_ID, STREET, BUILDING_NUMBER, CITY, POSTAL_CODE) values (85, 1, 'Uhlirova', '1659', 'Chrudim', '538 31');
  insert into ADDRESS (ADDRESS_ID, COUNTRY_COUNTRY_ID, STREET, BUILDING_NUMBER, CITY, POSTAL_CODE) values (86, 1, 'Hradilova', '64', 'Karvina', '735 06');
  insert into ADDRESS (ADDRESS_ID, COUNTRY_COUNTRY_ID, STREET, BUILDING_NUMBER, CITY, POSTAL_CODE) values (87, 1, 'Boskovicka', '739', 'ceska Lipa', '470 06');
  insert into ADDRESS (ADDRESS_ID, COUNTRY_COUNTRY_ID, STREET, BUILDING_NUMBER, CITY, POSTAL_CODE) values (88, 1, 'Pahrbek', '1879', 'Vyskov', '682 01');
  insert into ADDRESS (ADDRESS_ID, COUNTRY_COUNTRY_ID, STREET, BUILDING_NUMBER, CITY, POSTAL_CODE) values (89, 1, 'Lucni', '1246', 'Opava', '747 06');
  insert into ADDRESS (ADDRESS_ID, COUNTRY_COUNTRY_ID, STREET, BUILDING_NUMBER, CITY, POSTAL_CODE) values (90, 1, 'Hrbitovni', '1041', 'Znojmo', '669 02');
  insert into ADDRESS (ADDRESS_ID, COUNTRY_COUNTRY_ID, STREET, BUILDING_NUMBER, CITY, POSTAL_CODE) values (91, 1, 'Oranzova', '1016', 'Chrudim', '537 01');
  insert into ADDRESS (ADDRESS_ID, COUNTRY_COUNTRY_ID, STREET, BUILDING_NUMBER, CITY, POSTAL_CODE) values (92, 1, 'Joukalova', '1058', 'Opava', '747 28');
  insert into ADDRESS (ADDRESS_ID, COUNTRY_COUNTRY_ID, STREET, BUILDING_NUMBER, CITY, POSTAL_CODE) values (93, 1, 'zampachova', '751', 'Vsetin', '755 01');
  insert into ADDRESS (ADDRESS_ID, COUNTRY_COUNTRY_ID, STREET, BUILDING_NUMBER, CITY, POSTAL_CODE) values (94, 1, 'Krizkovskeho', '1253', 'Prostejov', '796 01');
  insert into ADDRESS (ADDRESS_ID, COUNTRY_COUNTRY_ID, STREET, BUILDING_NUMBER, CITY, POSTAL_CODE) values (95, 1, 'Jilova', '699', 'Opava', '747 95');
  insert into ADDRESS (ADDRESS_ID, COUNTRY_COUNTRY_ID, STREET, BUILDING_NUMBER, CITY, POSTAL_CODE) values (96, 1, 'Baarovo nabrezi', '890', 'Louny', '440 01');
  insert into ADDRESS (ADDRESS_ID, COUNTRY_COUNTRY_ID, STREET, BUILDING_NUMBER, CITY, POSTAL_CODE) values (97, 1, 'Filipinskeho', '455', 'Tabor', '390 01');
  insert into ADDRESS (ADDRESS_ID, COUNTRY_COUNTRY_ID, STREET, BUILDING_NUMBER, CITY, POSTAL_CODE) values (98, 1, 'Hujickova', '964', 'Trebic', '674 03');
  insert into ADDRESS (ADDRESS_ID, COUNTRY_COUNTRY_ID, STREET, BUILDING_NUMBER, CITY, POSTAL_CODE) values (99, 1, 'Chopinova', '279', 'Decin', '405 02');
  insert into ADDRESS (ADDRESS_ID, COUNTRY_COUNTRY_ID, STREET, BUILDING_NUMBER, CITY, POSTAL_CODE) values (100, 1, 'Palirenska', '1217', 'Opava', '747 70');
  insert into ADDRESS (ADDRESS_ID, COUNTRY_COUNTRY_ID, STREET, BUILDING_NUMBER, CITY, POSTAL_CODE) values (101, 1, 'Delostrelecka', '978', 'Melnik', '277 41');
  insert into ADDRESS (ADDRESS_ID, COUNTRY_COUNTRY_ID, STREET, BUILDING_NUMBER, CITY, POSTAL_CODE) values (102, 1, 'Hlidka', '1317', 'Hodonin', '538 25');
  insert into ADDRESS (ADDRESS_ID, COUNTRY_COUNTRY_ID, STREET, BUILDING_NUMBER, CITY, POSTAL_CODE) values (103, 1, 'Nachova', '1464', 'Tabor', '391 37');
  insert into ADDRESS (ADDRESS_ID, COUNTRY_COUNTRY_ID, STREET, BUILDING_NUMBER, CITY, POSTAL_CODE) values (104, 1, 'Masarova', '1219', 'Decin', '405 02');
  insert into ADDRESS (ADDRESS_ID, COUNTRY_COUNTRY_ID, STREET, BUILDING_NUMBER, CITY, POSTAL_CODE) values (105, 1, 'Sportovni', '1753', 'Novy Jicin', '741 01');
  insert into ADDRESS (ADDRESS_ID, COUNTRY_COUNTRY_ID, STREET, BUILDING_NUMBER, CITY, POSTAL_CODE) values (106, 1, 'Roubalova', '1181', 'Opava', '747 28');
  insert into ADDRESS (ADDRESS_ID, COUNTRY_COUNTRY_ID, STREET, BUILDING_NUMBER, CITY, POSTAL_CODE) values (107, 1, 'Vitaskova', '545', 'Hodonin', '695 01');
  insert into ADDRESS (ADDRESS_ID, COUNTRY_COUNTRY_ID, STREET, BUILDING_NUMBER, CITY, POSTAL_CODE) values (108, 1, 'Pod sidlistem', '575', 'ceska Lipa', '471 21');
  insert into ADDRESS (ADDRESS_ID, COUNTRY_COUNTRY_ID, STREET, BUILDING_NUMBER, CITY, POSTAL_CODE) values (109, 1, 'Samova', '1577', 'Karvina', '735 06');
  insert into ADDRESS (ADDRESS_ID, COUNTRY_COUNTRY_ID, STREET, BUILDING_NUMBER, CITY, POSTAL_CODE) values (110, 1, 'Moravske namesti', '756', 'Blansko', '679 03');
  insert into ADDRESS (ADDRESS_ID, COUNTRY_COUNTRY_ID, STREET, BUILDING_NUMBER, CITY, POSTAL_CODE) values (111, 1, 'Pruhon', '896', 'Uherske Hradiste', '686 01');
  insert into ADDRESS (ADDRESS_ID, COUNTRY_COUNTRY_ID, STREET, BUILDING_NUMBER, CITY, POSTAL_CODE) values (112, 1, 'Kominska', '1216', 'Teplice', '415 01');
  insert into ADDRESS (ADDRESS_ID, COUNTRY_COUNTRY_ID, STREET, BUILDING_NUMBER, CITY, POSTAL_CODE) values (113, 1, 'Houskova', '52', 'Uherske Hradiste', '686 06');
  insert into ADDRESS (ADDRESS_ID, COUNTRY_COUNTRY_ID, STREET, BUILDING_NUMBER, CITY, POSTAL_CODE) values (114, 1, 'Prima', '502', 'Frydek-Mistek', '739 42');
  insert into ADDRESS (ADDRESS_ID, COUNTRY_COUNTRY_ID, STREET, BUILDING_NUMBER, CITY, POSTAL_CODE) values (115, 1, 'Marsikova', '498', 'Kutna Hora', '284 03');
  insert into ADDRESS (ADDRESS_ID, COUNTRY_COUNTRY_ID, STREET, BUILDING_NUMBER, CITY, POSTAL_CODE) values (116, 1, 'sevcenkova', '393', 'Beroun', '266 01');
  insert into ADDRESS (ADDRESS_ID, COUNTRY_COUNTRY_ID, STREET, BUILDING_NUMBER, CITY, POSTAL_CODE) values (117, 1, 'Zemedelska', '1810', 'Beroun', '266 01');
  insert into ADDRESS (ADDRESS_ID, COUNTRY_COUNTRY_ID, STREET, BUILDING_NUMBER, CITY, POSTAL_CODE) values (118, 1, 'Zapletalova', '568', 'sumperk', '787 01');
  insert into ADDRESS (ADDRESS_ID, COUNTRY_COUNTRY_ID, STREET, BUILDING_NUMBER, CITY, POSTAL_CODE) values (119, 1, 'Planinka', '38', 'Pribram', '262 31');
  insert into ADDRESS (ADDRESS_ID, COUNTRY_COUNTRY_ID, STREET, BUILDING_NUMBER, CITY, POSTAL_CODE) values (120, 1, 'spanielova', '681', 'Melnik', '276 01');
  insert into ADDRESS (ADDRESS_ID, COUNTRY_COUNTRY_ID, STREET, BUILDING_NUMBER, CITY, POSTAL_CODE) values (121, 1, 'Korejska', '985', 'cesky Krumlov', '381 01');
  insert into ADDRESS (ADDRESS_ID, COUNTRY_COUNTRY_ID, STREET, BUILDING_NUMBER, CITY, POSTAL_CODE) values (122, 1, 'Malostranska', '870', 'Kutna Hora', '284 04');
  insert into ADDRESS (ADDRESS_ID, COUNTRY_COUNTRY_ID, STREET, BUILDING_NUMBER, CITY, POSTAL_CODE) values (123, 1, 'Palirenska', '1640', 'Blansko', '679 03');
  insert into ADDRESS (ADDRESS_ID, COUNTRY_COUNTRY_ID, STREET, BUILDING_NUMBER, CITY, POSTAL_CODE) values (124, 1, 'Kobylnicka', '1763', 'Prerov', '751 24');
  insert into ADDRESS (ADDRESS_ID, COUNTRY_COUNTRY_ID, STREET, BUILDING_NUMBER, CITY, POSTAL_CODE) values (125, 1, 'Potocni', '1791', 'Frydek-Mistek', '738 01');
  insert into ADDRESS (ADDRESS_ID, COUNTRY_COUNTRY_ID, STREET, BUILDING_NUMBER, CITY, POSTAL_CODE) values (126, 1, 'skarova', '1041', 'Chrudim', '537 05');
  insert into ADDRESS (ADDRESS_ID, COUNTRY_COUNTRY_ID, STREET, BUILDING_NUMBER, CITY, POSTAL_CODE) values (127, 1, 'Mlaty', '1353', 'Prostejov', '798 11');
  insert into ADDRESS (ADDRESS_ID, COUNTRY_COUNTRY_ID, STREET, BUILDING_NUMBER, CITY, POSTAL_CODE) values (128, 1, 'Amerlingova', '1961', 'Jindrichuv Hradec', '377 01');
  insert into ADDRESS (ADDRESS_ID, COUNTRY_COUNTRY_ID, STREET, BUILDING_NUMBER, CITY, POSTAL_CODE) values (129, 1, 'Hlinik', '1567', 'Semily', '512 06');
  insert into ADDRESS (ADDRESS_ID, COUNTRY_COUNTRY_ID, STREET, BUILDING_NUMBER, CITY, POSTAL_CODE) values (130, 1, 'Rybizova', '74', 'Rychnov nad Kneznou', '516 03');
  insert into ADDRESS (ADDRESS_ID, COUNTRY_COUNTRY_ID, STREET, BUILDING_NUMBER, CITY, POSTAL_CODE) values (131, 1, 'Vodova', '672', 'Kladno', '273 09');
  insert into ADDRESS (ADDRESS_ID, COUNTRY_COUNTRY_ID, STREET, BUILDING_NUMBER, CITY, POSTAL_CODE) values (132, 1, 'Vsetickova', '658', 'Hodonin', '679 71');
  insert into ADDRESS (ADDRESS_ID, COUNTRY_COUNTRY_ID, STREET, BUILDING_NUMBER, CITY, POSTAL_CODE) values (133, 1, 'Starobrnenska', '1676', 'Pelhrimov', '393 01');
  insert into ADDRESS (ADDRESS_ID, COUNTRY_COUNTRY_ID, STREET, BUILDING_NUMBER, CITY, POSTAL_CODE) values (134, 1, 'Klajdovska', '1437', 'Hodonin', '679 71');
  insert into ADDRESS (ADDRESS_ID, COUNTRY_COUNTRY_ID, STREET, BUILDING_NUMBER, CITY, POSTAL_CODE) values (135, 1, 'Hlavkova', '1752', 'Jablonec nad Nisou', '466 02');
  insert into ADDRESS (ADDRESS_ID, COUNTRY_COUNTRY_ID, STREET, BUILDING_NUMBER, CITY, POSTAL_CODE) values (136, 1, 'Kliny', '1251', 'Chrudim', '537 01');
  insert into ADDRESS (ADDRESS_ID, COUNTRY_COUNTRY_ID, STREET, BUILDING_NUMBER, CITY, POSTAL_CODE) values (137, 1, 'Novotneho', '1831', 'zdar nad Sazavou', '591 02');
  insert into ADDRESS (ADDRESS_ID, COUNTRY_COUNTRY_ID, STREET, BUILDING_NUMBER, CITY, POSTAL_CODE) values (138, 1, 'Marie Hubnerove', '1844', 'Novy Jicin', '742 57');
  insert into ADDRESS (ADDRESS_ID, COUNTRY_COUNTRY_ID, STREET, BUILDING_NUMBER, CITY, POSTAL_CODE) values (139, 1, 'Mickova', '1911', 'Tabor', '391 37');
  insert into ADDRESS (ADDRESS_ID, COUNTRY_COUNTRY_ID, STREET, BUILDING_NUMBER, CITY, POSTAL_CODE) values (140, 1, 'Koliste', '872', 'Tachov', '347 01');
  insert into ADDRESS (ADDRESS_ID, COUNTRY_COUNTRY_ID, STREET, BUILDING_NUMBER, CITY, POSTAL_CODE) values (141, 1, 'Lesni', '1438', 'Benesov', '679 53');
  insert into ADDRESS (ADDRESS_ID, COUNTRY_COUNTRY_ID, STREET, BUILDING_NUMBER, CITY, POSTAL_CODE) values (142, 1, 'Famerovo namesti', '567', 'Most', '435 02');
  insert into ADDRESS (ADDRESS_ID, COUNTRY_COUNTRY_ID, STREET, BUILDING_NUMBER, CITY, POSTAL_CODE) values (143, 1, 'Tihuvka', '696', 'Benesov', '679 53');
  insert into ADDRESS (ADDRESS_ID, COUNTRY_COUNTRY_ID, STREET, BUILDING_NUMBER, CITY, POSTAL_CODE) values (144, 1, 'Sportovni nabrezi', '1935', 'Kutna Hora', '284 01');
  insert into ADDRESS (ADDRESS_ID, COUNTRY_COUNTRY_ID, STREET, BUILDING_NUMBER, CITY, POSTAL_CODE) values (145, 1, 'Majdalenky', '341', 'Breclav', '691 41');
  insert into ADDRESS (ADDRESS_ID, COUNTRY_COUNTRY_ID, STREET, BUILDING_NUMBER, CITY, POSTAL_CODE) values (146, 1, 'Chelcickeho', '25', 'Znojmo', '671 82');
  insert into ADDRESS (ADDRESS_ID, COUNTRY_COUNTRY_ID, STREET, BUILDING_NUMBER, CITY, POSTAL_CODE) values (147, 1, 'Zemedelska', '933', 'Frydek-Mistek', '738 01');
  insert into ADDRESS (ADDRESS_ID, COUNTRY_COUNTRY_ID, STREET, BUILDING_NUMBER, CITY, POSTAL_CODE) values (148, 1, 'Hradlova', '1001', 'Pisek', '397 01');
  insert into ADDRESS (ADDRESS_ID, COUNTRY_COUNTRY_ID, STREET, BUILDING_NUMBER, CITY, POSTAL_CODE) values (149, 1, 'Revirnikova', '141', 'Jablonec nad Nisou', '466 01');
  insert into ADDRESS (ADDRESS_ID, COUNTRY_COUNTRY_ID, STREET, BUILDING_NUMBER, CITY, POSTAL_CODE) values (150, 1, 'Vomackova', '380', 'Nymburk', '288 02');
  insert into ADDRESS (ADDRESS_ID, COUNTRY_COUNTRY_ID, STREET, BUILDING_NUMBER, CITY, POSTAL_CODE) values (151, 1, 'Kluchova', '1074', 'Beroun', '266 01');
  insert into ADDRESS (ADDRESS_ID, COUNTRY_COUNTRY_ID, STREET, BUILDING_NUMBER, CITY, POSTAL_CODE) values (152, 1, 'Vrbova', '884', 'Pisek', '398 11');
  insert into ADDRESS (ADDRESS_ID, COUNTRY_COUNTRY_ID, STREET, BUILDING_NUMBER, CITY, POSTAL_CODE) values (153, 1, 'Kninicska', '338', 'Bruntal', '792 01');
  insert into ADDRESS (ADDRESS_ID, COUNTRY_COUNTRY_ID, STREET, BUILDING_NUMBER, CITY, POSTAL_CODE) values (154, 1, 'Chureho', '1764', 'Kladno', '273 09');
  insert into ADDRESS (ADDRESS_ID, COUNTRY_COUNTRY_ID, STREET, BUILDING_NUMBER, CITY, POSTAL_CODE) values (155, 1, 'Krejciho', '1139', 'Kladno', '539 01');
  insert into ADDRESS (ADDRESS_ID, COUNTRY_COUNTRY_ID, STREET, BUILDING_NUMBER, CITY, POSTAL_CODE) values (156, 1, 'Jubilejni', '1789', 'Pribram', '262 31');
  insert into ADDRESS (ADDRESS_ID, COUNTRY_COUNTRY_ID, STREET, BUILDING_NUMBER, CITY, POSTAL_CODE) values (157, 1, 'Jana Broskvy', '674', 'Kladno', '273 41');
  insert into ADDRESS (ADDRESS_ID, COUNTRY_COUNTRY_ID, STREET, BUILDING_NUMBER, CITY, POSTAL_CODE) values (158, 1, 'Vysoka', '442', 'zdar nad Sazavou', '591 02');
  insert into ADDRESS (ADDRESS_ID, COUNTRY_COUNTRY_ID, STREET, BUILDING_NUMBER, CITY, POSTAL_CODE) values (159, 1, 'Wainerovo namesti', '418', 'Opava', '747 95');
  insert into ADDRESS (ADDRESS_ID, COUNTRY_COUNTRY_ID, STREET, BUILDING_NUMBER, CITY, POSTAL_CODE) values (160, 1, 'Hogrova', '1813', 'sumperk', '787 01');
  insert into ADDRESS (ADDRESS_ID, COUNTRY_COUNTRY_ID, STREET, BUILDING_NUMBER, CITY, POSTAL_CODE) values (161, 1, 'Jirovcova', '759', 'Chrudim', '538 31');
  insert into ADDRESS (ADDRESS_ID, COUNTRY_COUNTRY_ID, STREET, BUILDING_NUMBER, CITY, POSTAL_CODE) values (162, 1, 'udolni', '589', 'Opava', '747 06');
  insert into ADDRESS (ADDRESS_ID, COUNTRY_COUNTRY_ID, STREET, BUILDING_NUMBER, CITY, POSTAL_CODE) values (163, 1, 'Rozcesti', '1612', 'Karvina', '735 06');
  insert into ADDRESS (ADDRESS_ID, COUNTRY_COUNTRY_ID, STREET, BUILDING_NUMBER, CITY, POSTAL_CODE) values (164, 1, 'Karoliny Svetle', '683', 'Hodonin', '679 71');
  insert into ADDRESS (ADDRESS_ID, COUNTRY_COUNTRY_ID, STREET, BUILDING_NUMBER, CITY, POSTAL_CODE) values (165, 1, 'zluty kopec', '401', 'Nymburk', '289 13');
  insert into ADDRESS (ADDRESS_ID, COUNTRY_COUNTRY_ID, STREET, BUILDING_NUMBER, CITY, POSTAL_CODE) values (166, 1, 'Zeleneho', '392', 'Kladno', '273 09');
  insert into ADDRESS (ADDRESS_ID, COUNTRY_COUNTRY_ID, STREET, BUILDING_NUMBER, CITY, POSTAL_CODE) values (167, 1, 'Jehlicnata', '1474', 'zdar nad Sazavou', '591 02');
  insert into ADDRESS (ADDRESS_ID, COUNTRY_COUNTRY_ID, STREET, BUILDING_NUMBER, CITY, POSTAL_CODE) values (168, 1, 'Hujickova', '277', 'usti nad Orlici', '562 01');
  insert into ADDRESS (ADDRESS_ID, COUNTRY_COUNTRY_ID, STREET, BUILDING_NUMBER, CITY, POSTAL_CODE) values (169, 1, 'Maresova', '1890', 'Bruntal', '792 01');
  insert into ADDRESS (ADDRESS_ID, COUNTRY_COUNTRY_ID, STREET, BUILDING_NUMBER, CITY, POSTAL_CODE) values (170, 1, 'Stojanova', '1505', 'Cheb', '350 02');
  insert into ADDRESS (ADDRESS_ID, COUNTRY_COUNTRY_ID, STREET, BUILDING_NUMBER, CITY, POSTAL_CODE) values (171, 1, 'Hladikova', '1293', 'Chomutov', '430 01');
  insert into ADDRESS (ADDRESS_ID, COUNTRY_COUNTRY_ID, STREET, BUILDING_NUMBER, CITY, POSTAL_CODE) values (172, 1, 'Erbenova', '1822', 'Prerov', '750 02');
  insert into ADDRESS (ADDRESS_ID, COUNTRY_COUNTRY_ID, STREET, BUILDING_NUMBER, CITY, POSTAL_CODE) values (173, 1, 'Na Kopaninach', '565', 'zdar nad Sazavou', '591 02');
  insert into ADDRESS (ADDRESS_ID, COUNTRY_COUNTRY_ID, STREET, BUILDING_NUMBER, CITY, POSTAL_CODE) values (174, 1, 'Zvonkova', '1093', 'Kutna Hora', '284 03');
  insert into ADDRESS (ADDRESS_ID, COUNTRY_COUNTRY_ID, STREET, BUILDING_NUMBER, CITY, POSTAL_CODE) values (175, 1, 'Celni', '494', 'Trutnov', '541 02');
  insert into ADDRESS (ADDRESS_ID, COUNTRY_COUNTRY_ID, STREET, BUILDING_NUMBER, CITY, POSTAL_CODE) values (176, 1, 'Talichova', '1645', 'Opava', '747 81');
  insert into ADDRESS (ADDRESS_ID, COUNTRY_COUNTRY_ID, STREET, BUILDING_NUMBER, CITY, POSTAL_CODE) values (177, 1, 'Basneho', '1488', 'Tabor', '390 03');
  insert into ADDRESS (ADDRESS_ID, COUNTRY_COUNTRY_ID, STREET, BUILDING_NUMBER, CITY, POSTAL_CODE) values (178, 1, 'Gorkeho', '1245', 'usti nad Orlici', '562 04');
  insert into ADDRESS (ADDRESS_ID, COUNTRY_COUNTRY_ID, STREET, BUILDING_NUMBER, CITY, POSTAL_CODE) values (179, 1, 'Bocni', '1139', 'Decin', '407 11');
  insert into ADDRESS (ADDRESS_ID, COUNTRY_COUNTRY_ID, STREET, BUILDING_NUMBER, CITY, POSTAL_CODE) values (180, 1, 'Zkratka', '44', 'Breclav', '691 44');
  insert into ADDRESS (ADDRESS_ID, COUNTRY_COUNTRY_ID, STREET, BUILDING_NUMBER, CITY, POSTAL_CODE) values (181, 1, 'V tisine', '890', 'Chomutov', '430 04');
  insert into ADDRESS (ADDRESS_ID, COUNTRY_COUNTRY_ID, STREET, BUILDING_NUMBER, CITY, POSTAL_CODE) values (182, 1, 'Radlas', '642', 'Blansko', '679 03');
  insert into ADDRESS (ADDRESS_ID, COUNTRY_COUNTRY_ID, STREET, BUILDING_NUMBER, CITY, POSTAL_CODE) values (183, 1, 'Vsetickova', '863', 'Pisek', '503 51');
  insert into ADDRESS (ADDRESS_ID, COUNTRY_COUNTRY_ID, STREET, BUILDING_NUMBER, CITY, POSTAL_CODE) values (184, 1, 'Rozmarynova', '1653', 'Pelhrimov', '393 01');
  insert into ADDRESS (ADDRESS_ID, COUNTRY_COUNTRY_ID, STREET, BUILDING_NUMBER, CITY, POSTAL_CODE) values (185, 1, 'Vackova', '573', 'Kutna Hora', '284 04');
  insert into ADDRESS (ADDRESS_ID, COUNTRY_COUNTRY_ID, STREET, BUILDING_NUMBER, CITY, POSTAL_CODE) values (186, 1, 'Perunova', '1853', 'Chrudim', '537 01');
  insert into ADDRESS (ADDRESS_ID, COUNTRY_COUNTRY_ID, STREET, BUILDING_NUMBER, CITY, POSTAL_CODE) values (187, 1, 'Mysliveckova', '1897', 'Karvina', '733 01');
  insert into ADDRESS (ADDRESS_ID, COUNTRY_COUNTRY_ID, STREET, BUILDING_NUMBER, CITY, POSTAL_CODE) values (188, 1, 'Pusty', '1207', 'Cheb', '350 02');
  insert into ADDRESS (ADDRESS_ID, COUNTRY_COUNTRY_ID, STREET, BUILDING_NUMBER, CITY, POSTAL_CODE) values (189, 1, 'Mosnova', '1632', 'Znojmo', '671 51');
  insert into ADDRESS (ADDRESS_ID, COUNTRY_COUNTRY_ID, STREET, BUILDING_NUMBER, CITY, POSTAL_CODE) values (190, 1, 'Nevrklova', '992', 'Znojmo', '669 04');
  insert into ADDRESS (ADDRESS_ID, COUNTRY_COUNTRY_ID, STREET, BUILDING_NUMBER, CITY, POSTAL_CODE) values (191, 1, 'Nadacni', '1131', 'Decin', '407 11');
  insert into ADDRESS (ADDRESS_ID, COUNTRY_COUNTRY_ID, STREET, BUILDING_NUMBER, CITY, POSTAL_CODE) values (192, 1, 'Kocanovska', '220', 'Jablonec nad Nisou', '468 04');
  insert into ADDRESS (ADDRESS_ID, COUNTRY_COUNTRY_ID, STREET, BUILDING_NUMBER, CITY, POSTAL_CODE) values (193, 1, 'Sabinova', '1220', 'Rokycany', '337 01');
  insert into ADDRESS (ADDRESS_ID, COUNTRY_COUNTRY_ID, STREET, BUILDING_NUMBER, CITY, POSTAL_CODE) values (194, 1, 'Havlenova', '469', 'Opava', '747 81');
  insert into ADDRESS (ADDRESS_ID, COUNTRY_COUNTRY_ID, STREET, BUILDING_NUMBER, CITY, POSTAL_CODE) values (195, 1, 'zebetinek', '1258', 'Kutna Hora', '285 32');
  insert into ADDRESS (ADDRESS_ID, COUNTRY_COUNTRY_ID, STREET, BUILDING_NUMBER, CITY, POSTAL_CODE) values (196, 1, 'Domazlicka', '1155', 'Opava', '747 05');
  insert into ADDRESS (ADDRESS_ID, COUNTRY_COUNTRY_ID, STREET, BUILDING_NUMBER, CITY, POSTAL_CODE) values (197, 1, 'Mickova', '589', 'Uherske Hradiste', '686 06');
  insert into ADDRESS (ADDRESS_ID, COUNTRY_COUNTRY_ID, STREET, BUILDING_NUMBER, CITY, POSTAL_CODE) values (198, 1, 'Nesverova', '1982', 'Trebic', '674 02');
  insert into ADDRESS (ADDRESS_ID, COUNTRY_COUNTRY_ID, STREET, BUILDING_NUMBER, CITY, POSTAL_CODE) values (199, 1, 'Luciny', '128', 'Opava', '747 73');
  insert into ADDRESS (ADDRESS_ID, COUNTRY_COUNTRY_ID, STREET, BUILDING_NUMBER, CITY, POSTAL_CODE) values (200, 1, 'Bartosova', '736', 'Opava', '747 70');
  insert into ADDRESS (ADDRESS_ID, COUNTRY_COUNTRY_ID, STREET, BUILDING_NUMBER, CITY, POSTAL_CODE) values (201, 1, 'Pruhon', '1691', 'Breclav', '690 02');
  insert into ADDRESS (ADDRESS_ID, COUNTRY_COUNTRY_ID, STREET, BUILDING_NUMBER, CITY, POSTAL_CODE) values (202, 1, 'Kostalova', '1565', 'Jablonec nad Nisou', '468 04');
  insert into ADDRESS (ADDRESS_ID, COUNTRY_COUNTRY_ID, STREET, BUILDING_NUMBER, CITY, POSTAL_CODE) values (203, 1, 'Padeliky', '1952', 'Tabor', '390 05');
  insert into ADDRESS (ADDRESS_ID, COUNTRY_COUNTRY_ID, STREET, BUILDING_NUMBER, CITY, POSTAL_CODE) values (204, 1, 'Sobotkova', '548', 'Svitavy', '568 02');
  insert into ADDRESS (ADDRESS_ID, COUNTRY_COUNTRY_ID, STREET, BUILDING_NUMBER, CITY, POSTAL_CODE) values (205, 1, 'Vyzkumni', '876', 'Prerov', '750 02');
  insert into ADDRESS (ADDRESS_ID, COUNTRY_COUNTRY_ID, STREET, BUILDING_NUMBER, CITY, POSTAL_CODE) values (206, 1, 'Jirankova', '1612', 'Teplice', '415 03');
  insert into ADDRESS (ADDRESS_ID, COUNTRY_COUNTRY_ID, STREET, BUILDING_NUMBER, CITY, POSTAL_CODE) values (207, 1, 'ulice 1. kvetna', '1054', 'Frydek-Mistek', '739 41');
  insert into ADDRESS (ADDRESS_ID, COUNTRY_COUNTRY_ID, STREET, BUILDING_NUMBER, CITY, POSTAL_CODE) values (208, 1, 'Parezi', '1857', 'Jablonec nad Nisou', '468 04');
  insert into ADDRESS (ADDRESS_ID, COUNTRY_COUNTRY_ID, STREET, BUILDING_NUMBER, CITY, POSTAL_CODE) values (209, 1, 'Ticheho', '571', 'Tabor', '390 01');
  insert into ADDRESS (ADDRESS_ID, COUNTRY_COUNTRY_ID, STREET, BUILDING_NUMBER, CITY, POSTAL_CODE) values (210, 1, 'Jaroslava Foglara', '222', 'Kutna Hora', '284 03');
  insert into ADDRESS (ADDRESS_ID, COUNTRY_COUNTRY_ID, STREET, BUILDING_NUMBER, CITY, POSTAL_CODE) values (211, 1, 'Bratislavska', '629', 'Teplice', '415 03');
  insert into ADDRESS (ADDRESS_ID, COUNTRY_COUNTRY_ID, STREET, BUILDING_NUMBER, CITY, POSTAL_CODE) values (212, 1, 'skarova', '1799', 'Decin', '407 11');
  insert into ADDRESS (ADDRESS_ID, COUNTRY_COUNTRY_ID, STREET, BUILDING_NUMBER, CITY, POSTAL_CODE) values (213, 1, 'Chochola', '390', 'Prerov', '751 27');
  insert into ADDRESS (ADDRESS_ID, COUNTRY_COUNTRY_ID, STREET, BUILDING_NUMBER, CITY, POSTAL_CODE) values (214, 1, 'Mendlovo namesti', '1965', 'Nymburk', '289 13');
  insert into ADDRESS (ADDRESS_ID, COUNTRY_COUNTRY_ID, STREET, BUILDING_NUMBER, CITY, POSTAL_CODE) values (215, 1, 'Tumova', '1104', 'cesky Krumlov', '381 01');
  insert into ADDRESS (ADDRESS_ID, COUNTRY_COUNTRY_ID, STREET, BUILDING_NUMBER, CITY, POSTAL_CODE) values (216, 1, 'Pionyrska', '1167', 'Novy Jicin', '742 57');
  insert into ADDRESS (ADDRESS_ID, COUNTRY_COUNTRY_ID, STREET, BUILDING_NUMBER, CITY, POSTAL_CODE) values (217, 1, 'Pod hajkem', '1426', 'Blansko', '678 01');
  insert into ADDRESS (ADDRESS_ID, COUNTRY_COUNTRY_ID, STREET, BUILDING_NUMBER, CITY, POSTAL_CODE) values (218, 1, 'Evropska', '1846', 'Tabor', '390 03');
  insert into ADDRESS (ADDRESS_ID, COUNTRY_COUNTRY_ID, STREET, BUILDING_NUMBER, CITY, POSTAL_CODE) values (219, 1, 'Adamovska', '1435', 'zdar nad Sazavou', '591 02');
  insert into ADDRESS (ADDRESS_ID, COUNTRY_COUNTRY_ID, STREET, BUILDING_NUMBER, CITY, POSTAL_CODE) values (220, 1, 'namesti Miru', '76', 'Rokycany', '337 01');
  insert into ADDRESS (ADDRESS_ID, COUNTRY_COUNTRY_ID, STREET, BUILDING_NUMBER, CITY, POSTAL_CODE) values (221, 1, 'Irkutska', '621', 'Prachatice', '383 01');
  insert into ADDRESS (ADDRESS_ID, COUNTRY_COUNTRY_ID, STREET, BUILDING_NUMBER, CITY, POSTAL_CODE) values (222, 1, 'Voriskova', '928', 'ceska Lipa', '471 21');
  insert into ADDRESS (ADDRESS_ID, COUNTRY_COUNTRY_ID, STREET, BUILDING_NUMBER, CITY, POSTAL_CODE) values (223, 1, 'ricni', '659', 'Frydek-Mistek', '739 51');
  insert into ADDRESS (ADDRESS_ID, COUNTRY_COUNTRY_ID, STREET, BUILDING_NUMBER, CITY, POSTAL_CODE) values (224, 1, 'Bylinkova', '1108', 'Bruntal', '792 01');
  insert into ADDRESS (ADDRESS_ID, COUNTRY_COUNTRY_ID, STREET, BUILDING_NUMBER, CITY, POSTAL_CODE) values (225, 1, 'Tabor', '127', 'Louny', '440 01');
  insert into ADDRESS (ADDRESS_ID, COUNTRY_COUNTRY_ID, STREET, BUILDING_NUMBER, CITY, POSTAL_CODE) values (226, 1, 'Letni', '1961', 'Rakovnik', '270 36');
  insert into ADDRESS (ADDRESS_ID, COUNTRY_COUNTRY_ID, STREET, BUILDING_NUMBER, CITY, POSTAL_CODE) values (227, 1, 'Dvorakova', '812', 'Kutna Hora', '285 32');
  insert into ADDRESS (ADDRESS_ID, COUNTRY_COUNTRY_ID, STREET, BUILDING_NUMBER, CITY, POSTAL_CODE) values (228, 1, 'Majova', '1283', 'Jablonec nad Nisou', '468 01');
  insert into ADDRESS (ADDRESS_ID, COUNTRY_COUNTRY_ID, STREET, BUILDING_NUMBER, CITY, POSTAL_CODE) values (229, 1, 'Soudni', '1579', 'Jablonec nad Nisou', '468 04');
  insert into ADDRESS (ADDRESS_ID, COUNTRY_COUNTRY_ID, STREET, BUILDING_NUMBER, CITY, POSTAL_CODE) values (230, 1, 'Santiniho', '599', 'Semily', '512 06');
  insert into ADDRESS (ADDRESS_ID, COUNTRY_COUNTRY_ID, STREET, BUILDING_NUMBER, CITY, POSTAL_CODE) values (231, 1, 'Puskinova', '189', 'Cheb', '350 02');
  insert into ADDRESS (ADDRESS_ID, COUNTRY_COUNTRY_ID, STREET, BUILDING_NUMBER, CITY, POSTAL_CODE) values (232, 1, 'Elgartova', '657', 'Opava', '747 28');
  insert into ADDRESS (ADDRESS_ID, COUNTRY_COUNTRY_ID, STREET, BUILDING_NUMBER, CITY, POSTAL_CODE) values (233, 1, 'Slatinske namesti', '1069', 'Breclav', '691 44');
  insert into ADDRESS (ADDRESS_ID, COUNTRY_COUNTRY_ID, STREET, BUILDING_NUMBER, CITY, POSTAL_CODE) values (234, 1, 'Jirankova', '416', 'Prostejov', '798 11');
  insert into ADDRESS (ADDRESS_ID, COUNTRY_COUNTRY_ID, STREET, BUILDING_NUMBER, CITY, POSTAL_CODE) values (235, 1, 'Pernstejnska', '1342', 'ceska Lipa', '470 01');
  insert into ADDRESS (ADDRESS_ID, COUNTRY_COUNTRY_ID, STREET, BUILDING_NUMBER, CITY, POSTAL_CODE) values (236, 1, 'Kuklenska', '1782', 'usti nad Orlici', '562 04');
  insert into ADDRESS (ADDRESS_ID, COUNTRY_COUNTRY_ID, STREET, BUILDING_NUMBER, CITY, POSTAL_CODE) values (237, 1, 'Drevarska', '794', 'Benesov', '256 01');
  insert into ADDRESS (ADDRESS_ID, COUNTRY_COUNTRY_ID, STREET, BUILDING_NUMBER, CITY, POSTAL_CODE) values (238, 1, 'Smrckova', '823', 'Jablonec nad Nisou', '466 06');
  insert into ADDRESS (ADDRESS_ID, COUNTRY_COUNTRY_ID, STREET, BUILDING_NUMBER, CITY, POSTAL_CODE) values (239, 1, 'Rooseveltova', '1810', 'Nymburk', '288 02');
  insert into ADDRESS (ADDRESS_ID, COUNTRY_COUNTRY_ID, STREET, BUILDING_NUMBER, CITY, POSTAL_CODE) values (240, 1, 'namesti 28. rijna', '1262', 'Prachatice', '383 01');
  insert into ADDRESS (ADDRESS_ID, COUNTRY_COUNTRY_ID, STREET, BUILDING_NUMBER, CITY, POSTAL_CODE) values (241, 1, 'trida Generala Piky', '1906', 'Breclav', '690 03');
  insert into ADDRESS (ADDRESS_ID, COUNTRY_COUNTRY_ID, STREET, BUILDING_NUMBER, CITY, POSTAL_CODE) values (242, 1, 'Na navsi', '1170', 'Karvina', '734 01');
  insert into ADDRESS (ADDRESS_ID, COUNTRY_COUNTRY_ID, STREET, BUILDING_NUMBER, CITY, POSTAL_CODE) values (243, 1, 'Krkoskova', '1233', 'Karvina', '735 03');
  insert into ADDRESS (ADDRESS_ID, COUNTRY_COUNTRY_ID, STREET, BUILDING_NUMBER, CITY, POSTAL_CODE) values (244, 1, 'rezacova', '150', 'Znojmo', '671 28');
  insert into ADDRESS (ADDRESS_ID, COUNTRY_COUNTRY_ID, STREET, BUILDING_NUMBER, CITY, POSTAL_CODE) values (245, 1, 'Na rychte', '780', 'Kutna Hora', '284 01');
  insert into ADDRESS (ADDRESS_ID, COUNTRY_COUNTRY_ID, STREET, BUILDING_NUMBER, CITY, POSTAL_CODE) values (246, 1, 'Sobotkova', '1425', 'Chrudim', '537 03');
  insert into ADDRESS (ADDRESS_ID, COUNTRY_COUNTRY_ID, STREET, BUILDING_NUMBER, CITY, POSTAL_CODE) values (247, 1, 'Kaminky', '1552', 'Opava', '747 07');
  insert into ADDRESS (ADDRESS_ID, COUNTRY_COUNTRY_ID, STREET, BUILDING_NUMBER, CITY, POSTAL_CODE) values (248, 1, 'Edisonova', '478', 'Trutnov', '541 01');
  insert into ADDRESS (ADDRESS_ID, COUNTRY_COUNTRY_ID, STREET, BUILDING_NUMBER, CITY, POSTAL_CODE) values (249, 1, 'svestkova', '1174', 'Kladno', '539 01');
  insert into ADDRESS (ADDRESS_ID, COUNTRY_COUNTRY_ID, STREET, BUILDING_NUMBER, CITY, POSTAL_CODE) values (250, 1, 'namesti Svornosti', '1060', 'Frydek-Mistek', '738 01');
  insert into ADDRESS (ADDRESS_ID, COUNTRY_COUNTRY_ID, STREET, BUILDING_NUMBER, CITY, POSTAL_CODE) values (251, 1, 'Antala Staska', '324', 'Svitavy', '568 02');
  insert into ADDRESS (ADDRESS_ID, COUNTRY_COUNTRY_ID, STREET, BUILDING_NUMBER, CITY, POSTAL_CODE) values (252, 1, 'sestakova', '1145', 'Uherske Hradiste', '686 05');
  insert into ADDRESS (ADDRESS_ID, COUNTRY_COUNTRY_ID, STREET, BUILDING_NUMBER, CITY, POSTAL_CODE) values (253, 1, 'Farskeho', '943', 'Vyskov', '682 01');
  insert into ADDRESS (ADDRESS_ID, COUNTRY_COUNTRY_ID, STREET, BUILDING_NUMBER, CITY, POSTAL_CODE) values (254, 1, 'Neklez', '91', 'sumperk', '787 01');
  insert into ADDRESS (ADDRESS_ID, COUNTRY_COUNTRY_ID, STREET, BUILDING_NUMBER, CITY, POSTAL_CODE) values (255, 1, 'Rotreklova', '648', 'Uherske Hradiste', '686 06');
  insert into ADDRESS (ADDRESS_ID, COUNTRY_COUNTRY_ID, STREET, BUILDING_NUMBER, CITY, POSTAL_CODE) values (256, 1, 'Metodejova', '1091', 'Znojmo', '671 82');
  insert into ADDRESS (ADDRESS_ID, COUNTRY_COUNTRY_ID, STREET, BUILDING_NUMBER, CITY, POSTAL_CODE) values (257, 1, 'Beloruska', '202', 'Znojmo', '669 04');
  insert into ADDRESS (ADDRESS_ID, COUNTRY_COUNTRY_ID, STREET, BUILDING_NUMBER, CITY, POSTAL_CODE) values (258, 1, 'Studanka', '533', 'Novy Jicin', '741 01');
  insert into ADDRESS (ADDRESS_ID, COUNTRY_COUNTRY_ID, STREET, BUILDING_NUMBER, CITY, POSTAL_CODE) values (259, 1, 'Kubova', '1540', 'Kladno', '273 41');
  insert into ADDRESS (ADDRESS_ID, COUNTRY_COUNTRY_ID, STREET, BUILDING_NUMBER, CITY, POSTAL_CODE) values (260, 1, 'Kovarenska', '1238', 'Melnik', '277 31');
  insert into ADDRESS (ADDRESS_ID, COUNTRY_COUNTRY_ID, STREET, BUILDING_NUMBER, CITY, POSTAL_CODE) values (261, 1, 'Polivkova', '878', 'zdar nad Sazavou', '591 02');
  insert into ADDRESS (ADDRESS_ID, COUNTRY_COUNTRY_ID, STREET, BUILDING_NUMBER, CITY, POSTAL_CODE) values (262, 1, 'Jezuitska', '668', 'Pribram', '262 31');
  insert into ADDRESS (ADDRESS_ID, COUNTRY_COUNTRY_ID, STREET, BUILDING_NUMBER, CITY, POSTAL_CODE) values (263, 1, 'Nezvalova', '450', 'Pisek', '739 84');
  insert into ADDRESS (ADDRESS_ID, COUNTRY_COUNTRY_ID, STREET, BUILDING_NUMBER, CITY, POSTAL_CODE) values (264, 1, 'U Mostku', '1045', 'Jesenik', '790 01');
  insert into ADDRESS (ADDRESS_ID, COUNTRY_COUNTRY_ID, STREET, BUILDING_NUMBER, CITY, POSTAL_CODE) values (265, 1, 'Kridlovicka', '963', 'Jablonec nad Nisou', '466 02');
  insert into ADDRESS (ADDRESS_ID, COUNTRY_COUNTRY_ID, STREET, BUILDING_NUMBER, CITY, POSTAL_CODE) values (266, 1, 'Hubrova', '614', 'usti nad Orlici', '562 04');
  insert into ADDRESS (ADDRESS_ID, COUNTRY_COUNTRY_ID, STREET, BUILDING_NUMBER, CITY, POSTAL_CODE) values (267, 1, 'Masarykova', '1986', 'Tabor', '390 02');
  insert into ADDRESS (ADDRESS_ID, COUNTRY_COUNTRY_ID, STREET, BUILDING_NUMBER, CITY, POSTAL_CODE) values (268, 1, 'Zemedelska', '751', 'Trutnov', '541 02');
  insert into ADDRESS (ADDRESS_ID, COUNTRY_COUNTRY_ID, STREET, BUILDING_NUMBER, CITY, POSTAL_CODE) values (269, 1, 'cernohorska', '1754', 'zdar nad Sazavou', '591 01');
  insert into ADDRESS (ADDRESS_ID, COUNTRY_COUNTRY_ID, STREET, BUILDING_NUMBER, CITY, POSTAL_CODE) values (270, 1, 'Bacovskeho', '160', 'Tabor', '391 11');
  insert into ADDRESS (ADDRESS_ID, COUNTRY_COUNTRY_ID, STREET, BUILDING_NUMBER, CITY, POSTAL_CODE) values (271, 1, 'Vesela', '782', 'Domazlice', '344 01');
  insert into ADDRESS (ADDRESS_ID, COUNTRY_COUNTRY_ID, STREET, BUILDING_NUMBER, CITY, POSTAL_CODE) values (272, 1, 'Za skolou', '1611', 'ceska Lipa', '471 21');
  insert into ADDRESS (ADDRESS_ID, COUNTRY_COUNTRY_ID, STREET, BUILDING_NUMBER, CITY, POSTAL_CODE) values (273, 1, 'Slepa', '415', 'Tabor', '390 02');
  insert into ADDRESS (ADDRESS_ID, COUNTRY_COUNTRY_ID, STREET, BUILDING_NUMBER, CITY, POSTAL_CODE) values (274, 1, 'V Piskach', '1441', 'Opava', '747 05');
  insert into ADDRESS (ADDRESS_ID, COUNTRY_COUNTRY_ID, STREET, BUILDING_NUMBER, CITY, POSTAL_CODE) values (275, 1, 'Chleboradova', '1508', 'Karvina', '735 03');
  insert into ADDRESS (ADDRESS_ID, COUNTRY_COUNTRY_ID, STREET, BUILDING_NUMBER, CITY, POSTAL_CODE) values (276, 1, 'Hlavkova', '1359', 'usti nad Orlici', '562 03');
  insert into ADDRESS (ADDRESS_ID, COUNTRY_COUNTRY_ID, STREET, BUILDING_NUMBER, CITY, POSTAL_CODE) values (277, 1, 'bratri Kricku', '236', 'Opava', '747 95');
  insert into ADDRESS (ADDRESS_ID, COUNTRY_COUNTRY_ID, STREET, BUILDING_NUMBER, CITY, POSTAL_CODE) values (278, 1, 'Podveska', '832', 'Strakonice', '386 01');
  insert into ADDRESS (ADDRESS_ID, COUNTRY_COUNTRY_ID, STREET, BUILDING_NUMBER, CITY, POSTAL_CODE) values (279, 1, 'Hrazni', '1646', 'Svitavy', '568 02');
  insert into ADDRESS (ADDRESS_ID, COUNTRY_COUNTRY_ID, STREET, BUILDING_NUMBER, CITY, POSTAL_CODE) values (280, 1, 'Krivankovo namesti', '1862', 'Decin', '405 02');
  insert into ADDRESS (ADDRESS_ID, COUNTRY_COUNTRY_ID, STREET, BUILDING_NUMBER, CITY, POSTAL_CODE) values (281, 1, 'Ferrerova', '167', 'Breclav', '691 46');
  insert into ADDRESS (ADDRESS_ID, COUNTRY_COUNTRY_ID, STREET, BUILDING_NUMBER, CITY, POSTAL_CODE) values (282, 1, 'Severni', '619', 'Kutna Hora', '284 04');
  insert into ADDRESS (ADDRESS_ID, COUNTRY_COUNTRY_ID, STREET, BUILDING_NUMBER, CITY, POSTAL_CODE) values (283, 1, 'stefanikova', '477', 'Blansko', '678 01');
  insert into ADDRESS (ADDRESS_ID, COUNTRY_COUNTRY_ID, STREET, BUILDING_NUMBER, CITY, POSTAL_CODE) values (284, 1, 'Valcha', '1157', 'Semily', '512 06');
  insert into ADDRESS (ADDRESS_ID, COUNTRY_COUNTRY_ID, STREET, BUILDING_NUMBER, CITY, POSTAL_CODE) values (285, 1, 'Zahradnicka', '640', 'Chomutov', '430 03');
  insert into ADDRESS (ADDRESS_ID, COUNTRY_COUNTRY_ID, STREET, BUILDING_NUMBER, CITY, POSTAL_CODE) values (286, 1, 'Kratka', '770', 'Semily', '512 06');
  insert into ADDRESS (ADDRESS_ID, COUNTRY_COUNTRY_ID, STREET, BUILDING_NUMBER, CITY, POSTAL_CODE) values (287, 1, 'Nove Nivky', '402', 'Breclav', '691 41');
  insert into ADDRESS (ADDRESS_ID, COUNTRY_COUNTRY_ID, STREET, BUILDING_NUMBER, CITY, POSTAL_CODE) values (288, 1, 'Chopinova', '1875', 'zdar nad Sazavou', '591 01');
  insert into ADDRESS (ADDRESS_ID, COUNTRY_COUNTRY_ID, STREET, BUILDING_NUMBER, CITY, POSTAL_CODE) values (289, 1, 'Vodni', '236', 'Pribram', '262 31');
  insert into ADDRESS (ADDRESS_ID, COUNTRY_COUNTRY_ID, STREET, BUILDING_NUMBER, CITY, POSTAL_CODE) values (290, 1, 'Calabkova', '1771', 'Svitavy', '568 02');
  insert into ADDRESS (ADDRESS_ID, COUNTRY_COUNTRY_ID, STREET, BUILDING_NUMBER, CITY, POSTAL_CODE) values (291, 1, 'Venhudova', '108', 'Havlickuv Brod', '580 01');
  insert into ADDRESS (ADDRESS_ID, COUNTRY_COUNTRY_ID, STREET, BUILDING_NUMBER, CITY, POSTAL_CODE) values (292, 1, 'K sidlisti', '741', 'Trutnov', '542 32');
  insert into ADDRESS (ADDRESS_ID, COUNTRY_COUNTRY_ID, STREET, BUILDING_NUMBER, CITY, POSTAL_CODE) values (293, 1, 'Na kovarne', '1592', 'Jablonec nad Nisou', '466 01');
  insert into ADDRESS (ADDRESS_ID, COUNTRY_COUNTRY_ID, STREET, BUILDING_NUMBER, CITY, POSTAL_CODE) values (294, 1, 'Zlamanky', '1072', 'Havlickuv Brod', '580 01');
  insert into ADDRESS (ADDRESS_ID, COUNTRY_COUNTRY_ID, STREET, BUILDING_NUMBER, CITY, POSTAL_CODE) values (295, 1, 'Krizova', '1283', 'Uherske Hradiste', '686 01');
  insert into ADDRESS (ADDRESS_ID, COUNTRY_COUNTRY_ID, STREET, BUILDING_NUMBER, CITY, POSTAL_CODE) values (296, 1, 'Vrchlickeho sad', '1193', 'Trebic', '674 01');
  insert into ADDRESS (ADDRESS_ID, COUNTRY_COUNTRY_ID, STREET, BUILDING_NUMBER, CITY, POSTAL_CODE) values (297, 1, 'Foerstrova', '1870', 'Prostejov', '796 07');
  insert into ADDRESS (ADDRESS_ID, COUNTRY_COUNTRY_ID, STREET, BUILDING_NUMBER, CITY, POSTAL_CODE) values (298, 1, 'Janouskova', '1878', 'Chrudim', '538 21');
  insert into ADDRESS (ADDRESS_ID, COUNTRY_COUNTRY_ID, STREET, BUILDING_NUMBER, CITY, POSTAL_CODE) values (299, 1, 'Bilovicka', '1503', 'Kladno', '539 01');
  insert into ADDRESS (ADDRESS_ID, COUNTRY_COUNTRY_ID, STREET, BUILDING_NUMBER, CITY, POSTAL_CODE) values (300, 1, 'zilkova', '1517', 'Prerov', '750 02');
  insert into ADDRESS (ADDRESS_ID, COUNTRY_COUNTRY_ID, STREET, BUILDING_NUMBER, CITY, POSTAL_CODE) values (301, 1, 'Valticka', '572', 'Strakonice', '386 01');
  insert into ADDRESS (ADDRESS_ID, COUNTRY_COUNTRY_ID, STREET, BUILDING_NUMBER, CITY, POSTAL_CODE) values (302, 1, 'Lucni', '1813', 'usti nad Orlici', '562 06');
  insert into ADDRESS (ADDRESS_ID, COUNTRY_COUNTRY_ID, STREET, BUILDING_NUMBER, CITY, POSTAL_CODE) values (303, 1, 'Hoppova', '832', 'Opava', '747 07');
  insert into ADDRESS (ADDRESS_ID, COUNTRY_COUNTRY_ID, STREET, BUILDING_NUMBER, CITY, POSTAL_CODE) values (304, 1, 'Dlouhe hony', '1929', 'Tabor', '390 01');
  insert into ADDRESS (ADDRESS_ID, COUNTRY_COUNTRY_ID, STREET, BUILDING_NUMBER, CITY, POSTAL_CODE) values (305, 1, 'Koliste', '1122', 'Kutna Hora', '284 03');
  insert into ADDRESS (ADDRESS_ID, COUNTRY_COUNTRY_ID, STREET, BUILDING_NUMBER, CITY, POSTAL_CODE) values (306, 176, 'Ridgeway', '55', 'Maredakamau', null);
  insert into ADDRESS (ADDRESS_ID, COUNTRY_COUNTRY_ID, STREET, BUILDING_NUMBER, CITY, POSTAL_CODE) values (307, 70, 'Lakewood', '972', 'Belozerskoye', '641360');
  insert into ADDRESS (ADDRESS_ID, COUNTRY_COUNTRY_ID, STREET, BUILDING_NUMBER, CITY, POSTAL_CODE) values (308, 151, 'Rowland', '371', 'Cihaladan', null);
  insert into ADDRESS (ADDRESS_ID, COUNTRY_COUNTRY_ID, STREET, BUILDING_NUMBER, CITY, POSTAL_CODE) values (309, 63, 'Lyons', '9310', 'Merin', '594 42');
  insert into ADDRESS (ADDRESS_ID, COUNTRY_COUNTRY_ID, STREET, BUILDING_NUMBER, CITY, POSTAL_CODE) values (310, 18, 'Shasta', '311', 'Jinhe', null);
  insert into ADDRESS (ADDRESS_ID, COUNTRY_COUNTRY_ID, STREET, BUILDING_NUMBER, CITY, POSTAL_CODE) values (311, 98, 'Fulton', '37831', 'Morales', '134548');
  insert into ADDRESS (ADDRESS_ID, COUNTRY_COUNTRY_ID, STREET, BUILDING_NUMBER, CITY, POSTAL_CODE) values (312, 49, 'Green', '77129', 'Samaipata', null);
  insert into ADDRESS (ADDRESS_ID, COUNTRY_COUNTRY_ID, STREET, BUILDING_NUMBER, CITY, POSTAL_CODE) values (313, 85, 'Meadow Valley', '170', 'Trelew', '8353');
  insert into ADDRESS (ADDRESS_ID, COUNTRY_COUNTRY_ID, STREET, BUILDING_NUMBER, CITY, POSTAL_CODE) values (314, 142, 'Twin Pines', '583', 'Oume', null);
  insert into ADDRESS (ADDRESS_ID, COUNTRY_COUNTRY_ID, STREET, BUILDING_NUMBER, CITY, POSTAL_CODE) values (315, 100, 'Macpherson', '42959', 'Smarde', null);
  insert into ADDRESS (ADDRESS_ID, COUNTRY_COUNTRY_ID, STREET, BUILDING_NUMBER, CITY, POSTAL_CODE) values (316, 36, 'Bonner', '9199', 'Humen', null);
  insert into ADDRESS (ADDRESS_ID, COUNTRY_COUNTRY_ID, STREET, BUILDING_NUMBER, CITY, POSTAL_CODE) values (317, 34, 'Scofield', '407', 'Chongxian', null);
  insert into ADDRESS (ADDRESS_ID, COUNTRY_COUNTRY_ID, STREET, BUILDING_NUMBER, CITY, POSTAL_CODE) values (318, 171, 'Pearson', '55', 'Baie-Saint-Paul', 'G3Z');
  insert into ADDRESS (ADDRESS_ID, COUNTRY_COUNTRY_ID, STREET, BUILDING_NUMBER, CITY, POSTAL_CODE) values (319, 77, 'Londonderry', '3', 'Fushan', null);
  insert into ADDRESS (ADDRESS_ID, COUNTRY_COUNTRY_ID, STREET, BUILDING_NUMBER, CITY, POSTAL_CODE) values (320, 106, 'Amoth', '924', 'Tucani', null);
  insert into ADDRESS (ADDRESS_ID, COUNTRY_COUNTRY_ID, STREET, BUILDING_NUMBER, CITY, POSTAL_CODE) values (321, 49, 'Gina', '41', 'Crossmolina', 'A98');
  insert into ADDRESS (ADDRESS_ID, COUNTRY_COUNTRY_ID, STREET, BUILDING_NUMBER, CITY, POSTAL_CODE) values (322, 142, 'Acker', '494', 'Tanggan', null);
  insert into ADDRESS (ADDRESS_ID, COUNTRY_COUNTRY_ID, STREET, BUILDING_NUMBER, CITY, POSTAL_CODE) values (323, 144, 'Dayton', '9', 'Jidd aafs', null);
  insert into ADDRESS (ADDRESS_ID, COUNTRY_COUNTRY_ID, STREET, BUILDING_NUMBER, CITY, POSTAL_CODE) values (324, 94, 'Buhler', '1', 'Matwat', null);
  insert into ADDRESS (ADDRESS_ID, COUNTRY_COUNTRY_ID, STREET, BUILDING_NUMBER, CITY, POSTAL_CODE) values (325, 169, 'Sloan', '65', 'Zavitinsk', '391710');
  insert into ADDRESS (ADDRESS_ID, COUNTRY_COUNTRY_ID, STREET, BUILDING_NUMBER, CITY, POSTAL_CODE) values (326, 17, 'School', '583', 'Tatarsk', '632147');
  insert into ADDRESS (ADDRESS_ID, COUNTRY_COUNTRY_ID, STREET, BUILDING_NUMBER, CITY, POSTAL_CODE) values (327, 87, 'Carioca', '3', 'Hutang', null);
  insert into ADDRESS (ADDRESS_ID, COUNTRY_COUNTRY_ID, STREET, BUILDING_NUMBER, CITY, POSTAL_CODE) values (328, 56, 'Granby', '27', 'Malabang', '9300');
  insert into ADDRESS (ADDRESS_ID, COUNTRY_COUNTRY_ID, STREET, BUILDING_NUMBER, CITY, POSTAL_CODE) values (329, 142, 'Atwood', '5751', 'Bandar-e Asalyeh', null);
  insert into ADDRESS (ADDRESS_ID, COUNTRY_COUNTRY_ID, STREET, BUILDING_NUMBER, CITY, POSTAL_CODE) values (330, 44, 'Mendota', '4430', 'Bahe', null);
  insert into ADDRESS (ADDRESS_ID, COUNTRY_COUNTRY_ID, STREET, BUILDING_NUMBER, CITY, POSTAL_CODE) values (331, 72, 'Melby', '779', 'Xiuying', null);
  insert into ADDRESS (ADDRESS_ID, COUNTRY_COUNTRY_ID, STREET, BUILDING_NUMBER, CITY, POSTAL_CODE) values (332, 17, 'Bluejay', '46123', 'Mayong', null);
  insert into ADDRESS (ADDRESS_ID, COUNTRY_COUNTRY_ID, STREET, BUILDING_NUMBER, CITY, POSTAL_CODE) values (333, 84, 'Lakeland', '3632', 'Tokoname', '479-0871');
  insert into ADDRESS (ADDRESS_ID, COUNTRY_COUNTRY_ID, STREET, BUILDING_NUMBER, CITY, POSTAL_CODE) values (334, 56, 'Grayhawk', '71', 'Blantyre', null);
  insert into ADDRESS (ADDRESS_ID, COUNTRY_COUNTRY_ID, STREET, BUILDING_NUMBER, CITY, POSTAL_CODE) values (335, 18, 'Caliangt', '3474', 'Leiwang', null);
  insert into ADDRESS (ADDRESS_ID, COUNTRY_COUNTRY_ID, STREET, BUILDING_NUMBER, CITY, POSTAL_CODE) values (336, 110, 'Ilene', '8', 'Qiqing', null);
  insert into ADDRESS (ADDRESS_ID, COUNTRY_COUNTRY_ID, STREET, BUILDING_NUMBER, CITY, POSTAL_CODE) values (337, 17, 'Messerschmidt', '1344', 'Bartniczka', '87-321');
  insert into ADDRESS (ADDRESS_ID, COUNTRY_COUNTRY_ID, STREET, BUILDING_NUMBER, CITY, POSTAL_CODE) values (338, 59, 'Ohio', '791', 'Morangis', '91424 CEDEX');
  insert into ADDRESS (ADDRESS_ID, COUNTRY_COUNTRY_ID, STREET, BUILDING_NUMBER, CITY, POSTAL_CODE) values (339, 140, 'Sage', '5882', 'Houzhen', null);
  insert into ADDRESS (ADDRESS_ID, COUNTRY_COUNTRY_ID, STREET, BUILDING_NUMBER, CITY, POSTAL_CODE) values (340, 83, 'Corry', '4', 'Sathing Phra', '44150');
  insert into ADDRESS (ADDRESS_ID, COUNTRY_COUNTRY_ID, STREET, BUILDING_NUMBER, CITY, POSTAL_CODE) values (341, 96, 'Cordelia', '73', 'Hangwula', null);
  insert into ADDRESS (ADDRESS_ID, COUNTRY_COUNTRY_ID, STREET, BUILDING_NUMBER, CITY, POSTAL_CODE) values (342, 107, 'Banding', '38', 'Xarai', '311-1500');
  insert into ADDRESS (ADDRESS_ID, COUNTRY_COUNTRY_ID, STREET, BUILDING_NUMBER, CITY, POSTAL_CODE) values (343, 172, 'Burrows', '1', 'Pirassununga', '13630-000');
  insert into ADDRESS (ADDRESS_ID, COUNTRY_COUNTRY_ID, STREET, BUILDING_NUMBER, CITY, POSTAL_CODE) values (344, 29, 'Sundown', '46', 'Torre', '5050-345');
  insert into ADDRESS (ADDRESS_ID, COUNTRY_COUNTRY_ID, STREET, BUILDING_NUMBER, CITY, POSTAL_CODE) values (345, 28, 'Village Green', '39925', 'Gontar', null);
  insert into ADDRESS (ADDRESS_ID, COUNTRY_COUNTRY_ID, STREET, BUILDING_NUMBER, CITY, POSTAL_CODE) values (346, 45, 'Petterle', '07808', 'Krasnogorskoye', '427650');
  insert into ADDRESS (ADDRESS_ID, COUNTRY_COUNTRY_ID, STREET, BUILDING_NUMBER, CITY, POSTAL_CODE) values (347, 111, 'Aberg', '1', 'Sacramento', '95894');
  insert into ADDRESS (ADDRESS_ID, COUNTRY_COUNTRY_ID, STREET, BUILDING_NUMBER, CITY, POSTAL_CODE) values (348, 62, 'Cottonwood', '6', 'Pamplona/Iruwa', '31005');
  insert into ADDRESS (ADDRESS_ID, COUNTRY_COUNTRY_ID, STREET, BUILDING_NUMBER, CITY, POSTAL_CODE) values (349, 126, '4th', '76100', 'Huxu', null);
  insert into ADDRESS (ADDRESS_ID, COUNTRY_COUNTRY_ID, STREET, BUILDING_NUMBER, CITY, POSTAL_CODE) values (350, 123, 'Tony', '13', 'Pojok', null);
  insert into ADDRESS (ADDRESS_ID, COUNTRY_COUNTRY_ID, STREET, BUILDING_NUMBER, CITY, POSTAL_CODE) values (351, 92, 'Southridge', '7', 'Kuzhorskaya', '385765');
  insert into ADDRESS (ADDRESS_ID, COUNTRY_COUNTRY_ID, STREET, BUILDING_NUMBER, CITY, POSTAL_CODE) values (352, 81, 'Union', '9', 'Heroumbili', null);
  insert into ADDRESS (ADDRESS_ID, COUNTRY_COUNTRY_ID, STREET, BUILDING_NUMBER, CITY, POSTAL_CODE) values (353, 95, 'Schlimgen', '752', 'Sumberkemuning', null);
  insert into ADDRESS (ADDRESS_ID, COUNTRY_COUNTRY_ID, STREET, BUILDING_NUMBER, CITY, POSTAL_CODE) values (354, 146, 'Red Cloud', '7477', 'Jastrowie', '64-915');
  insert into ADDRESS (ADDRESS_ID, COUNTRY_COUNTRY_ID, STREET, BUILDING_NUMBER, CITY, POSTAL_CODE) values (355, 83, 'Vahlen', '51', 'Dingshu', null);
  insert into ADDRESS (ADDRESS_ID, COUNTRY_COUNTRY_ID, STREET, BUILDING_NUMBER, CITY, POSTAL_CODE) values (356, 70, 'Northland', '99310', 'Salento', '631028');
  insert into ADDRESS (ADDRESS_ID, COUNTRY_COUNTRY_ID, STREET, BUILDING_NUMBER, CITY, POSTAL_CODE) values (357, 198, 'Warrior', '58639', 'Patambuco', null);
  insert into ADDRESS (ADDRESS_ID, COUNTRY_COUNTRY_ID, STREET, BUILDING_NUMBER, CITY, POSTAL_CODE) values (358, 95, 'Corscot', '0', 'Penha Longa', '4625-347');
  insert into ADDRESS (ADDRESS_ID, COUNTRY_COUNTRY_ID, STREET, BUILDING_NUMBER, CITY, POSTAL_CODE) values (359, 4, 'Carpenter', '2540', 'Sakule', null);
  insert into ADDRESS (ADDRESS_ID, COUNTRY_COUNTRY_ID, STREET, BUILDING_NUMBER, CITY, POSTAL_CODE) values (360, 94, 'Dottie', '9487', 'Chinchan', null);
  insert into ADDRESS (ADDRESS_ID, COUNTRY_COUNTRY_ID, STREET, BUILDING_NUMBER, CITY, POSTAL_CODE) values (361, 74, 'Ridge Oak', '25', 'Burunday', null);
  insert into ADDRESS (ADDRESS_ID, COUNTRY_COUNTRY_ID, STREET, BUILDING_NUMBER, CITY, POSTAL_CODE) values (362, 102, 'Farmco', '5', 'Spandaryan', null);
  insert into ADDRESS (ADDRESS_ID, COUNTRY_COUNTRY_ID, STREET, BUILDING_NUMBER, CITY, POSTAL_CODE) values (363, 2, 'Nevada', '72', 'Jajce', null);
  insert into ADDRESS (ADDRESS_ID, COUNTRY_COUNTRY_ID, STREET, BUILDING_NUMBER, CITY, POSTAL_CODE) values (364, 16, 'Elmside', '48625', 'Salavat', '453259');
  insert into ADDRESS (ADDRESS_ID, COUNTRY_COUNTRY_ID, STREET, BUILDING_NUMBER, CITY, POSTAL_CODE) values (365, 84, 'Novick', '41', 'Bosanski Novi', null);
  insert into ADDRESS (ADDRESS_ID, COUNTRY_COUNTRY_ID, STREET, BUILDING_NUMBER, CITY, POSTAL_CODE) values (366, 140, 'Almo', '15', 'Asadad', null);
  insert into ADDRESS (ADDRESS_ID, COUNTRY_COUNTRY_ID, STREET, BUILDING_NUMBER, CITY, POSTAL_CODE) values (367, 113, 'Monterey', '83', 'Stockholm', '141 99');
  insert into ADDRESS (ADDRESS_ID, COUNTRY_COUNTRY_ID, STREET, BUILDING_NUMBER, CITY, POSTAL_CODE) values (368, 193, 'Mifflin', '9675', 'Trabki', '32-020');
  insert into ADDRESS (ADDRESS_ID, COUNTRY_COUNTRY_ID, STREET, BUILDING_NUMBER, CITY, POSTAL_CODE) values (369, 66, 'Grim', '4', 'Bhadrapur', null);
  insert into ADDRESS (ADDRESS_ID, COUNTRY_COUNTRY_ID, STREET, BUILDING_NUMBER, CITY, POSTAL_CODE) values (370, 118, 'Nancy', '4', 'Foumbot', null);
  insert into ADDRESS (ADDRESS_ID, COUNTRY_COUNTRY_ID, STREET, BUILDING_NUMBER, CITY, POSTAL_CODE) values (371, 69, 'Manitowish', '70', 'Cikomara', null);
  insert into ADDRESS (ADDRESS_ID, COUNTRY_COUNTRY_ID, STREET, BUILDING_NUMBER, CITY, POSTAL_CODE) values (372, 142, 'Independence', '94531', 'Labage', '31673 CEDEX');
  insert into ADDRESS (ADDRESS_ID, COUNTRY_COUNTRY_ID, STREET, BUILDING_NUMBER, CITY, POSTAL_CODE) values (373, 75, 'Sundown', '4963', 'Chekhov', '142308');
  insert into ADDRESS (ADDRESS_ID, COUNTRY_COUNTRY_ID, STREET, BUILDING_NUMBER, CITY, POSTAL_CODE) values (374, 145, 'Duke', '645', 'Huochezhan', null);
  insert into ADDRESS (ADDRESS_ID, COUNTRY_COUNTRY_ID, STREET, BUILDING_NUMBER, CITY, POSTAL_CODE) values (375, 175, 'Melvin', '574', 'Golmud', null);
  insert into ADDRESS (ADDRESS_ID, COUNTRY_COUNTRY_ID, STREET, BUILDING_NUMBER, CITY, POSTAL_CODE) values (376, 65, 'Valley Edge', '463', 'Sydney Mines', 'B1V');
  insert into ADDRESS (ADDRESS_ID, COUNTRY_COUNTRY_ID, STREET, BUILDING_NUMBER, CITY, POSTAL_CODE) values (377, 152, 'Mitchell', '363', 'Agua de Pau', '9560-205');
  insert into ADDRESS (ADDRESS_ID, COUNTRY_COUNTRY_ID, STREET, BUILDING_NUMBER, CITY, POSTAL_CODE) values (378, 169, 'Carioca', '177', 'Nicos Heroes', '47070');
  insert into ADDRESS (ADDRESS_ID, COUNTRY_COUNTRY_ID, STREET, BUILDING_NUMBER, CITY, POSTAL_CODE) values (379, 54, 'Arizona', '375', 'Nikhom Kham Soi', '49130');
  insert into ADDRESS (ADDRESS_ID, COUNTRY_COUNTRY_ID, STREET, BUILDING_NUMBER, CITY, POSTAL_CODE) values (380, 134, 'Fremont', '3192', 'Torbeck', null);
  insert into ADDRESS (ADDRESS_ID, COUNTRY_COUNTRY_ID, STREET, BUILDING_NUMBER, CITY, POSTAL_CODE) values (381, 4, 'Hanover', '4778', 'Yuefeng', null);
  insert into ADDRESS (ADDRESS_ID, COUNTRY_COUNTRY_ID, STREET, BUILDING_NUMBER, CITY, POSTAL_CODE) values (382, 171, 'Nevada', '3', 'Sukamulya', null);
  insert into ADDRESS (ADDRESS_ID, COUNTRY_COUNTRY_ID, STREET, BUILDING_NUMBER, CITY, POSTAL_CODE) values (383, 86, 'Amoth', '5806', 'Rogow', '95-063');
  insert into ADDRESS (ADDRESS_ID, COUNTRY_COUNTRY_ID, STREET, BUILDING_NUMBER, CITY, POSTAL_CODE) values (384, 17, 'Fulton', '83518', 'Andir', null);
  insert into ADDRESS (ADDRESS_ID, COUNTRY_COUNTRY_ID, STREET, BUILDING_NUMBER, CITY, POSTAL_CODE) values (385, 8, 'Blue Bill Park', '79366', 'Insko', '73-140');
  insert into ADDRESS (ADDRESS_ID, COUNTRY_COUNTRY_ID, STREET, BUILDING_NUMBER, CITY, POSTAL_CODE) values (386, 118, 'Almo', '4', 'Ilheus', '45650-000');
  insert into ADDRESS (ADDRESS_ID, COUNTRY_COUNTRY_ID, STREET, BUILDING_NUMBER, CITY, POSTAL_CODE) values (387, 32, 'Garrison', '37', 'Ma?an', null);
  insert into ADDRESS (ADDRESS_ID, COUNTRY_COUNTRY_ID, STREET, BUILDING_NUMBER, CITY, POSTAL_CODE) values (388, 122, 'Chive', '782', 'Padabeunghar', null);
  insert into ADDRESS (ADDRESS_ID, COUNTRY_COUNTRY_ID, STREET, BUILDING_NUMBER, CITY, POSTAL_CODE) values (389, 184, 'Stone Corner', '13418', 'Dunleer', 'N37');
  insert into ADDRESS (ADDRESS_ID, COUNTRY_COUNTRY_ID, STREET, BUILDING_NUMBER, CITY, POSTAL_CODE) values (390, 109, 'Merry', '4', 'Evansville', '47725');
  insert into ADDRESS (ADDRESS_ID, COUNTRY_COUNTRY_ID, STREET, BUILDING_NUMBER, CITY, POSTAL_CODE) values (391, 54, 'Green Ridge', '40', 'Zadvorsko', '10257');
  insert into ADDRESS (ADDRESS_ID, COUNTRY_COUNTRY_ID, STREET, BUILDING_NUMBER, CITY, POSTAL_CODE) values (392, 161, 'Cherokee', '37130', 'Chipata', null);
  insert into ADDRESS (ADDRESS_ID, COUNTRY_COUNTRY_ID, STREET, BUILDING_NUMBER, CITY, POSTAL_CODE) values (393, 129, 'Daystar', '879', 'Ketrzyn', '11-414');
  insert into ADDRESS (ADDRESS_ID, COUNTRY_COUNTRY_ID, STREET, BUILDING_NUMBER, CITY, POSTAL_CODE) values (394, 182, 'Schurz', '43354', 'Yinying', null);
  insert into ADDRESS (ADDRESS_ID, COUNTRY_COUNTRY_ID, STREET, BUILDING_NUMBER, CITY, POSTAL_CODE) values (395, 162, '3rd', '67894', 'Sasar', null);
  insert into ADDRESS (ADDRESS_ID, COUNTRY_COUNTRY_ID, STREET, BUILDING_NUMBER, CITY, POSTAL_CODE) values (396, 105, 'Westend', '25675', 'Enzan', '918-8207');
  insert into ADDRESS (ADDRESS_ID, COUNTRY_COUNTRY_ID, STREET, BUILDING_NUMBER, CITY, POSTAL_CODE) values (397, 179, 'Glendale', '0663', 'Paris 20', '75971 CEDEX 20');
  insert into ADDRESS (ADDRESS_ID, COUNTRY_COUNTRY_ID, STREET, BUILDING_NUMBER, CITY, POSTAL_CODE) values (398, 166, 'Heath', '86', 'Ubate', '250437');
end;
/

prompt Tabulka LOCAL_OFFICE

begin
INSERT INTO LOCAL_OFFICE (ADDRESS_ADDRESS_ID, OFFICE_ID) VALUES (1, 1);
INSERT INTO LOCAL_OFFICE (ADDRESS_ADDRESS_ID, OFFICE_ID) VALUES (7, 2);
INSERT INTO LOCAL_OFFICE (ADDRESS_ADDRESS_ID, OFFICE_ID) VALUES (40, 3);
INSERT INTO LOCAL_OFFICE (ADDRESS_ADDRESS_ID, OFFICE_ID) VALUES (306, 4);
INSERT INTO LOCAL_OFFICE (ADDRESS_ADDRESS_ID, OFFICE_ID) VALUES (307, 5);
INSERT INTO LOCAL_OFFICE (ADDRESS_ADDRESS_ID, OFFICE_ID) VALUES (308, 6);
INSERT INTO LOCAL_OFFICE (ADDRESS_ADDRESS_ID, OFFICE_ID) VALUES (309, 7);
INSERT INTO LOCAL_OFFICE (ADDRESS_ADDRESS_ID, OFFICE_ID) VALUES (320, 8);
INSERT INTO LOCAL_OFFICE (ADDRESS_ADDRESS_ID, OFFICE_ID) VALUES (323, 9);
INSERT INTO LOCAL_OFFICE (ADDRESS_ADDRESS_ID, OFFICE_ID) VALUES (324, 10);
INSERT INTO LOCAL_OFFICE (ADDRESS_ADDRESS_ID, OFFICE_ID) VALUES (325, 11);
INSERT INTO LOCAL_OFFICE (ADDRESS_ADDRESS_ID, OFFICE_ID) VALUES (326, 12);
INSERT INTO LOCAL_OFFICE (ADDRESS_ADDRESS_ID, OFFICE_ID) VALUES (327, 13);
INSERT INTO LOCAL_OFFICE (ADDRESS_ADDRESS_ID, OFFICE_ID) VALUES (328, 14);
INSERT INTO LOCAL_OFFICE (ADDRESS_ADDRESS_ID, OFFICE_ID) VALUES (329, 15);
INSERT INTO LOCAL_OFFICE (ADDRESS_ADDRESS_ID, OFFICE_ID) VALUES (331, 16);
INSERT INTO LOCAL_OFFICE (ADDRESS_ADDRESS_ID, OFFICE_ID) VALUES (333, 17);
INSERT INTO LOCAL_OFFICE (ADDRESS_ADDRESS_ID, OFFICE_ID) VALUES (335, 18);
INSERT INTO LOCAL_OFFICE (ADDRESS_ADDRESS_ID, OFFICE_ID) VALUES (336, 19);
INSERT INTO LOCAL_OFFICE (ADDRESS_ADDRESS_ID, OFFICE_ID) VALUES (337, 20);
INSERT INTO LOCAL_OFFICE (ADDRESS_ADDRESS_ID, OFFICE_ID) VALUES (339, 21);
INSERT INTO LOCAL_OFFICE (ADDRESS_ADDRESS_ID, OFFICE_ID) VALUES (340, 22);
INSERT INTO LOCAL_OFFICE (ADDRESS_ADDRESS_ID, OFFICE_ID) VALUES (342, 23);
INSERT INTO LOCAL_OFFICE (ADDRESS_ADDRESS_ID, OFFICE_ID) VALUES (345, 24);
INSERT INTO LOCAL_OFFICE (ADDRESS_ADDRESS_ID, OFFICE_ID) VALUES (348, 25);
INSERT INTO LOCAL_OFFICE (ADDRESS_ADDRESS_ID, OFFICE_ID) VALUES (349, 26);
INSERT INTO LOCAL_OFFICE (ADDRESS_ADDRESS_ID, OFFICE_ID) VALUES (350, 27);
INSERT INTO LOCAL_OFFICE (ADDRESS_ADDRESS_ID, OFFICE_ID) VALUES (351, 28);
INSERT INTO LOCAL_OFFICE (ADDRESS_ADDRESS_ID, OFFICE_ID) VALUES (352, 29);
INSERT INTO LOCAL_OFFICE (ADDRESS_ADDRESS_ID, OFFICE_ID) VALUES (353, 30);
INSERT INTO LOCAL_OFFICE (ADDRESS_ADDRESS_ID, OFFICE_ID) VALUES (354, 31);
INSERT INTO LOCAL_OFFICE (ADDRESS_ADDRESS_ID, OFFICE_ID) VALUES (355, 32);
INSERT INTO LOCAL_OFFICE (ADDRESS_ADDRESS_ID, OFFICE_ID) VALUES (356, 33);
INSERT INTO LOCAL_OFFICE (ADDRESS_ADDRESS_ID, OFFICE_ID) VALUES (357, 34);
INSERT INTO LOCAL_OFFICE (ADDRESS_ADDRESS_ID, OFFICE_ID) VALUES (358, 35);
INSERT INTO LOCAL_OFFICE (ADDRESS_ADDRESS_ID, OFFICE_ID) VALUES (359, 36);
INSERT INTO LOCAL_OFFICE (ADDRESS_ADDRESS_ID, OFFICE_ID) VALUES (360, 37);
INSERT INTO LOCAL_OFFICE (ADDRESS_ADDRESS_ID, OFFICE_ID) VALUES (361, 38);
INSERT INTO LOCAL_OFFICE (ADDRESS_ADDRESS_ID, OFFICE_ID) VALUES (362, 39);
INSERT INTO LOCAL_OFFICE (ADDRESS_ADDRESS_ID, OFFICE_ID) VALUES (363, 40);
INSERT INTO LOCAL_OFFICE (ADDRESS_ADDRESS_ID, OFFICE_ID) VALUES (364, 41);
INSERT INTO LOCAL_OFFICE (ADDRESS_ADDRESS_ID, OFFICE_ID) VALUES (365, 42);
INSERT INTO LOCAL_OFFICE (ADDRESS_ADDRESS_ID, OFFICE_ID) VALUES (366, 43);
INSERT INTO LOCAL_OFFICE (ADDRESS_ADDRESS_ID, OFFICE_ID) VALUES (367, 44);
INSERT INTO LOCAL_OFFICE (ADDRESS_ADDRESS_ID, OFFICE_ID) VALUES (368, 45);
INSERT INTO LOCAL_OFFICE (ADDRESS_ADDRESS_ID, OFFICE_ID) VALUES (369, 46);
INSERT INTO LOCAL_OFFICE (ADDRESS_ADDRESS_ID, OFFICE_ID) VALUES (370, 47);
INSERT INTO LOCAL_OFFICE (ADDRESS_ADDRESS_ID, OFFICE_ID) VALUES (371, 48);
INSERT INTO LOCAL_OFFICE (ADDRESS_ADDRESS_ID, OFFICE_ID) VALUES (372, 49);
INSERT INTO LOCAL_OFFICE (ADDRESS_ADDRESS_ID, OFFICE_ID) VALUES (373, 50);
INSERT INTO LOCAL_OFFICE (ADDRESS_ADDRESS_ID, OFFICE_ID) VALUES (375, 51);
INSERT INTO LOCAL_OFFICE (ADDRESS_ADDRESS_ID, OFFICE_ID) VALUES (378, 52);
INSERT INTO LOCAL_OFFICE (ADDRESS_ADDRESS_ID, OFFICE_ID) VALUES (380, 53);
INSERT INTO LOCAL_OFFICE (ADDRESS_ADDRESS_ID, OFFICE_ID) VALUES (381, 54);
INSERT INTO LOCAL_OFFICE (ADDRESS_ADDRESS_ID, OFFICE_ID) VALUES (385, 55);
INSERT INTO LOCAL_OFFICE (ADDRESS_ADDRESS_ID, OFFICE_ID) VALUES (387, 56);
INSERT INTO LOCAL_OFFICE (ADDRESS_ADDRESS_ID, OFFICE_ID) VALUES (392, 57);
INSERT INTO LOCAL_OFFICE (ADDRESS_ADDRESS_ID, OFFICE_ID) VALUES (394, 58);
INSERT INTO LOCAL_OFFICE (ADDRESS_ADDRESS_ID, OFFICE_ID) VALUES (396, 59);
INSERT INTO LOCAL_OFFICE (ADDRESS_ADDRESS_ID, OFFICE_ID) VALUES (397, 60);
end;
/

prompt Tabulka EMPLOYEE
-- 120

begin 
INSERT INTO EMPLOYEE (EMPLOYEE_ID, AGE, EVALUATION_CZK, FIRST_NAME, SURNAME, LOCAL_OFFICE_OFFICE_ID, EMP_POSITION) VALUES (1, 25, 24065, 'Ester', 'Vobornkov', 9, 'SPACE_GUARD'); -- 20
INSERT INTO EMPLOYEE (EMPLOYEE_ID, AGE, EVALUATION_CZK, FIRST_NAME, SURNAME, LOCAL_OFFICE_OFFICE_ID, EMP_POSITION) VALUES (2, 36, 33123, 'Vra', 'Samcov', 26, 'SPACE_GUARD');
INSERT INTO EMPLOYEE (EMPLOYEE_ID, AGE, EVALUATION_CZK, FIRST_NAME, SURNAME, LOCAL_OFFICE_OFFICE_ID, EMP_POSITION) VALUES (3, 26, 25836, 'Elena', 'Honsov', 59, 'SPACE_GUARD');
INSERT INTO EMPLOYEE (EMPLOYEE_ID, AGE, EVALUATION_CZK, FIRST_NAME, SURNAME, LOCAL_OFFICE_OFFICE_ID, EMP_POSITION) VALUES (4, 20, 28497, 'Kristin', 'eicha', 33, 'SPACE_GUARD');
INSERT INTO EMPLOYEE (EMPLOYEE_ID, AGE, EVALUATION_CZK, FIRST_NAME, SURNAME, LOCAL_OFFICE_OFFICE_ID, EMP_POSITION) VALUES (5, 38, 28718, 'Evelna', 'Bernkov', 49, 'SPACE_GUARD');
INSERT INTO EMPLOYEE (EMPLOYEE_ID, AGE, EVALUATION_CZK, FIRST_NAME, SURNAME, LOCAL_OFFICE_OFFICE_ID, EMP_POSITION) VALUES (6, 32, 22689, 'Jakub', 'Anderle', 20, 'SPACE_GUARD');
INSERT INTO EMPLOYEE (EMPLOYEE_ID, AGE, EVALUATION_CZK, FIRST_NAME, SURNAME, LOCAL_OFFICE_OFFICE_ID, EMP_POSITION) VALUES (7, 30, 27472, 'Blanka', 'turmov', 21, 'SPACE_GUARD');
INSERT INTO EMPLOYEE (EMPLOYEE_ID, AGE, EVALUATION_CZK, FIRST_NAME, SURNAME, LOCAL_OFFICE_OFFICE_ID, EMP_POSITION) VALUES (8, 40, 31171, 'Zina', 'ikulov', 40, 'SPACE_GUARD');
INSERT INTO EMPLOYEE (EMPLOYEE_ID, AGE, EVALUATION_CZK, FIRST_NAME, SURNAME, LOCAL_OFFICE_OFFICE_ID, EMP_POSITION) VALUES (9, 21, 31484, 'Izabela', 'Benediktov', 33, 'SPACE_GUARD');
INSERT INTO EMPLOYEE (EMPLOYEE_ID, AGE, EVALUATION_CZK, FIRST_NAME, SURNAME, LOCAL_OFFICE_OFFICE_ID, EMP_POSITION) VALUES (10, 24, 22065, 'Luk', 'Brha', 2, 'SPACE_GUARD');
INSERT INTO EMPLOYEE (EMPLOYEE_ID, AGE, EVALUATION_CZK, FIRST_NAME, SURNAME, LOCAL_OFFICE_OFFICE_ID, EMP_POSITION) VALUES (11, 39, 23594, 'Milada', 'romov', 6, 'SPACE_GUARD');
INSERT INTO EMPLOYEE (EMPLOYEE_ID, AGE, EVALUATION_CZK, FIRST_NAME, SURNAME, LOCAL_OFFICE_OFFICE_ID, EMP_POSITION) VALUES (12, 45, 31564, 'estmr', 'Vavn', 33, 'SPACE_GUARD');
INSERT INTO EMPLOYEE (EMPLOYEE_ID, AGE, EVALUATION_CZK, FIRST_NAME, SURNAME, LOCAL_OFFICE_OFFICE_ID, EMP_POSITION) VALUES (13, 32, 27823, 'Michal', 'Konvalina', 28, 'SPACE_GUARD');
INSERT INTO EMPLOYEE (EMPLOYEE_ID, AGE, EVALUATION_CZK, FIRST_NAME, SURNAME, LOCAL_OFFICE_OFFICE_ID, EMP_POSITION) VALUES (14, 45, 34177, 'Libna', 'Kaskov', 5, 'SPACE_GUARD');
INSERT INTO EMPLOYEE (EMPLOYEE_ID, AGE, EVALUATION_CZK, FIRST_NAME, SURNAME, LOCAL_OFFICE_OFFICE_ID, EMP_POSITION) VALUES (15, 46, 24074, 'Libna', 'Zetkov', 40, 'SPACE_GUARD');
INSERT INTO EMPLOYEE (EMPLOYEE_ID, AGE, EVALUATION_CZK, FIRST_NAME, SURNAME, LOCAL_OFFICE_OFFICE_ID, EMP_POSITION) VALUES (16, 49, 28121, 'Anastzie', 'Marykov', 56, 'SPACE_GUARD');
INSERT INTO EMPLOYEE (EMPLOYEE_ID, AGE, EVALUATION_CZK, FIRST_NAME, SURNAME, LOCAL_OFFICE_OFFICE_ID, EMP_POSITION) VALUES (17, 36, 23362, 'Boris', 'Novosad', 37, 'SPACE_GUARD');
INSERT INTO EMPLOYEE (EMPLOYEE_ID, AGE, EVALUATION_CZK, FIRST_NAME, SURNAME, LOCAL_OFFICE_OFFICE_ID, EMP_POSITION) VALUES (18, 47, 29238, 'Olvie', 'Mlynov', 25, 'SPACE_GUARD');
INSERT INTO EMPLOYEE (EMPLOYEE_ID, AGE, EVALUATION_CZK, FIRST_NAME, SURNAME, LOCAL_OFFICE_OFFICE_ID, EMP_POSITION) VALUES (19, 43, 20843, 'Svatoslav', 'Navara', 25, 'SPACE_GUARD');
INSERT INTO EMPLOYEE (EMPLOYEE_ID, AGE, EVALUATION_CZK, FIRST_NAME, SURNAME, LOCAL_OFFICE_OFFICE_ID, EMP_POSITION) VALUES (20, 47, 28229, 'Valentn', 'Kotk', 40, 'SPACE_GUARD');
INSERT INTO EMPLOYEE (EMPLOYEE_ID, AGE, EVALUATION_CZK, FIRST_NAME, SURNAME, LOCAL_OFFICE_OFFICE_ID, EMP_POSITION) VALUES (21, 45, 33728, 'Lucie', 'Polkov', 7, 'SHOP_ASSISTANT');
INSERT INTO EMPLOYEE (EMPLOYEE_ID, AGE, EVALUATION_CZK, FIRST_NAME, SURNAME, LOCAL_OFFICE_OFFICE_ID, EMP_POSITION) VALUES (22, 43, 21550, 'Michal', 'Patka', 20, 'SHOP_ASSISTANT');
INSERT INTO EMPLOYEE (EMPLOYEE_ID, AGE, EVALUATION_CZK, FIRST_NAME, SURNAME, LOCAL_OFFICE_OFFICE_ID, EMP_POSITION) VALUES (23, 35, 28830, 'Bartolomj', 'Michalk', 6, 'SHOP_ASSISTANT');
INSERT INTO EMPLOYEE (EMPLOYEE_ID, AGE, EVALUATION_CZK, FIRST_NAME, SURNAME, LOCAL_OFFICE_OFFICE_ID, EMP_POSITION) VALUES (24, 33, 20132, 'Kristin', 'Pack', 58, 'SHOP_ASSISTANT');
INSERT INTO EMPLOYEE (EMPLOYEE_ID, AGE, EVALUATION_CZK, FIRST_NAME, SURNAME, LOCAL_OFFICE_OFFICE_ID, EMP_POSITION) VALUES (25, 37, 30649, 'Lubor', 'Rous', 5, 'SHOP_ASSISTANT');
INSERT INTO EMPLOYEE (EMPLOYEE_ID, AGE, EVALUATION_CZK, FIRST_NAME, SURNAME, LOCAL_OFFICE_OFFICE_ID, EMP_POSITION) VALUES (26, 22, 21424, 'Laura', 'Kikavov', 60, 'SHOP_ASSISTANT');
INSERT INTO EMPLOYEE (EMPLOYEE_ID, AGE, EVALUATION_CZK, FIRST_NAME, SURNAME, LOCAL_OFFICE_OFFICE_ID, EMP_POSITION) VALUES (27, 49, 20183, 'Iveta', 'Drbkov', 1, 'SHOP_ASSISTANT');
INSERT INTO EMPLOYEE (EMPLOYEE_ID, AGE, EVALUATION_CZK, FIRST_NAME, SURNAME, LOCAL_OFFICE_OFFICE_ID, EMP_POSITION) VALUES (28, 39, 28512, 'Ambro', 'Havrnek', 40, 'SHOP_ASSISTANT');
INSERT INTO EMPLOYEE (EMPLOYEE_ID, AGE, EVALUATION_CZK, FIRST_NAME, SURNAME, LOCAL_OFFICE_OFFICE_ID, EMP_POSITION) VALUES (29, 47, 20041, 'Jan', 'Kuel', 54, 'SHOP_ASSISTANT');
INSERT INTO EMPLOYEE (EMPLOYEE_ID, AGE, EVALUATION_CZK, FIRST_NAME, SURNAME, LOCAL_OFFICE_OFFICE_ID, EMP_POSITION) VALUES (30, 43, 27488, 'Milan', 'Vin', 10, 'SHOP_ASSISTANT');
INSERT INTO EMPLOYEE (EMPLOYEE_ID, AGE, EVALUATION_CZK, FIRST_NAME, SURNAME, LOCAL_OFFICE_OFFICE_ID, EMP_POSITION) VALUES (31, 48, 20864, 'Bohumila', 'Pokorn', 52, 'SHOP_ASSISTANT');
INSERT INTO EMPLOYEE (EMPLOYEE_ID, AGE, EVALUATION_CZK, FIRST_NAME, SURNAME, LOCAL_OFFICE_OFFICE_ID, EMP_POSITION) VALUES (32, 45, 27045, 'Havel', 'Pag', 12, 'SHOP_ASSISTANT');
INSERT INTO EMPLOYEE (EMPLOYEE_ID, AGE, EVALUATION_CZK, FIRST_NAME, SURNAME, LOCAL_OFFICE_OFFICE_ID, EMP_POSITION) VALUES (33, 20, 31292, 'Mariana', 'Klikov', 16, 'SHOP_ASSISTANT');
INSERT INTO EMPLOYEE (EMPLOYEE_ID, AGE, EVALUATION_CZK, FIRST_NAME, SURNAME, LOCAL_OFFICE_OFFICE_ID, EMP_POSITION) VALUES (34, 45, 20645, 'Erik', 'Pios', 19, 'SHOP_ASSISTANT');
INSERT INTO EMPLOYEE (EMPLOYEE_ID, AGE, EVALUATION_CZK, FIRST_NAME, SURNAME, LOCAL_OFFICE_OFFICE_ID, EMP_POSITION) VALUES (35, 24, 24865, 'Tana', 'onkov', 29, 'SHOP_ASSISTANT');
INSERT INTO EMPLOYEE (EMPLOYEE_ID, AGE, EVALUATION_CZK, FIRST_NAME, SURNAME, LOCAL_OFFICE_OFFICE_ID, EMP_POSITION) VALUES (36, 36, 28634, 'Jarmil', 'Sobek', 20, 'SHOP_ASSISTANT');
INSERT INTO EMPLOYEE (EMPLOYEE_ID, AGE, EVALUATION_CZK, FIRST_NAME, SURNAME, LOCAL_OFFICE_OFFICE_ID, EMP_POSITION) VALUES (37, 33, 28279, 'Jan', 'Kocourek', 33, 'SHOP_ASSISTANT');
INSERT INTO EMPLOYEE (EMPLOYEE_ID, AGE, EVALUATION_CZK, FIRST_NAME, SURNAME, LOCAL_OFFICE_OFFICE_ID, EMP_POSITION) VALUES (38, 32, 26164, 'Ludk', 'ulc', 14, 'SHOP_ASSISTANT');
INSERT INTO EMPLOYEE (EMPLOYEE_ID, AGE, EVALUATION_CZK, FIRST_NAME, SURNAME, LOCAL_OFFICE_OFFICE_ID, EMP_POSITION) VALUES (39, 49, 25692, 'Vclav', 'Kadleek', 51, 'SHOP_ASSISTANT');
INSERT INTO EMPLOYEE (EMPLOYEE_ID, AGE, EVALUATION_CZK, FIRST_NAME, SURNAME, LOCAL_OFFICE_OFFICE_ID, EMP_POSITION) VALUES (40, 36, 27185, 'Boivoj', 'Chmela', 3, 'SHOP_ASSISTANT');
INSERT INTO EMPLOYEE (EMPLOYEE_ID, AGE, EVALUATION_CZK, FIRST_NAME, SURNAME, LOCAL_OFFICE_OFFICE_ID, EMP_POSITION) VALUES (41, 41, 29862, 'Teodor', 'Kaleja', 11, 'SHOP_ASSISTANT');
INSERT INTO EMPLOYEE (EMPLOYEE_ID, AGE, EVALUATION_CZK, FIRST_NAME, SURNAME, LOCAL_OFFICE_OFFICE_ID, EMP_POSITION) VALUES (42, 20, 22684, 'Zdislava', 'Mikulov', 58, 'SHOP_ASSISTANT');
INSERT INTO EMPLOYEE (EMPLOYEE_ID, AGE, EVALUATION_CZK, FIRST_NAME, SURNAME, LOCAL_OFFICE_OFFICE_ID, EMP_POSITION) VALUES (43, 43, 29598, 'tpnka', 'Doubravov', 50, 'SHOP_ASSISTANT');
INSERT INTO EMPLOYEE (EMPLOYEE_ID, AGE, EVALUATION_CZK, FIRST_NAME, SURNAME, LOCAL_OFFICE_OFFICE_ID, EMP_POSITION) VALUES (44, 28, 24760, 'Alexandr', 'Mudra', 45, 'SHOP_ASSISTANT');
INSERT INTO EMPLOYEE (EMPLOYEE_ID, AGE, EVALUATION_CZK, FIRST_NAME, SURNAME, LOCAL_OFFICE_OFFICE_ID, EMP_POSITION) VALUES (45, 50, 23945, 'Vlasta', 'Kovakov', 55, 'SHOP_ASSISTANT');
INSERT INTO EMPLOYEE (EMPLOYEE_ID, AGE, EVALUATION_CZK, FIRST_NAME, SURNAME, LOCAL_OFFICE_OFFICE_ID, EMP_POSITION) VALUES (46, 43, 21897, 'Ludvk', 'Bubenek', 16, 'SHOP_ASSISTANT');
INSERT INTO EMPLOYEE (EMPLOYEE_ID, AGE, EVALUATION_CZK, FIRST_NAME, SURNAME, LOCAL_OFFICE_OFFICE_ID, EMP_POSITION) VALUES (47, 49, 24334, 'Bohuslava', 'Ulrychov', 30, 'SHOP_ASSISTANT');
INSERT INTO EMPLOYEE (EMPLOYEE_ID, AGE, EVALUATION_CZK, FIRST_NAME, SURNAME, LOCAL_OFFICE_OFFICE_ID, EMP_POSITION) VALUES (48, 40, 23879, 'tpnka', 'Fuchsov', 7, 'SHOP_ASSISTANT');
INSERT INTO EMPLOYEE (EMPLOYEE_ID, AGE, EVALUATION_CZK, FIRST_NAME, SURNAME, LOCAL_OFFICE_OFFICE_ID, EMP_POSITION) VALUES (49, 20, 26672, 'rka', 'Bromov', 31, 'SHOP_ASSISTANT');
INSERT INTO EMPLOYEE (EMPLOYEE_ID, AGE, EVALUATION_CZK, FIRST_NAME, SURNAME, LOCAL_OFFICE_OFFICE_ID, EMP_POSITION) VALUES (50, 44, 34858, 'Elena', 'Fajtov', 49, 'SHOP_ASSISTANT');
INSERT INTO EMPLOYEE (EMPLOYEE_ID, AGE, EVALUATION_CZK, FIRST_NAME, SURNAME, LOCAL_OFFICE_OFFICE_ID, EMP_POSITION) VALUES (51, 31, 23299, 'enk', 'karda', 27, 'SHOP_ASSISTANT');
INSERT INTO EMPLOYEE (EMPLOYEE_ID, AGE, EVALUATION_CZK, FIRST_NAME, SURNAME, LOCAL_OFFICE_OFFICE_ID, EMP_POSITION) VALUES (52, 35, 24299, 'Nikola', 'Karbanov', 50, 'SHOP_ASSISTANT');
INSERT INTO EMPLOYEE (EMPLOYEE_ID, AGE, EVALUATION_CZK, FIRST_NAME, SURNAME, LOCAL_OFFICE_OFFICE_ID, EMP_POSITION) VALUES (53, 35, 22718, 'Gizela', 'Hajdov', 48, 'SHOP_ASSISTANT');
INSERT INTO EMPLOYEE (EMPLOYEE_ID, AGE, EVALUATION_CZK, FIRST_NAME, SURNAME, LOCAL_OFFICE_OFFICE_ID, EMP_POSITION) VALUES (54, 37, 24538, 'Ceclie', 'Rousov', 59, 'SHOP_ASSISTANT');
INSERT INTO EMPLOYEE (EMPLOYEE_ID, AGE, EVALUATION_CZK, FIRST_NAME, SURNAME, LOCAL_OFFICE_OFFICE_ID, EMP_POSITION) VALUES (55, 23, 33921, 'Leona', 'Strmiskov', 58, 'SHOP_ASSISTANT');
INSERT INTO EMPLOYEE (EMPLOYEE_ID, AGE, EVALUATION_CZK, FIRST_NAME, SURNAME, LOCAL_OFFICE_OFFICE_ID, EMP_POSITION) VALUES (56, 39, 29667, 'Ludvk', 'Husk', 39, 'SHOP_ASSISTANT');
INSERT INTO EMPLOYEE (EMPLOYEE_ID, AGE, EVALUATION_CZK, FIRST_NAME, SURNAME, LOCAL_OFFICE_OFFICE_ID, EMP_POSITION) VALUES (57, 21, 22665, 'Maxim', 'Votruba', 53, 'SHOP_ASSISTANT');
INSERT INTO EMPLOYEE (EMPLOYEE_ID, AGE, EVALUATION_CZK, FIRST_NAME, SURNAME, LOCAL_OFFICE_OFFICE_ID, EMP_POSITION) VALUES (58, 32, 30759, 'Vclav', 'Zdrhal', 16, 'SHOP_ASSISTANT');
INSERT INTO EMPLOYEE (EMPLOYEE_ID, AGE, EVALUATION_CZK, FIRST_NAME, SURNAME, LOCAL_OFFICE_OFFICE_ID, EMP_POSITION) VALUES (59, 41, 30482, 'Vt', 'Hendrych', 9, 'SHOP_ASSISTANT');
INSERT INTO EMPLOYEE (EMPLOYEE_ID, AGE, EVALUATION_CZK, FIRST_NAME, SURNAME, LOCAL_OFFICE_OFFICE_ID, EMP_POSITION) VALUES (60, 41, 23829, 'Rostislav', 'Vrba', 54, 'SHOP_ASSISTANT');
INSERT INTO EMPLOYEE (EMPLOYEE_ID, AGE, EVALUATION_CZK, FIRST_NAME, SURNAME, LOCAL_OFFICE_OFFICE_ID, EMP_POSITION) VALUES (61, 29, 24171, 'Simona', 'Matjov', 10, 'SHOP_ASSISTANT');
INSERT INTO EMPLOYEE (EMPLOYEE_ID, AGE, EVALUATION_CZK, FIRST_NAME, SURNAME, LOCAL_OFFICE_OFFICE_ID, EMP_POSITION) VALUES (62, 49, 28447, 'Adriana', 'Molnrov', 39, 'SHOP_ASSISTANT');
INSERT INTO EMPLOYEE (EMPLOYEE_ID, AGE, EVALUATION_CZK, FIRST_NAME, SURNAME, LOCAL_OFFICE_OFFICE_ID, EMP_POSITION) VALUES (63, 45, 23779, 'Hubert', 'Blahuta', 9, 'SHOP_ASSISTANT');
INSERT INTO EMPLOYEE (EMPLOYEE_ID, AGE, EVALUATION_CZK, FIRST_NAME, SURNAME, LOCAL_OFFICE_OFFICE_ID, EMP_POSITION) VALUES (64, 49, 31428, 'Regna', 'imnkov', 52, 'SHOP_ASSISTANT');
INSERT INTO EMPLOYEE (EMPLOYEE_ID, AGE, EVALUATION_CZK, FIRST_NAME, SURNAME, LOCAL_OFFICE_OFFICE_ID, EMP_POSITION) VALUES (65, 27, 31341, 'Judita', 'Nvratov', 31, 'SHOP_ASSISTANT');
INSERT INTO EMPLOYEE (EMPLOYEE_ID, AGE, EVALUATION_CZK, FIRST_NAME, SURNAME, LOCAL_OFFICE_OFFICE_ID, EMP_POSITION) VALUES (66, 21, 31801, 'Anastzie', 'Beneov', 27, 'SHOP_ASSISTANT');
INSERT INTO EMPLOYEE (EMPLOYEE_ID, AGE, EVALUATION_CZK, FIRST_NAME, SURNAME, LOCAL_OFFICE_OFFICE_ID, EMP_POSITION) VALUES (67, 36, 25046, 'Hubert', 'Pospch', 56, 'SHOP_ASSISTANT');
INSERT INTO EMPLOYEE (EMPLOYEE_ID, AGE, EVALUATION_CZK, FIRST_NAME, SURNAME, LOCAL_OFFICE_OFFICE_ID, EMP_POSITION) VALUES (68, 32, 26233, 'Jitka', 'Chud', 8, 'SHOP_ASSISTANT');
INSERT INTO EMPLOYEE (EMPLOYEE_ID, AGE, EVALUATION_CZK, FIRST_NAME, SURNAME, LOCAL_OFFICE_OFFICE_ID, EMP_POSITION) VALUES (69, 31, 26345, 'Libue', 'Vykydalov', 20, 'SHOP_ASSISTANT');
INSERT INTO EMPLOYEE (EMPLOYEE_ID, AGE, EVALUATION_CZK, FIRST_NAME, SURNAME, LOCAL_OFFICE_OFFICE_ID, EMP_POSITION) VALUES (70, 50, 28810, 'Izabela', 'Weberov', 7, 'SHOP_ASSISTANT');
INSERT INTO EMPLOYEE (EMPLOYEE_ID, AGE, EVALUATION_CZK, FIRST_NAME, SURNAME, LOCAL_OFFICE_OFFICE_ID, EMP_POSITION) VALUES (71, 39, 26415, 'Miriam', 'Penikov', 24, 'SHOP_ASSISTANT');
INSERT INTO EMPLOYEE (EMPLOYEE_ID, AGE, EVALUATION_CZK, FIRST_NAME, SURNAME, LOCAL_OFFICE_OFFICE_ID, EMP_POSITION) VALUES (72, 43, 20792, 'Beta', 'truncov', 5, 'SHOP_ASSISTANT');
INSERT INTO EMPLOYEE (EMPLOYEE_ID, AGE, EVALUATION_CZK, FIRST_NAME, SURNAME, LOCAL_OFFICE_OFFICE_ID, EMP_POSITION) VALUES (73, 22, 33753, 'Xenie', 'Martinov', 20, 'SHOP_ASSISTANT');
INSERT INTO EMPLOYEE (EMPLOYEE_ID, AGE, EVALUATION_CZK, FIRST_NAME, SURNAME, LOCAL_OFFICE_OFFICE_ID, EMP_POSITION) VALUES (74, 24, 24307, 'Jchym', 'Kubnek', 13, 'SHOP_ASSISTANT');
INSERT INTO EMPLOYEE (EMPLOYEE_ID, AGE, EVALUATION_CZK, FIRST_NAME, SURNAME, LOCAL_OFFICE_OFFICE_ID, EMP_POSITION) VALUES (75, 20, 33582, 'Bohumr', 'Volf', 59, 'SHOP_ASSISTANT'); -- 55
INSERT INTO EMPLOYEE (EMPLOYEE_ID, AGE, EVALUATION_CZK, FIRST_NAME, SURNAME, LOCAL_OFFICE_OFFICE_ID, EMP_POSITION) VALUES (76, 47, 33936, 'Jaroslav', 'Danko', 18, 'OFFICE_MANAGER'); -- 45
INSERT INTO EMPLOYEE (EMPLOYEE_ID, AGE, EVALUATION_CZK, FIRST_NAME, SURNAME, LOCAL_OFFICE_OFFICE_ID, EMP_POSITION) VALUES (77, 35, 25497, 'Zita', 'Latovkov', 48, 'OFFICE_MANAGER');
INSERT INTO EMPLOYEE (EMPLOYEE_ID, AGE, EVALUATION_CZK, FIRST_NAME, SURNAME, LOCAL_OFFICE_OFFICE_ID, EMP_POSITION) VALUES (78, 22, 31078, 'aneta', 'Neradov', 15, 'OFFICE_MANAGER');
INSERT INTO EMPLOYEE (EMPLOYEE_ID, AGE, EVALUATION_CZK, FIRST_NAME, SURNAME, LOCAL_OFFICE_OFFICE_ID, EMP_POSITION) VALUES (79, 20, 30573, 'Milan', 'Lska', 7, 'OFFICE_MANAGER');
INSERT INTO EMPLOYEE (EMPLOYEE_ID, AGE, EVALUATION_CZK, FIRST_NAME, SURNAME, LOCAL_OFFICE_OFFICE_ID, EMP_POSITION) VALUES (80, 43, 33120, 'Vladimr', 'Osvald', 59, 'OFFICE_MANAGER');
INSERT INTO EMPLOYEE (EMPLOYEE_ID, AGE, EVALUATION_CZK, FIRST_NAME, SURNAME, LOCAL_OFFICE_OFFICE_ID, EMP_POSITION) VALUES (81, 23, 25338, 'Marie', 'Ondrukov', 56, 'OFFICE_MANAGER');
INSERT INTO EMPLOYEE (EMPLOYEE_ID, AGE, EVALUATION_CZK, FIRST_NAME, SURNAME, LOCAL_OFFICE_OFFICE_ID, EMP_POSITION) VALUES (82, 50, 21600, 'Duan', 'tancl', 33, 'OFFICE_MANAGER');
INSERT INTO EMPLOYEE (EMPLOYEE_ID, AGE, EVALUATION_CZK, FIRST_NAME, SURNAME, LOCAL_OFFICE_OFFICE_ID, EMP_POSITION) VALUES (83, 33, 27458, 'Markta', 'Rkov', 32, 'OFFICE_MANAGER');
INSERT INTO EMPLOYEE (EMPLOYEE_ID, AGE, EVALUATION_CZK, FIRST_NAME, SURNAME, LOCAL_OFFICE_OFFICE_ID, EMP_POSITION) VALUES (84, 44, 25550, 'Vladimr', 'Kubek', 55, 'OFFICE_MANAGER');
INSERT INTO EMPLOYEE (EMPLOYEE_ID, AGE, EVALUATION_CZK, FIRST_NAME, SURNAME, LOCAL_OFFICE_OFFICE_ID, EMP_POSITION) VALUES (85, 50, 32765, 'Vincenc', 'Komnek', 4, 'OFFICE_MANAGER');
INSERT INTO EMPLOYEE (EMPLOYEE_ID, AGE, EVALUATION_CZK, FIRST_NAME, SURNAME, LOCAL_OFFICE_OFFICE_ID, EMP_POSITION) VALUES (86, 41, 21596, 'Justna', 'Drbohlavov', 39, 'OFFICE_MANAGER');
INSERT INTO EMPLOYEE (EMPLOYEE_ID, AGE, EVALUATION_CZK, FIRST_NAME, SURNAME, LOCAL_OFFICE_OFFICE_ID, EMP_POSITION) VALUES (87, 50, 34845, 'Zita', 'Folprechtov', 26, 'OFFICE_MANAGER');
INSERT INTO EMPLOYEE (EMPLOYEE_ID, AGE, EVALUATION_CZK, FIRST_NAME, SURNAME, LOCAL_OFFICE_OFFICE_ID, EMP_POSITION) VALUES (88, 37, 33625, 'Mojmr', 'Stelec', 15, 'OFFICE_MANAGER');
INSERT INTO EMPLOYEE (EMPLOYEE_ID, AGE, EVALUATION_CZK, FIRST_NAME, SURNAME, LOCAL_OFFICE_OFFICE_ID, EMP_POSITION) VALUES (89, 48, 27340, 'Milena', 'Indrov', 3, 'OFFICE_MANAGER');
INSERT INTO EMPLOYEE (EMPLOYEE_ID, AGE, EVALUATION_CZK, FIRST_NAME, SURNAME, LOCAL_OFFICE_OFFICE_ID, EMP_POSITION) VALUES (90, 50, 24003, 'Miroslava', 'Soukov', 5, 'OFFICE_MANAGER');
INSERT INTO EMPLOYEE (EMPLOYEE_ID, AGE, EVALUATION_CZK, FIRST_NAME, SURNAME, LOCAL_OFFICE_OFFICE_ID, EMP_POSITION) VALUES (91, 22, 25380, 'Augustn', 'Kotr', 43, 'OFFICE_MANAGER');
INSERT INTO EMPLOYEE (EMPLOYEE_ID, AGE, EVALUATION_CZK, FIRST_NAME, SURNAME, LOCAL_OFFICE_OFFICE_ID, EMP_POSITION) VALUES (92, 32, 25292, 'Karina', 'Kutlkov', 54, 'OFFICE_MANAGER');
INSERT INTO EMPLOYEE (EMPLOYEE_ID, AGE, EVALUATION_CZK, FIRST_NAME, SURNAME, LOCAL_OFFICE_OFFICE_ID, EMP_POSITION) VALUES (93, 40, 20592, 'Hugo', 'Pavlas', 5, 'OFFICE_MANAGER');
INSERT INTO EMPLOYEE (EMPLOYEE_ID, AGE, EVALUATION_CZK, FIRST_NAME, SURNAME, LOCAL_OFFICE_OFFICE_ID, EMP_POSITION) VALUES (94, 35, 28458, 'Ale', 'Berger', 24, 'OFFICE_MANAGER');
INSERT INTO EMPLOYEE (EMPLOYEE_ID, AGE, EVALUATION_CZK, FIRST_NAME, SURNAME, LOCAL_OFFICE_OFFICE_ID, EMP_POSITION) VALUES (95, 40, 31070, 'Libue', 'Dudkov', 45, 'OFFICE_MANAGER');
INSERT INTO EMPLOYEE (EMPLOYEE_ID, AGE, EVALUATION_CZK, FIRST_NAME, SURNAME, LOCAL_OFFICE_OFFICE_ID, EMP_POSITION) VALUES (96, 40, 25336, 'Veronika', 'lajsov', 22, 'OFFICE_MANAGER');
INSERT INTO EMPLOYEE (EMPLOYEE_ID, AGE, EVALUATION_CZK, FIRST_NAME, SURNAME, LOCAL_OFFICE_OFFICE_ID, EMP_POSITION) VALUES (97, 36, 28253, 'Bohdana', 'Raszkov', 29, 'OFFICE_MANAGER');
INSERT INTO EMPLOYEE (EMPLOYEE_ID, AGE, EVALUATION_CZK, FIRST_NAME, SURNAME, LOCAL_OFFICE_OFFICE_ID, EMP_POSITION) VALUES (98, 32, 20322, 'Kateina', 'vrkov', 4, 'OFFICE_MANAGER');
INSERT INTO EMPLOYEE (EMPLOYEE_ID, AGE, EVALUATION_CZK, FIRST_NAME, SURNAME, LOCAL_OFFICE_OFFICE_ID, EMP_POSITION) VALUES (99, 20, 24840, 'Josef', 'Vodika', 5, 'OFFICE_MANAGER');
INSERT INTO EMPLOYEE (EMPLOYEE_ID, AGE, EVALUATION_CZK, FIRST_NAME, SURNAME, LOCAL_OFFICE_OFFICE_ID, EMP_POSITION) VALUES (100, 46, 31034, 'Evnie', 'Janatov', 1, 'OFFICE_MANAGER');
INSERT INTO EMPLOYEE (EMPLOYEE_ID, AGE, EVALUATION_CZK, FIRST_NAME, SURNAME, LOCAL_OFFICE_OFFICE_ID, EMP_POSITION) VALUES (101, 44, 24278, 'Alan', 'Sadlek', 43, 'OFFICE_MANAGER');
INSERT INTO EMPLOYEE (EMPLOYEE_ID, AGE, EVALUATION_CZK, FIRST_NAME, SURNAME, LOCAL_OFFICE_OFFICE_ID, EMP_POSITION) VALUES (102, 35, 25904, 'Pravoslav', 'Hlavika', 14, 'OFFICE_MANAGER');
INSERT INTO EMPLOYEE (EMPLOYEE_ID, AGE, EVALUATION_CZK, FIRST_NAME, SURNAME, LOCAL_OFFICE_OFFICE_ID, EMP_POSITION) VALUES (103, 44, 24924, 'Bohumila', 'Mal', 6, 'OFFICE_MANAGER');
INSERT INTO EMPLOYEE (EMPLOYEE_ID, AGE, EVALUATION_CZK, FIRST_NAME, SURNAME, LOCAL_OFFICE_OFFICE_ID, EMP_POSITION) VALUES (104, 40, 23247, 'Lenka', 'Veselsk', 30, 'OFFICE_MANAGER');
INSERT INTO EMPLOYEE (EMPLOYEE_ID, AGE, EVALUATION_CZK, FIRST_NAME, SURNAME, LOCAL_OFFICE_OFFICE_ID, EMP_POSITION) VALUES (105, 31, 20050, 'Bohdana', 'Friedlov', 54, 'OFFICE_MANAGER');
INSERT INTO EMPLOYEE (EMPLOYEE_ID, AGE, EVALUATION_CZK, FIRST_NAME, SURNAME, LOCAL_OFFICE_OFFICE_ID, EMP_POSITION) VALUES (106, 24, 25237, 'Miloslava', 'Skopalov', 26, 'OFFICE_MANAGER');
INSERT INTO EMPLOYEE (EMPLOYEE_ID, AGE, EVALUATION_CZK, FIRST_NAME, SURNAME, LOCAL_OFFICE_OFFICE_ID, EMP_POSITION) VALUES (107, 31, 28415, 'Ferdinand', 'Dittrich', 51, 'OFFICE_MANAGER');
INSERT INTO EMPLOYEE (EMPLOYEE_ID, AGE, EVALUATION_CZK, FIRST_NAME, SURNAME, LOCAL_OFFICE_OFFICE_ID, EMP_POSITION) VALUES (108, 22, 30018, 'Patricie', 'Hartlov', 13, 'OFFICE_MANAGER');
INSERT INTO EMPLOYEE (EMPLOYEE_ID, AGE, EVALUATION_CZK, FIRST_NAME, SURNAME, LOCAL_OFFICE_OFFICE_ID, EMP_POSITION) VALUES (109, 50, 31974, 'Tereza', 'Strmiskov', 30, 'OFFICE_MANAGER');
INSERT INTO EMPLOYEE (EMPLOYEE_ID, AGE, EVALUATION_CZK, FIRST_NAME, SURNAME, LOCAL_OFFICE_OFFICE_ID, EMP_POSITION) VALUES (110, 28, 32994, 'Bartolomj', 'Petrela', 27, 'OFFICE_MANAGER');
INSERT INTO EMPLOYEE (EMPLOYEE_ID, AGE, EVALUATION_CZK, FIRST_NAME, SURNAME, LOCAL_OFFICE_OFFICE_ID, EMP_POSITION) VALUES (111, 35, 23508, 'enk', 'Kubek', 38, 'OFFICE_MANAGER');
INSERT INTO EMPLOYEE (EMPLOYEE_ID, AGE, EVALUATION_CZK, FIRST_NAME, SURNAME, LOCAL_OFFICE_OFFICE_ID, EMP_POSITION) VALUES (112, 48, 24391, 'Liliana', 'Mlochov', 32, 'OFFICE_MANAGER');
INSERT INTO EMPLOYEE (EMPLOYEE_ID, AGE, EVALUATION_CZK, FIRST_NAME, SURNAME, LOCAL_OFFICE_OFFICE_ID, EMP_POSITION) VALUES (113, 36, 22760, 'Alois', 'Miler', 34, 'OFFICE_MANAGER');
INSERT INTO EMPLOYEE (EMPLOYEE_ID, AGE, EVALUATION_CZK, FIRST_NAME, SURNAME, LOCAL_OFFICE_OFFICE_ID, EMP_POSITION) VALUES (114, 31, 25732, 'Zbyek', 'Hejtmnek', 12, 'OFFICE_MANAGER');
INSERT INTO EMPLOYEE (EMPLOYEE_ID, AGE, EVALUATION_CZK, FIRST_NAME, SURNAME, LOCAL_OFFICE_OFFICE_ID, EMP_POSITION) VALUES (115, 35, 28119, 'Sra', 'Holbov', 13, 'OFFICE_MANAGER');
INSERT INTO EMPLOYEE (EMPLOYEE_ID, AGE, EVALUATION_CZK, FIRST_NAME, SURNAME, LOCAL_OFFICE_OFFICE_ID, EMP_POSITION) VALUES (116, 30, 20870, 'Teodor', 'Dani', 2, 'OFFICE_MANAGER');
INSERT INTO EMPLOYEE (EMPLOYEE_ID, AGE, EVALUATION_CZK, FIRST_NAME, SURNAME, LOCAL_OFFICE_OFFICE_ID, EMP_POSITION) VALUES (117, 22, 26474, 'Gustav', 'Rychtak', 51, 'OFFICE_MANAGER');
INSERT INTO EMPLOYEE (EMPLOYEE_ID, AGE, EVALUATION_CZK, FIRST_NAME, SURNAME, LOCAL_OFFICE_OFFICE_ID, EMP_POSITION) VALUES (118, 27, 29690, 'Stela', 'Podzimkov', 60, 'OFFICE_MANAGER');
INSERT INTO EMPLOYEE (EMPLOYEE_ID, AGE, EVALUATION_CZK, FIRST_NAME, SURNAME, LOCAL_OFFICE_OFFICE_ID, EMP_POSITION) VALUES (119, 34, 20547, 'Ondej', 'Mikulenka', 34, 'OFFICE_MANAGER');
INSERT INTO EMPLOYEE (EMPLOYEE_ID, AGE, EVALUATION_CZK, FIRST_NAME, SURNAME, LOCAL_OFFICE_OFFICE_ID, EMP_POSITION) VALUES (120, 36, 25184, 'Bohumil', 'Plecit', 12, 'OFFICE_MANAGER');
end;
/

prompt Tabulka CUSTOMER

begin
INSERT INTO CUSTOMER (EMAIL, FIRST_NAME, SURNAME, TEL_NUMBER) VALUES ('Medard.zenisek@seznam.cz', 'Medard', 'enek', 726631801);
INSERT INTO CUSTOMER (EMAIL, FIRST_NAME, SURNAME, TEL_NUMBER) VALUES ('Helena.Korecka@seznam.cz', 'Helena', 'Koreck', 702639620);
INSERT INTO CUSTOMER (EMAIL, FIRST_NAME, SURNAME, TEL_NUMBER) VALUES ('Prokop.reznik@seznam.cz', 'Prokop', 'eznk', 608196738);
INSERT INTO CUSTOMER (EMAIL, FIRST_NAME, SURNAME, TEL_NUMBER) VALUES ('Emil.Volf@seznam.cz', 'Emil', 'Volf', 601145780);
INSERT INTO CUSTOMER (EMAIL, FIRST_NAME, SURNAME, TEL_NUMBER) VALUES ('Frantisek.Jahoda@seznam.cz', 'Frantiek', 'Jahoda', 770376381);
INSERT INTO CUSTOMER (EMAIL, FIRST_NAME, SURNAME, TEL_NUMBER) VALUES ('Ljuba.salkova@seznam.cz', 'Ljuba', 'lkov', 736520801);
INSERT INTO CUSTOMER (EMAIL, FIRST_NAME, SURNAME, TEL_NUMBER) VALUES ('Oldrich.simickova@seznam.cz', 'Oldich', 'imkov', 604227015);
INSERT INTO CUSTOMER (EMAIL, FIRST_NAME, SURNAME, TEL_NUMBER) VALUES ('Jaromir.Matej@seznam.cz', 'Jaromr', 'Matj', 774844532);
INSERT INTO CUSTOMER (EMAIL, FIRST_NAME, SURNAME, TEL_NUMBER) VALUES ('Otmar.susta@seznam.cz', 'Otmar', 'usta', 727143934);
INSERT INTO CUSTOMER (EMAIL, FIRST_NAME, SURNAME, TEL_NUMBER) VALUES ('Roman.Pycha@seznam.cz', 'Roman', 'Pcha', 770707686);
INSERT INTO CUSTOMER (EMAIL, FIRST_NAME, SURNAME, TEL_NUMBER) VALUES ('Jana.Kalisova@seznam.cz', 'Jana', 'Kaliov', 770838531);
INSERT INTO CUSTOMER (EMAIL, FIRST_NAME, SURNAME, TEL_NUMBER) VALUES ('Ljuba.Prchlikova@seznam.cz', 'Ljuba', 'Prchlkov', 601117094);
INSERT INTO CUSTOMER (EMAIL, FIRST_NAME, SURNAME, TEL_NUMBER) VALUES ('zofie.zurkova@seznam.cz', 'ofie', 'rkov', 733888051);
INSERT INTO CUSTOMER (EMAIL, FIRST_NAME, SURNAME, TEL_NUMBER) VALUES ('Liliana.Jirouskova@seznam.cz', 'Liliana', 'Jiroukov', 729280315);
INSERT INTO CUSTOMER (EMAIL, FIRST_NAME, SURNAME, TEL_NUMBER) VALUES ('Irena.Ditetova@seznam.cz', 'Irena', 'Dttov', 608996067);
INSERT INTO CUSTOMER (EMAIL, FIRST_NAME, SURNAME, TEL_NUMBER) VALUES ('Martina.Jirakova@seznam.cz', 'Martina', 'Jirkov', 720973061);
INSERT INTO CUSTOMER (EMAIL, FIRST_NAME, SURNAME, TEL_NUMBER) VALUES ('Prokop.Tucek@seznam.cz', 'Prokop', 'Tuek', 732890668);
INSERT INTO CUSTOMER (EMAIL, FIRST_NAME, SURNAME, TEL_NUMBER) VALUES ('Roman.Hahn@seznam.cz', 'Roman', 'Hahn', 730695583);
INSERT INTO CUSTOMER (EMAIL, FIRST_NAME, SURNAME, TEL_NUMBER) VALUES ('Bretislav.Knotek@seznam.cz', 'Betislav', 'Knotek', 721947514);
INSERT INTO CUSTOMER (EMAIL, FIRST_NAME, SURNAME, TEL_NUMBER) VALUES ('Norbert.Pecina@seznam.cz', 'Norbert', 'Pecina', 608197700);
INSERT INTO CUSTOMER (EMAIL, FIRST_NAME, SURNAME, TEL_NUMBER) VALUES ('Marika.Houzvickova@seznam.cz', 'Marika', 'Houvikov', 604267791);
INSERT INTO CUSTOMER (EMAIL, FIRST_NAME, SURNAME, TEL_NUMBER) VALUES ('Lubor.Plasek@seznam.cz', 'Lubor', 'Plek', 739320289);
INSERT INTO CUSTOMER (EMAIL, FIRST_NAME, SURNAME, TEL_NUMBER) VALUES ('Bohumila.Rybakova@seznam.cz', 'Bohumila', 'Rybkov', 734969196);
INSERT INTO CUSTOMER (EMAIL, FIRST_NAME, SURNAME, TEL_NUMBER) VALUES ('Radim.zemlicka@seznam.cz', 'Radim', 'emlika', 607542581);
INSERT INTO CUSTOMER (EMAIL, FIRST_NAME, SURNAME, TEL_NUMBER) VALUES ('Drahoslav.Valcik@seznam.cz', 'Drahoslav', 'Valk', 733640142);
INSERT INTO CUSTOMER (EMAIL, FIRST_NAME, SURNAME, TEL_NUMBER) VALUES ('Robin.Dostal@seznam.cz', 'Robin', 'Dostl', 726324974);
INSERT INTO CUSTOMER (EMAIL, FIRST_NAME, SURNAME, TEL_NUMBER) VALUES ('Darina.Andrlova@seznam.cz', 'Darina', 'Andrlov', 725498344);
INSERT INTO CUSTOMER (EMAIL, FIRST_NAME, SURNAME, TEL_NUMBER) VALUES ('Alexej.Reich@seznam.cz', 'Alexej', 'Reich', 605310766);
INSERT INTO CUSTOMER (EMAIL, FIRST_NAME, SURNAME, TEL_NUMBER) VALUES ('Agata.Kralikova@seznam.cz', 'Agta', 'Krlkov', 721469430);
INSERT INTO CUSTOMER (EMAIL, FIRST_NAME, SURNAME, TEL_NUMBER) VALUES ('Matylda.Mikeskova@seznam.cz', 'Matylda', 'Mikeskov', 776686484);
INSERT INTO CUSTOMER (EMAIL, FIRST_NAME, SURNAME, TEL_NUMBER) VALUES ('Matej.Szabo@seznam.cz', 'Matj', 'Szabo', 775350378);
INSERT INTO CUSTOMER (EMAIL, FIRST_NAME, SURNAME, TEL_NUMBER) VALUES ('Lumir.Juchelka@seznam.cz', 'Lumr', 'Juchelka', 730872596);
INSERT INTO CUSTOMER (EMAIL, FIRST_NAME, SURNAME, TEL_NUMBER) VALUES ('Alice.Fedakova@seznam.cz', 'Alice', 'Fedkov', 721492489);
INSERT INTO CUSTOMER (EMAIL, FIRST_NAME, SURNAME, TEL_NUMBER) VALUES ('Alois.Chmelik@seznam.cz', 'Alois', 'Chmelk', 726793764);
INSERT INTO CUSTOMER (EMAIL, FIRST_NAME, SURNAME, TEL_NUMBER) VALUES ('Anezka.Maierova@seznam.cz', 'Aneka', 'Maierov', 726219730);
INSERT INTO CUSTOMER (EMAIL, FIRST_NAME, SURNAME, TEL_NUMBER) VALUES ('Nela.Veselkova@seznam.cz', 'Nela', 'Veselkov', 604120424);
INSERT INTO CUSTOMER (EMAIL, FIRST_NAME, SURNAME, TEL_NUMBER) VALUES ('Bruno.Masin@seznam.cz', 'Bruno', 'Man', 777210091);
INSERT INTO CUSTOMER (EMAIL, FIRST_NAME, SURNAME, TEL_NUMBER) VALUES ('Emanuel.Fanta@seznam.cz', 'Emanuel', 'Fanta', 776927220);
INSERT INTO CUSTOMER (EMAIL, FIRST_NAME, SURNAME, TEL_NUMBER) VALUES ('Igor.capek@seznam.cz', 'Igor', 'apek', 728498113);
INSERT INTO CUSTOMER (EMAIL, FIRST_NAME, SURNAME, TEL_NUMBER) VALUES ('Vladan.Hula@seznam.cz', 'Vladan', 'Hla', 725714227);
end;
/

prompt Tabulka CAR

begin
INSERT INTO CAR (REGISTRATION_NUMBER, BRAND, CAR_COUNTRY, COLOUR, CAR_TYPE) VALUES (100000, 'Audi', ' Paraguay', 'modr', 'Sedan');
INSERT INTO CAR (REGISTRATION_NUMBER, BRAND, CAR_COUNTRY, COLOUR, CAR_TYPE) VALUES (103231, 'Audi', ' Burundi', 'ern', 'Sedan');
INSERT INTO CAR (REGISTRATION_NUMBER, BRAND, CAR_COUNTRY, COLOUR, CAR_TYPE) VALUES (106462, 'BMW', ' Karibske Nizozemsko (Nizozemsko)', 'ern', 'SUV');
INSERT INTO CAR (REGISTRATION_NUMBER, BRAND, CAR_COUNTRY, COLOUR, CAR_TYPE) VALUES (109693, 'Volvo', ' Dominika', 'stbrn', 'Combi');
INSERT INTO CAR (REGISTRATION_NUMBER, BRAND, CAR_COUNTRY, COLOUR, CAR_TYPE) VALUES (112924, 'Audi', ' Etiopie', 'erven', 'Combi');
INSERT INTO CAR (REGISTRATION_NUMBER, BRAND, CAR_COUNTRY, COLOUR, CAR_TYPE) VALUES (116155, 'Audi', ' Fidzi', 'modr', 'SUV');
INSERT INTO CAR (REGISTRATION_NUMBER, BRAND, CAR_COUNTRY, COLOUR, CAR_TYPE) VALUES (119386, 'Audi', ' Vychodni Timor', 'zelen', 'Coupe');
INSERT INTO CAR (REGISTRATION_NUMBER, BRAND, CAR_COUNTRY, COLOUR, CAR_TYPE) VALUES (122617, 'BMW', ' Svazijsko', 'erven', 'Combi');
INSERT INTO CAR (REGISTRATION_NUMBER, BRAND, CAR_COUNTRY, COLOUR, CAR_TYPE) VALUES (125848, 'Audi', ' Bosna a Hercegovina', 'ern', 'Sedan');
INSERT INTO CAR (REGISTRATION_NUMBER, BRAND, CAR_COUNTRY, COLOUR, CAR_TYPE) VALUES (129079, 'Skoda', ' Malawi', 'erven', 'Sedan');
INSERT INTO CAR (REGISTRATION_NUMBER, BRAND, CAR_COUNTRY, COLOUR, CAR_TYPE) VALUES (132310, 'Volkswagen', ' Turks a Caicos (Velka Britanie)', 'zelen', 'SUV');
INSERT INTO CAR (REGISTRATION_NUMBER, BRAND, CAR_COUNTRY, COLOUR, CAR_TYPE) VALUES (135541, 'BMW', ' Guernsey (Velka Britanie)', 'lut', 'Coupe');
INSERT INTO CAR (REGISTRATION_NUMBER, BRAND, CAR_COUNTRY, COLOUR, CAR_TYPE) VALUES (138772, 'Volkswagen', ' Portoriko (USA)', 'ern', 'Sedan');
INSERT INTO CAR (REGISTRATION_NUMBER, BRAND, CAR_COUNTRY, COLOUR, CAR_TYPE) VALUES (142003, 'BMW', ' Turkmenistan', 'ern', 'Sedan');
INSERT INTO CAR (REGISTRATION_NUMBER, BRAND, CAR_COUNTRY, COLOUR, CAR_TYPE) VALUES (145234, 'Audi', ' Gabon', 'stbrn', 'Combi');
INSERT INTO CAR (REGISTRATION_NUMBER, BRAND, CAR_COUNTRY, COLOUR, CAR_TYPE) VALUES (148465, 'Audi', ' Macao (Cina)', 'ern', 'Combi');
INSERT INTO CAR (REGISTRATION_NUMBER, BRAND, CAR_COUNTRY, COLOUR, CAR_TYPE) VALUES (151696, 'Audi', ' Ekvador', 'stbrn', 'Combi');
INSERT INTO CAR (REGISTRATION_NUMBER, BRAND, CAR_COUNTRY, COLOUR, CAR_TYPE) VALUES (154927, 'BMW', ' Dansko', 'ern', 'Coupe');
INSERT INTO CAR (REGISTRATION_NUMBER, BRAND, CAR_COUNTRY, COLOUR, CAR_TYPE) VALUES (158158, 'Skoda', ' Svaty Tomas a Princuv ostrov', 'stbrn', 'SUV');
INSERT INTO CAR (REGISTRATION_NUMBER, BRAND, CAR_COUNTRY, COLOUR, CAR_TYPE) VALUES (161389, 'Skoda', ' Sierra Leone', 'zelen', 'SUV');
INSERT INTO CAR (REGISTRATION_NUMBER, BRAND, CAR_COUNTRY, COLOUR, CAR_TYPE) VALUES (164620, 'BMW', ' Brunej', 'zelen', 'SUV');
INSERT INTO CAR (REGISTRATION_NUMBER, BRAND, CAR_COUNTRY, COLOUR, CAR_TYPE) VALUES (167851, 'Skoda', ' Spanelsko', 'lut', 'Coupe');
INSERT INTO CAR (REGISTRATION_NUMBER, BRAND, CAR_COUNTRY, COLOUR, CAR_TYPE) VALUES (171082, 'Volvo', ' Spojene arabske emiraty', 'bl', 'Sedan');
INSERT INTO CAR (REGISTRATION_NUMBER, BRAND, CAR_COUNTRY, COLOUR, CAR_TYPE) VALUES (174313, 'Skoda', ' Guam (USA)', 'bl', 'Coupe');
INSERT INTO CAR (REGISTRATION_NUMBER, BRAND, CAR_COUNTRY, COLOUR, CAR_TYPE) VALUES (177544, 'Volkswagen', ' Svedsko', 'lut', 'SUV');
INSERT INTO CAR (REGISTRATION_NUMBER, BRAND, CAR_COUNTRY, COLOUR, CAR_TYPE) VALUES (180775, 'Volvo', ' Turks a Caicos (Velka Britanie)', 'lut', 'Combi');
INSERT INTO CAR (REGISTRATION_NUMBER, BRAND, CAR_COUNTRY, COLOUR, CAR_TYPE) VALUES (184006, 'Volkswagen', ' Macao (Cina)', 'erven', 'SUV');
INSERT INTO CAR (REGISTRATION_NUMBER, BRAND, CAR_COUNTRY, COLOUR, CAR_TYPE) VALUES (187237, 'Audi', ' Kyrgyzstan', 'modr', 'SUV');
INSERT INTO CAR (REGISTRATION_NUMBER, BRAND, CAR_COUNTRY, COLOUR, CAR_TYPE) VALUES (190468, 'Volvo', ' Botswana', 'bl', 'SUV');
INSERT INTO CAR (REGISTRATION_NUMBER, BRAND, CAR_COUNTRY, COLOUR, CAR_TYPE) VALUES (193699, 'BMW', ' Honduras', 'lut', 'Sedan');
INSERT INTO CAR (REGISTRATION_NUMBER, BRAND, CAR_COUNTRY, COLOUR, CAR_TYPE) VALUES (196930, 'Volkswagen', ' Palestinska autonomie', 'modr', 'Sedan');
INSERT INTO CAR (REGISTRATION_NUMBER, BRAND, CAR_COUNTRY, COLOUR, CAR_TYPE) VALUES (200161, 'Audi', ' Sierra Leone', 'stbrn', 'Sedan');
INSERT INTO CAR (REGISTRATION_NUMBER, BRAND, CAR_COUNTRY, COLOUR, CAR_TYPE) VALUES (203392, 'Volkswagen', ' Saudska Arabie', 'bl', 'Coupe');
INSERT INTO CAR (REGISTRATION_NUMBER, BRAND, CAR_COUNTRY, COLOUR, CAR_TYPE) VALUES (206623, 'Volkswagen', ' Armenie', 'erven', 'Coupe');
INSERT INTO CAR (REGISTRATION_NUMBER, BRAND, CAR_COUNTRY, COLOUR, CAR_TYPE) VALUES (209854, 'Volkswagen', ' Tuvalu', 'lut', 'SUV');
INSERT INTO CAR (REGISTRATION_NUMBER, BRAND, CAR_COUNTRY, COLOUR, CAR_TYPE) VALUES (213085, 'Volvo', ' Nepal', 'stbrn', 'SUV');
INSERT INTO CAR (REGISTRATION_NUMBER, BRAND, CAR_COUNTRY, COLOUR, CAR_TYPE) VALUES (216316, 'BMW', ' Maroko', 'zelen', 'Coupe');
INSERT INTO CAR (REGISTRATION_NUMBER, BRAND, CAR_COUNTRY, COLOUR, CAR_TYPE) VALUES (219547, 'Skoda', ' Vanocni ostrov (Australie)', 'erven', 'Coupe');
INSERT INTO CAR (REGISTRATION_NUMBER, BRAND, CAR_COUNTRY, COLOUR, CAR_TYPE) VALUES (222778, 'BMW', ' Guernsey (Velka Britanie)', 'zelen', 'SUV');
INSERT INTO CAR (REGISTRATION_NUMBER, BRAND, CAR_COUNTRY, COLOUR, CAR_TYPE) VALUES (226009, 'Volkswagen', ' Fidzi', 'modr', 'Coupe');
INSERT INTO CAR (REGISTRATION_NUMBER, BRAND, CAR_COUNTRY, COLOUR, CAR_TYPE) VALUES (229240, 'Volvo', ' Belorusko', 'modr', 'Coupe');
INSERT INTO CAR (REGISTRATION_NUMBER, BRAND, CAR_COUNTRY, COLOUR, CAR_TYPE) VALUES (232471, 'Volkswagen', ' Guernsey (Velka Britanie)', 'modr', 'SUV');
INSERT INTO CAR (REGISTRATION_NUMBER, BRAND, CAR_COUNTRY, COLOUR, CAR_TYPE) VALUES (235702, 'Volvo', ' Hongkong (Cina)', 'bl', 'Sedan');
INSERT INTO CAR (REGISTRATION_NUMBER, BRAND, CAR_COUNTRY, COLOUR, CAR_TYPE) VALUES (238933, 'Audi', ' Svycarsko', 'bl', 'Sedan');
INSERT INTO CAR (REGISTRATION_NUMBER, BRAND, CAR_COUNTRY, COLOUR, CAR_TYPE) VALUES (242164, 'Audi', ' Nizozemsko', 'lut', 'Coupe');
INSERT INTO CAR (REGISTRATION_NUMBER, BRAND, CAR_COUNTRY, COLOUR, CAR_TYPE) VALUES (245395, 'BMW', 'Ceska republika', 'bl', 'Coupe');
INSERT INTO CAR (REGISTRATION_NUMBER, BRAND, CAR_COUNTRY, COLOUR, CAR_TYPE) VALUES (248626, 'Skoda', ' Azerbajdzan', 'ern', 'Sedan');
INSERT INTO CAR (REGISTRATION_NUMBER, BRAND, CAR_COUNTRY, COLOUR, CAR_TYPE) VALUES (251857, 'Volvo', ' Botswana', 'zelen', 'Combi');
INSERT INTO CAR (REGISTRATION_NUMBER, BRAND, CAR_COUNTRY, COLOUR, CAR_TYPE) VALUES (255088, 'BMW', ' Hongkong (Cina)', 'erven', 'SUV');
INSERT INTO CAR (REGISTRATION_NUMBER, BRAND, CAR_COUNTRY, COLOUR, CAR_TYPE) VALUES (258319, 'Volvo', ' Svycarsko', 'ern', 'Combi');
INSERT INTO CAR (REGISTRATION_NUMBER, BRAND, CAR_COUNTRY, COLOUR, CAR_TYPE) VALUES (261550, 'Volvo', ' San Marino', 'bl', 'Coupe');
INSERT INTO CAR (REGISTRATION_NUMBER, BRAND, CAR_COUNTRY, COLOUR, CAR_TYPE) VALUES (264781, 'Skoda', ' Libanon', 'zelen', 'Sedan');
INSERT INTO CAR (REGISTRATION_NUMBER, BRAND, CAR_COUNTRY, COLOUR, CAR_TYPE) VALUES (268012, 'Skoda', ' Tonga', 'ern', 'Sedan');
INSERT INTO CAR (REGISTRATION_NUMBER, BRAND, CAR_COUNTRY, COLOUR, CAR_TYPE) VALUES (271243, 'Volkswagen', ' Brunej', 'bl', 'SUV');
INSERT INTO CAR (REGISTRATION_NUMBER, BRAND, CAR_COUNTRY, COLOUR, CAR_TYPE) VALUES (274474, 'Skoda', ' Kazachstan', 'zelen', 'Sedan');
INSERT INTO CAR (REGISTRATION_NUMBER, BRAND, CAR_COUNTRY, COLOUR, CAR_TYPE) VALUES (277705, 'Volvo', ' Belize', 'erven', 'Sedan');
INSERT INTO CAR (REGISTRATION_NUMBER, BRAND, CAR_COUNTRY, COLOUR, CAR_TYPE) VALUES (280936, 'BMW', ' Mauricius', 'ern', 'Sedan');
INSERT INTO CAR (REGISTRATION_NUMBER, BRAND, CAR_COUNTRY, COLOUR, CAR_TYPE) VALUES (284167, 'Volkswagen', ' Gambie', 'stbrn', 'Sedan');
INSERT INTO CAR (REGISTRATION_NUMBER, BRAND, CAR_COUNTRY, COLOUR, CAR_TYPE) VALUES (287398, 'BMW', ' Tuvalu', 'modr', 'Coupe');
INSERT INTO CAR (REGISTRATION_NUMBER, BRAND, CAR_COUNTRY, COLOUR, CAR_TYPE) VALUES (290629, 'Volvo', ' Gronsko (Dansko)', 'modr', 'SUV');
end;
/

prompt Tabulka Relation_12

begin
INSERT INTO Relation_12 (CUSTOMER_EMAIL, CAR_REGISTRATION_NUMBER) VALUES ('Medard.zenisek@seznam.cz', 100000);
INSERT INTO Relation_12 (CUSTOMER_EMAIL, CAR_REGISTRATION_NUMBER) VALUES ('Medard.zenisek@seznam.cz', 103231);
INSERT INTO Relation_12 (CUSTOMER_EMAIL, CAR_REGISTRATION_NUMBER) VALUES ('Helena.Korecka@seznam.cz', 106462);
INSERT INTO Relation_12 (CUSTOMER_EMAIL, CAR_REGISTRATION_NUMBER) VALUES ('Prokop.reznik@seznam.cz', 109693);
INSERT INTO Relation_12 (CUSTOMER_EMAIL, CAR_REGISTRATION_NUMBER) VALUES ('Emil.Volf@seznam.cz', 112924);
INSERT INTO Relation_12 (CUSTOMER_EMAIL, CAR_REGISTRATION_NUMBER) VALUES ('Frantisek.Jahoda@seznam.cz', 116155);
INSERT INTO Relation_12 (CUSTOMER_EMAIL, CAR_REGISTRATION_NUMBER) VALUES ('Ljuba.salkova@seznam.cz', 119386);
INSERT INTO Relation_12 (CUSTOMER_EMAIL, CAR_REGISTRATION_NUMBER) VALUES ('Oldrich.simickova@seznam.cz', 122617);
INSERT INTO Relation_12 (CUSTOMER_EMAIL, CAR_REGISTRATION_NUMBER) VALUES ('Jaromir.Matej@seznam.cz', 125848);
INSERT INTO Relation_12 (CUSTOMER_EMAIL, CAR_REGISTRATION_NUMBER) VALUES ('Otmar.susta@seznam.cz', 129079);
INSERT INTO Relation_12 (CUSTOMER_EMAIL, CAR_REGISTRATION_NUMBER) VALUES ('Roman.Pycha@seznam.cz', 132310);
INSERT INTO Relation_12 (CUSTOMER_EMAIL, CAR_REGISTRATION_NUMBER) VALUES ('Jana.Kalisova@seznam.cz', 135541);
INSERT INTO Relation_12 (CUSTOMER_EMAIL, CAR_REGISTRATION_NUMBER) VALUES ('Ljuba.Prchlikova@seznam.cz', 138772);
INSERT INTO Relation_12 (CUSTOMER_EMAIL, CAR_REGISTRATION_NUMBER) VALUES ('zofie.zurkova@seznam.cz', 142003);
INSERT INTO Relation_12 (CUSTOMER_EMAIL, CAR_REGISTRATION_NUMBER) VALUES ('Liliana.Jirouskova@seznam.cz', 145234);
INSERT INTO Relation_12 (CUSTOMER_EMAIL, CAR_REGISTRATION_NUMBER) VALUES ('Irena.Ditetova@seznam.cz', 148465);
INSERT INTO Relation_12 (CUSTOMER_EMAIL, CAR_REGISTRATION_NUMBER) VALUES ('Roman.Pycha@seznam.cz', 151696);
INSERT INTO Relation_12 (CUSTOMER_EMAIL, CAR_REGISTRATION_NUMBER) VALUES ('Martina.Jirakova@seznam.cz', 154927);
INSERT INTO Relation_12 (CUSTOMER_EMAIL, CAR_REGISTRATION_NUMBER) VALUES ('Prokop.Tucek@seznam.cz', 158158);
INSERT INTO Relation_12 (CUSTOMER_EMAIL, CAR_REGISTRATION_NUMBER) VALUES ('Roman.Hahn@seznam.cz', 161389);
INSERT INTO Relation_12 (CUSTOMER_EMAIL, CAR_REGISTRATION_NUMBER) VALUES ('Bretislav.Knotek@seznam.cz', 164620);
INSERT INTO Relation_12 (CUSTOMER_EMAIL, CAR_REGISTRATION_NUMBER) VALUES ('Norbert.Pecina@seznam.cz', 167851);
INSERT INTO Relation_12 (CUSTOMER_EMAIL, CAR_REGISTRATION_NUMBER) VALUES ('Marika.Houzvickova@seznam.cz', 171082);
INSERT INTO Relation_12 (CUSTOMER_EMAIL, CAR_REGISTRATION_NUMBER) VALUES ('Lubor.Plasek@seznam.cz', 174313);
INSERT INTO Relation_12 (CUSTOMER_EMAIL, CAR_REGISTRATION_NUMBER) VALUES ('Bohumila.Rybakova@seznam.cz', 177544);
INSERT INTO Relation_12 (CUSTOMER_EMAIL, CAR_REGISTRATION_NUMBER) VALUES ('Radim.zemlicka@seznam.cz', 180775);
INSERT INTO Relation_12 (CUSTOMER_EMAIL, CAR_REGISTRATION_NUMBER) VALUES ('Drahoslav.Valcik@seznam.cz', 184006);
INSERT INTO Relation_12 (CUSTOMER_EMAIL, CAR_REGISTRATION_NUMBER) VALUES ('Drahoslav.Valcik@seznam.cz', 187237);
INSERT INTO Relation_12 (CUSTOMER_EMAIL, CAR_REGISTRATION_NUMBER) VALUES ('Roman.Pycha@seznam.cz', 190468);
INSERT INTO Relation_12 (CUSTOMER_EMAIL, CAR_REGISTRATION_NUMBER) VALUES ('Robin.Dostal@seznam.cz', 193699);
INSERT INTO Relation_12 (CUSTOMER_EMAIL, CAR_REGISTRATION_NUMBER) VALUES ('Darina.Andrlova@seznam.cz', 196930);
INSERT INTO Relation_12 (CUSTOMER_EMAIL, CAR_REGISTRATION_NUMBER) VALUES ('Alexej.Reich@seznam.cz', 200161);
INSERT INTO Relation_12 (CUSTOMER_EMAIL, CAR_REGISTRATION_NUMBER) VALUES ('Marika.Houzvickova@seznam.cz', 203392);
INSERT INTO Relation_12 (CUSTOMER_EMAIL, CAR_REGISTRATION_NUMBER) VALUES ('Agata.Kralikova@seznam.cz', 206623);
INSERT INTO Relation_12 (CUSTOMER_EMAIL, CAR_REGISTRATION_NUMBER) VALUES ('Matylda.Mikeskova@seznam.cz', 209854);
INSERT INTO Relation_12 (CUSTOMER_EMAIL, CAR_REGISTRATION_NUMBER) VALUES ('Matej.Szabo@seznam.cz', 213085);
INSERT INTO Relation_12 (CUSTOMER_EMAIL, CAR_REGISTRATION_NUMBER) VALUES ('Lumir.Juchelka@seznam.cz', 216316);
INSERT INTO Relation_12 (CUSTOMER_EMAIL, CAR_REGISTRATION_NUMBER) VALUES ('Alice.Fedakova@seznam.cz', 219547);
INSERT INTO Relation_12 (CUSTOMER_EMAIL, CAR_REGISTRATION_NUMBER) VALUES ('Irena.Ditetova@seznam.cz', 222778);
INSERT INTO Relation_12 (CUSTOMER_EMAIL, CAR_REGISTRATION_NUMBER) VALUES ('Alois.Chmelik@seznam.cz', 226009);
INSERT INTO Relation_12 (CUSTOMER_EMAIL, CAR_REGISTRATION_NUMBER) VALUES ('Anezka.Maierova@seznam.cz', 229240);
INSERT INTO Relation_12 (CUSTOMER_EMAIL, CAR_REGISTRATION_NUMBER) VALUES ('Alice.Fedakova@seznam.cz', 232471);
INSERT INTO Relation_12 (CUSTOMER_EMAIL, CAR_REGISTRATION_NUMBER) VALUES ('Norbert.Pecina@seznam.cz', 235702);
INSERT INTO Relation_12 (CUSTOMER_EMAIL, CAR_REGISTRATION_NUMBER) VALUES ('Nela.Veselkova@seznam.cz', 238933);
INSERT INTO Relation_12 (CUSTOMER_EMAIL, CAR_REGISTRATION_NUMBER) VALUES ('Bruno.Masin@seznam.cz', 242164);
INSERT INTO Relation_12 (CUSTOMER_EMAIL, CAR_REGISTRATION_NUMBER) VALUES ('Emanuel.Fanta@seznam.cz', 245395);
INSERT INTO Relation_12 (CUSTOMER_EMAIL, CAR_REGISTRATION_NUMBER) VALUES ('Jana.Kalisova@seznam.cz', 248626);
INSERT INTO Relation_12 (CUSTOMER_EMAIL, CAR_REGISTRATION_NUMBER) VALUES ('Alexej.Reich@seznam.cz', 251857);
INSERT INTO Relation_12 (CUSTOMER_EMAIL, CAR_REGISTRATION_NUMBER) VALUES ('Alexej.Reich@seznam.cz', 255088);
INSERT INTO Relation_12 (CUSTOMER_EMAIL, CAR_REGISTRATION_NUMBER) VALUES ('Vladan.Hula@seznam.cz', 258319);
INSERT INTO Relation_12 (CUSTOMER_EMAIL, CAR_REGISTRATION_NUMBER) VALUES ('Alexej.Reich@seznam.cz', 261550);
INSERT INTO Relation_12 (CUSTOMER_EMAIL, CAR_REGISTRATION_NUMBER) VALUES ('Roman.Hahn@seznam.cz', 264781);
INSERT INTO Relation_12 (CUSTOMER_EMAIL, CAR_REGISTRATION_NUMBER) VALUES ('Alexej.Reich@seznam.cz', 268012);
INSERT INTO Relation_12 (CUSTOMER_EMAIL, CAR_REGISTRATION_NUMBER) VALUES ('Igor.capek@seznam.cz', 271243);
INSERT INTO Relation_12 (CUSTOMER_EMAIL, CAR_REGISTRATION_NUMBER) VALUES ('Alexej.Reich@seznam.cz', 274474);
INSERT INTO Relation_12 (CUSTOMER_EMAIL, CAR_REGISTRATION_NUMBER) VALUES ('Radim.zemlicka@seznam.cz', 277705);
INSERT INTO Relation_12 (CUSTOMER_EMAIL, CAR_REGISTRATION_NUMBER) VALUES ('Norbert.Pecina@seznam.cz', 280936);
INSERT INTO Relation_12 (CUSTOMER_EMAIL, CAR_REGISTRATION_NUMBER) VALUES ('Alexej.Reich@seznam.cz', 284167);
INSERT INTO Relation_12 (CUSTOMER_EMAIL, CAR_REGISTRATION_NUMBER) VALUES ('Igor.capek@seznam.cz', 287398);
INSERT INTO Relation_12 (CUSTOMER_EMAIL, CAR_REGISTRATION_NUMBER) VALUES ('Vladan.Hula@seznam.cz', 290629);
end;
/

prompt Tabulka SPACE_GUARD
begin
INSERT INTO SPACE_GUARD (EMPLOYEE_ID, WEAPON_PASSPORT_NUM, EMPLOYEE_EMPLOYEE_ID) VALUES (1, 34082058, employee_employee_id_seq.nextval);
INSERT INTO SPACE_GUARD (EMPLOYEE_ID, WEAPON_PASSPORT_NUM, EMPLOYEE_EMPLOYEE_ID) VALUES (2, 14924702, employee_employee_id_seq.nextval);
INSERT INTO SPACE_GUARD (EMPLOYEE_ID, WEAPON_PASSPORT_NUM, EMPLOYEE_EMPLOYEE_ID) VALUES (3, 72122881, employee_employee_id_seq.nextval);
INSERT INTO SPACE_GUARD (EMPLOYEE_ID, WEAPON_PASSPORT_NUM, EMPLOYEE_EMPLOYEE_ID) VALUES (4, 21159007, employee_employee_id_seq.nextval);
INSERT INTO SPACE_GUARD (EMPLOYEE_ID, WEAPON_PASSPORT_NUM, EMPLOYEE_EMPLOYEE_ID) VALUES (5, 32297952, employee_employee_id_seq.nextval);
INSERT INTO SPACE_GUARD (EMPLOYEE_ID, WEAPON_PASSPORT_NUM, EMPLOYEE_EMPLOYEE_ID) VALUES (6, 37474358, employee_employee_id_seq.nextval);
INSERT INTO SPACE_GUARD (EMPLOYEE_ID, WEAPON_PASSPORT_NUM, EMPLOYEE_EMPLOYEE_ID) VALUES (7, 81310329, employee_employee_id_seq.nextval);
INSERT INTO SPACE_GUARD (EMPLOYEE_ID, WEAPON_PASSPORT_NUM, EMPLOYEE_EMPLOYEE_ID) VALUES (8, 26840532, employee_employee_id_seq.nextval);
INSERT INTO SPACE_GUARD (EMPLOYEE_ID, WEAPON_PASSPORT_NUM, EMPLOYEE_EMPLOYEE_ID) VALUES (9, 52392860, employee_employee_id_seq.nextval);
INSERT INTO SPACE_GUARD (EMPLOYEE_ID, WEAPON_PASSPORT_NUM, EMPLOYEE_EMPLOYEE_ID) VALUES (10, 27625018, employee_employee_id_seq.nextval);
INSERT INTO SPACE_GUARD (EMPLOYEE_ID, WEAPON_PASSPORT_NUM, EMPLOYEE_EMPLOYEE_ID) VALUES (11, 41631988, employee_employee_id_seq.nextval);
INSERT INTO SPACE_GUARD (EMPLOYEE_ID, WEAPON_PASSPORT_NUM, EMPLOYEE_EMPLOYEE_ID) VALUES (12, 50804291, employee_employee_id_seq.nextval);
INSERT INTO SPACE_GUARD (EMPLOYEE_ID, WEAPON_PASSPORT_NUM, EMPLOYEE_EMPLOYEE_ID) VALUES (13, 13158139, employee_employee_id_seq.nextval);
INSERT INTO SPACE_GUARD (EMPLOYEE_ID, WEAPON_PASSPORT_NUM, EMPLOYEE_EMPLOYEE_ID) VALUES (14, 11176140, employee_employee_id_seq.nextval);
INSERT INTO SPACE_GUARD (EMPLOYEE_ID, WEAPON_PASSPORT_NUM, EMPLOYEE_EMPLOYEE_ID) VALUES (15, 36985394, employee_employee_id_seq.nextval);
INSERT INTO SPACE_GUARD (EMPLOYEE_ID, WEAPON_PASSPORT_NUM, EMPLOYEE_EMPLOYEE_ID) VALUES (16, 11808866, employee_employee_id_seq.nextval);
INSERT INTO SPACE_GUARD (EMPLOYEE_ID, WEAPON_PASSPORT_NUM, EMPLOYEE_EMPLOYEE_ID) VALUES (17, 83224263, employee_employee_id_seq.nextval);
INSERT INTO SPACE_GUARD (EMPLOYEE_ID, WEAPON_PASSPORT_NUM, EMPLOYEE_EMPLOYEE_ID) VALUES (18, 85562289, employee_employee_id_seq.nextval);
INSERT INTO SPACE_GUARD (EMPLOYEE_ID, WEAPON_PASSPORT_NUM, EMPLOYEE_EMPLOYEE_ID) VALUES (19, 71290703, employee_employee_id_seq.nextval);
INSERT INTO SPACE_GUARD (EMPLOYEE_ID, WEAPON_PASSPORT_NUM, EMPLOYEE_EMPLOYEE_ID) VALUES (20, 11547782, employee_employee_id_seq.nextval);
end;
/

prompt Tabulka SHOP_ASSISTANT
begin
INSERT INTO SHOP_ASSISTANT (EMPLOYEE_ID, HIGH_SCHOOL_COMPLETED, EMPLOYEE_EMPLOYEE_ID) VALUES (21, 'Stredni s maturitou', employee_employee_id_seq.nextval);
INSERT INTO SHOP_ASSISTANT (EMPLOYEE_ID, HIGH_SCHOOL_COMPLETED, EMPLOYEE_EMPLOYEE_ID) VALUES (22, 'Gymnazium', employee_employee_id_seq.nextval);
INSERT INTO SHOP_ASSISTANT (EMPLOYEE_ID, HIGH_SCHOOL_COMPLETED, EMPLOYEE_EMPLOYEE_ID) VALUES (23, 'Stredni s maturitou', employee_employee_id_seq.nextval);
INSERT INTO SHOP_ASSISTANT (EMPLOYEE_ID, HIGH_SCHOOL_COMPLETED, EMPLOYEE_EMPLOYEE_ID) VALUES (24, 'Gymnazium', employee_employee_id_seq.nextval);
INSERT INTO SHOP_ASSISTANT (EMPLOYEE_ID, HIGH_SCHOOL_COMPLETED, EMPLOYEE_EMPLOYEE_ID) VALUES (25, 'Stredni s maturitou', employee_employee_id_seq.nextval);
INSERT INTO SHOP_ASSISTANT (EMPLOYEE_ID, HIGH_SCHOOL_COMPLETED, EMPLOYEE_EMPLOYEE_ID) VALUES (26, 'Stredni s maturitou', employee_employee_id_seq.nextval);
INSERT INTO SHOP_ASSISTANT (EMPLOYEE_ID, HIGH_SCHOOL_COMPLETED, EMPLOYEE_EMPLOYEE_ID) VALUES (27, 'Gymnazium', employee_employee_id_seq.nextval);
INSERT INTO SHOP_ASSISTANT (EMPLOYEE_ID, HIGH_SCHOOL_COMPLETED, EMPLOYEE_EMPLOYEE_ID) VALUES (28, 'Stredni s maturitou', employee_employee_id_seq.nextval);
INSERT INTO SHOP_ASSISTANT (EMPLOYEE_ID, HIGH_SCHOOL_COMPLETED, EMPLOYEE_EMPLOYEE_ID) VALUES (29, 'Stredni s maturitou', employee_employee_id_seq.nextval);
INSERT INTO SHOP_ASSISTANT (EMPLOYEE_ID, HIGH_SCHOOL_COMPLETED, EMPLOYEE_EMPLOYEE_ID) VALUES (30, 'Stredni s maturitou', employee_employee_id_seq.nextval);
INSERT INTO SHOP_ASSISTANT (EMPLOYEE_ID, HIGH_SCHOOL_COMPLETED, EMPLOYEE_EMPLOYEE_ID) VALUES (31, 'Stredni s maturitou', employee_employee_id_seq.nextval);
INSERT INTO SHOP_ASSISTANT (EMPLOYEE_ID, HIGH_SCHOOL_COMPLETED, EMPLOYEE_EMPLOYEE_ID) VALUES (32, 'Stredni s maturitou', employee_employee_id_seq.nextval);
INSERT INTO SHOP_ASSISTANT (EMPLOYEE_ID, HIGH_SCHOOL_COMPLETED, EMPLOYEE_EMPLOYEE_ID) VALUES (33, 'Stredni s maturitou', employee_employee_id_seq.nextval);
INSERT INTO SHOP_ASSISTANT (EMPLOYEE_ID, HIGH_SCHOOL_COMPLETED, EMPLOYEE_EMPLOYEE_ID) VALUES (34, 'Gymnazium', employee_employee_id_seq.nextval);
INSERT INTO SHOP_ASSISTANT (EMPLOYEE_ID, HIGH_SCHOOL_COMPLETED, EMPLOYEE_EMPLOYEE_ID) VALUES (35, 'Stredni s maturitou', employee_employee_id_seq.nextval);
INSERT INTO SHOP_ASSISTANT (EMPLOYEE_ID, HIGH_SCHOOL_COMPLETED, EMPLOYEE_EMPLOYEE_ID) VALUES (36, 'Stredni s maturitou', employee_employee_id_seq.nextval);
INSERT INTO SHOP_ASSISTANT (EMPLOYEE_ID, HIGH_SCHOOL_COMPLETED, EMPLOYEE_EMPLOYEE_ID) VALUES (37, 'Gymnazium', employee_employee_id_seq.nextval);
INSERT INTO SHOP_ASSISTANT (EMPLOYEE_ID, HIGH_SCHOOL_COMPLETED, EMPLOYEE_EMPLOYEE_ID) VALUES (38, 'Gymnazium', employee_employee_id_seq.nextval);
INSERT INTO SHOP_ASSISTANT (EMPLOYEE_ID, HIGH_SCHOOL_COMPLETED, EMPLOYEE_EMPLOYEE_ID) VALUES (39, 'Stredni s maturitou', employee_employee_id_seq.nextval);
INSERT INTO SHOP_ASSISTANT (EMPLOYEE_ID, HIGH_SCHOOL_COMPLETED, EMPLOYEE_EMPLOYEE_ID) VALUES (40, 'Gymnazium', employee_employee_id_seq.nextval);
INSERT INTO SHOP_ASSISTANT (EMPLOYEE_ID, HIGH_SCHOOL_COMPLETED, EMPLOYEE_EMPLOYEE_ID) VALUES (41, 'Stredni s maturitou', employee_employee_id_seq.nextval);
INSERT INTO SHOP_ASSISTANT (EMPLOYEE_ID, HIGH_SCHOOL_COMPLETED, EMPLOYEE_EMPLOYEE_ID) VALUES (42, 'Stredni s maturitou', employee_employee_id_seq.nextval);
INSERT INTO SHOP_ASSISTANT (EMPLOYEE_ID, HIGH_SCHOOL_COMPLETED, EMPLOYEE_EMPLOYEE_ID) VALUES (43, 'Stredni s maturitou', employee_employee_id_seq.nextval);
INSERT INTO SHOP_ASSISTANT (EMPLOYEE_ID, HIGH_SCHOOL_COMPLETED, EMPLOYEE_EMPLOYEE_ID) VALUES (44, 'Stredni s maturitou', employee_employee_id_seq.nextval);
INSERT INTO SHOP_ASSISTANT (EMPLOYEE_ID, HIGH_SCHOOL_COMPLETED, EMPLOYEE_EMPLOYEE_ID) VALUES (45, 'Gymnazium', employee_employee_id_seq.nextval);
INSERT INTO SHOP_ASSISTANT (EMPLOYEE_ID, HIGH_SCHOOL_COMPLETED, EMPLOYEE_EMPLOYEE_ID) VALUES (46, 'Gymnazium', employee_employee_id_seq.nextval);
INSERT INTO SHOP_ASSISTANT (EMPLOYEE_ID, HIGH_SCHOOL_COMPLETED, EMPLOYEE_EMPLOYEE_ID) VALUES (47, 'Stredni s maturitou', employee_employee_id_seq.nextval);
INSERT INTO SHOP_ASSISTANT (EMPLOYEE_ID, HIGH_SCHOOL_COMPLETED, EMPLOYEE_EMPLOYEE_ID) VALUES (48, 'Stredni s maturitou', employee_employee_id_seq.nextval);
INSERT INTO SHOP_ASSISTANT (EMPLOYEE_ID, HIGH_SCHOOL_COMPLETED, EMPLOYEE_EMPLOYEE_ID) VALUES (49, 'Stredni s maturitou', employee_employee_id_seq.nextval);
INSERT INTO SHOP_ASSISTANT (EMPLOYEE_ID, HIGH_SCHOOL_COMPLETED, EMPLOYEE_EMPLOYEE_ID) VALUES (50, 'Gymnazium', employee_employee_id_seq.nextval);
INSERT INTO SHOP_ASSISTANT (EMPLOYEE_ID, HIGH_SCHOOL_COMPLETED, EMPLOYEE_EMPLOYEE_ID) VALUES (51, 'Stredni s maturitou', employee_employee_id_seq.nextval);
INSERT INTO SHOP_ASSISTANT (EMPLOYEE_ID, HIGH_SCHOOL_COMPLETED, EMPLOYEE_EMPLOYEE_ID) VALUES (52, 'Stredni s maturitou', employee_employee_id_seq.nextval);
INSERT INTO SHOP_ASSISTANT (EMPLOYEE_ID, HIGH_SCHOOL_COMPLETED, EMPLOYEE_EMPLOYEE_ID) VALUES (53, 'Stredni s maturitou', employee_employee_id_seq.nextval);
INSERT INTO SHOP_ASSISTANT (EMPLOYEE_ID, HIGH_SCHOOL_COMPLETED, EMPLOYEE_EMPLOYEE_ID) VALUES (54, 'Gymnazium', employee_employee_id_seq.nextval);
INSERT INTO SHOP_ASSISTANT (EMPLOYEE_ID, HIGH_SCHOOL_COMPLETED, EMPLOYEE_EMPLOYEE_ID) VALUES (55, 'Stredni s maturitou', employee_employee_id_seq.nextval);
INSERT INTO SHOP_ASSISTANT (EMPLOYEE_ID, HIGH_SCHOOL_COMPLETED, EMPLOYEE_EMPLOYEE_ID) VALUES (56, 'Gymnazium', employee_employee_id_seq.nextval);
INSERT INTO SHOP_ASSISTANT (EMPLOYEE_ID, HIGH_SCHOOL_COMPLETED, EMPLOYEE_EMPLOYEE_ID) VALUES (57, 'Stredni s maturitou', employee_employee_id_seq.nextval);
INSERT INTO SHOP_ASSISTANT (EMPLOYEE_ID, HIGH_SCHOOL_COMPLETED, EMPLOYEE_EMPLOYEE_ID) VALUES (58, 'Stredni s maturitou', employee_employee_id_seq.nextval);
INSERT INTO SHOP_ASSISTANT (EMPLOYEE_ID, HIGH_SCHOOL_COMPLETED, EMPLOYEE_EMPLOYEE_ID) VALUES (59, 'Stredni s maturitou', employee_employee_id_seq.nextval);
INSERT INTO SHOP_ASSISTANT (EMPLOYEE_ID, HIGH_SCHOOL_COMPLETED, EMPLOYEE_EMPLOYEE_ID) VALUES (60, 'Stredni s maturitou', employee_employee_id_seq.nextval);
INSERT INTO SHOP_ASSISTANT (EMPLOYEE_ID, HIGH_SCHOOL_COMPLETED, EMPLOYEE_EMPLOYEE_ID) VALUES (61, 'Gymnazium', employee_employee_id_seq.nextval);
INSERT INTO SHOP_ASSISTANT (EMPLOYEE_ID, HIGH_SCHOOL_COMPLETED, EMPLOYEE_EMPLOYEE_ID) VALUES (62, 'Stredni s maturitou', employee_employee_id_seq.nextval);
INSERT INTO SHOP_ASSISTANT (EMPLOYEE_ID, HIGH_SCHOOL_COMPLETED, EMPLOYEE_EMPLOYEE_ID) VALUES (63, 'Stredni s maturitou', employee_employee_id_seq.nextval);
INSERT INTO SHOP_ASSISTANT (EMPLOYEE_ID, HIGH_SCHOOL_COMPLETED, EMPLOYEE_EMPLOYEE_ID) VALUES (64, 'Gymnazium', employee_employee_id_seq.nextval);
INSERT INTO SHOP_ASSISTANT (EMPLOYEE_ID, HIGH_SCHOOL_COMPLETED, EMPLOYEE_EMPLOYEE_ID) VALUES (65, 'Stredni s maturitou', employee_employee_id_seq.nextval);
INSERT INTO SHOP_ASSISTANT (EMPLOYEE_ID, HIGH_SCHOOL_COMPLETED, EMPLOYEE_EMPLOYEE_ID) VALUES (66, 'Gymnazium', employee_employee_id_seq.nextval);
INSERT INTO SHOP_ASSISTANT (EMPLOYEE_ID, HIGH_SCHOOL_COMPLETED, EMPLOYEE_EMPLOYEE_ID) VALUES (67, 'Stredni s maturitou', employee_employee_id_seq.nextval);
INSERT INTO SHOP_ASSISTANT (EMPLOYEE_ID, HIGH_SCHOOL_COMPLETED, EMPLOYEE_EMPLOYEE_ID) VALUES (68, 'Stredni s maturitou', employee_employee_id_seq.nextval);
INSERT INTO SHOP_ASSISTANT (EMPLOYEE_ID, HIGH_SCHOOL_COMPLETED, EMPLOYEE_EMPLOYEE_ID) VALUES (69, 'Gymnazium', employee_employee_id_seq.nextval);
INSERT INTO SHOP_ASSISTANT (EMPLOYEE_ID, HIGH_SCHOOL_COMPLETED, EMPLOYEE_EMPLOYEE_ID) VALUES (70, 'Stredni s maturitou', employee_employee_id_seq.nextval);
INSERT INTO SHOP_ASSISTANT (EMPLOYEE_ID, HIGH_SCHOOL_COMPLETED, EMPLOYEE_EMPLOYEE_ID) VALUES (71, 'Gymnazium', employee_employee_id_seq.nextval);
INSERT INTO SHOP_ASSISTANT (EMPLOYEE_ID, HIGH_SCHOOL_COMPLETED, EMPLOYEE_EMPLOYEE_ID) VALUES (72, 'Gymnazium', employee_employee_id_seq.nextval);
INSERT INTO SHOP_ASSISTANT (EMPLOYEE_ID, HIGH_SCHOOL_COMPLETED, EMPLOYEE_EMPLOYEE_ID) VALUES (73, 'Gymnazium', employee_employee_id_seq.nextval);
INSERT INTO SHOP_ASSISTANT (EMPLOYEE_ID, HIGH_SCHOOL_COMPLETED, EMPLOYEE_EMPLOYEE_ID) VALUES (74, 'Stredni s maturitou', employee_employee_id_seq.nextval);
INSERT INTO SHOP_ASSISTANT (EMPLOYEE_ID, HIGH_SCHOOL_COMPLETED, EMPLOYEE_EMPLOYEE_ID) VALUES (75, 'Gymnazium', employee_employee_id_seq.nextval);
end;
/

prompt Tabulka OFFICE_MANAGER
begin
INSERT INTO OFFICE_MANAGER (EMPLOYEE_ID, UNIVERSITY_DEGREE, EMPLOYEE_EMPLOYEE_ID) VALUES (76, 'CVUT', employee_employee_id_seq.nextval);
INSERT INTO OFFICE_MANAGER (EMPLOYEE_ID, UNIVERSITY_DEGREE, EMPLOYEE_EMPLOYEE_ID) VALUES (77, 'Harvard', employee_employee_id_seq.nextval);
INSERT INTO OFFICE_MANAGER (EMPLOYEE_ID, UNIVERSITY_DEGREE, EMPLOYEE_EMPLOYEE_ID) VALUES (78, 'VSE', employee_employee_id_seq.nextval);
INSERT INTO OFFICE_MANAGER (EMPLOYEE_ID, UNIVERSITY_DEGREE, EMPLOYEE_EMPLOYEE_ID) VALUES (79, 'CZU', employee_employee_id_seq.nextval);
INSERT INTO OFFICE_MANAGER (EMPLOYEE_ID, UNIVERSITY_DEGREE, EMPLOYEE_EMPLOYEE_ID) VALUES (80, 'MIT', employee_employee_id_seq.nextval);
INSERT INTO OFFICE_MANAGER (EMPLOYEE_ID, UNIVERSITY_DEGREE, EMPLOYEE_EMPLOYEE_ID) VALUES (81, 'Oxford', employee_employee_id_seq.nextval);
INSERT INTO OFFICE_MANAGER (EMPLOYEE_ID, UNIVERSITY_DEGREE, EMPLOYEE_EMPLOYEE_ID) VALUES (82, 'Harvard', employee_employee_id_seq.nextval);
INSERT INTO OFFICE_MANAGER (EMPLOYEE_ID, UNIVERSITY_DEGREE, EMPLOYEE_EMPLOYEE_ID) VALUES (83, 'MIT', employee_employee_id_seq.nextval);
INSERT INTO OFFICE_MANAGER (EMPLOYEE_ID, UNIVERSITY_DEGREE, EMPLOYEE_EMPLOYEE_ID) VALUES (84, 'MIT', employee_employee_id_seq.nextval);
INSERT INTO OFFICE_MANAGER (EMPLOYEE_ID, UNIVERSITY_DEGREE, EMPLOYEE_EMPLOYEE_ID) VALUES (85, 'MIT', employee_employee_id_seq.nextval);
INSERT INTO OFFICE_MANAGER (EMPLOYEE_ID, UNIVERSITY_DEGREE, EMPLOYEE_EMPLOYEE_ID) VALUES (86, 'CVUT', employee_employee_id_seq.nextval);
INSERT INTO OFFICE_MANAGER (EMPLOYEE_ID, UNIVERSITY_DEGREE, EMPLOYEE_EMPLOYEE_ID) VALUES (87, 'VSE', employee_employee_id_seq.nextval);
INSERT INTO OFFICE_MANAGER (EMPLOYEE_ID, UNIVERSITY_DEGREE, EMPLOYEE_EMPLOYEE_ID) VALUES (88, 'MIT', employee_employee_id_seq.nextval);
INSERT INTO OFFICE_MANAGER (EMPLOYEE_ID, UNIVERSITY_DEGREE, EMPLOYEE_EMPLOYEE_ID) VALUES (89, 'VSE', employee_employee_id_seq.nextval);
INSERT INTO OFFICE_MANAGER (EMPLOYEE_ID, UNIVERSITY_DEGREE, EMPLOYEE_EMPLOYEE_ID) VALUES (90, 'MIT', employee_employee_id_seq.nextval);
INSERT INTO OFFICE_MANAGER (EMPLOYEE_ID, UNIVERSITY_DEGREE, EMPLOYEE_EMPLOYEE_ID) VALUES (91, 'VSE', employee_employee_id_seq.nextval);
INSERT INTO OFFICE_MANAGER (EMPLOYEE_ID, UNIVERSITY_DEGREE, EMPLOYEE_EMPLOYEE_ID) VALUES (92, 'CZU', employee_employee_id_seq.nextval);
INSERT INTO OFFICE_MANAGER (EMPLOYEE_ID, UNIVERSITY_DEGREE, EMPLOYEE_EMPLOYEE_ID) VALUES (93, 'VSE', employee_employee_id_seq.nextval);
INSERT INTO OFFICE_MANAGER (EMPLOYEE_ID, UNIVERSITY_DEGREE, EMPLOYEE_EMPLOYEE_ID) VALUES (94, 'CVUT', employee_employee_id_seq.nextval);
INSERT INTO OFFICE_MANAGER (EMPLOYEE_ID, UNIVERSITY_DEGREE, EMPLOYEE_EMPLOYEE_ID) VALUES (95, 'CZU', employee_employee_id_seq.nextval);
INSERT INTO OFFICE_MANAGER (EMPLOYEE_ID, UNIVERSITY_DEGREE, EMPLOYEE_EMPLOYEE_ID) VALUES (96, 'CVUT', employee_employee_id_seq.nextval);
INSERT INTO OFFICE_MANAGER (EMPLOYEE_ID, UNIVERSITY_DEGREE, EMPLOYEE_EMPLOYEE_ID) VALUES (97, 'MIT', employee_employee_id_seq.nextval);
INSERT INTO OFFICE_MANAGER (EMPLOYEE_ID, UNIVERSITY_DEGREE, EMPLOYEE_EMPLOYEE_ID) VALUES (98, 'CVUT', employee_employee_id_seq.nextval);
INSERT INTO OFFICE_MANAGER (EMPLOYEE_ID, UNIVERSITY_DEGREE, EMPLOYEE_EMPLOYEE_ID) VALUES (99, 'CZU', employee_employee_id_seq.nextval);
INSERT INTO OFFICE_MANAGER (EMPLOYEE_ID, UNIVERSITY_DEGREE, EMPLOYEE_EMPLOYEE_ID) VALUES (100, 'CZU', employee_employee_id_seq.nextval);
INSERT INTO OFFICE_MANAGER (EMPLOYEE_ID, UNIVERSITY_DEGREE, EMPLOYEE_EMPLOYEE_ID) VALUES (101, 'MIT', employee_employee_id_seq.nextval);
INSERT INTO OFFICE_MANAGER (EMPLOYEE_ID, UNIVERSITY_DEGREE, EMPLOYEE_EMPLOYEE_ID) VALUES (102, 'CVUT', employee_employee_id_seq.nextval);
INSERT INTO OFFICE_MANAGER (EMPLOYEE_ID, UNIVERSITY_DEGREE, EMPLOYEE_EMPLOYEE_ID) VALUES (103, 'Harvard', employee_employee_id_seq.nextval);
INSERT INTO OFFICE_MANAGER (EMPLOYEE_ID, UNIVERSITY_DEGREE, EMPLOYEE_EMPLOYEE_ID) VALUES (104, 'Oxford', employee_employee_id_seq.nextval);
INSERT INTO OFFICE_MANAGER (EMPLOYEE_ID, UNIVERSITY_DEGREE, EMPLOYEE_EMPLOYEE_ID) VALUES (105, 'VSE', employee_employee_id_seq.nextval);
INSERT INTO OFFICE_MANAGER (EMPLOYEE_ID, UNIVERSITY_DEGREE, EMPLOYEE_EMPLOYEE_ID) VALUES (106, 'Harvard', employee_employee_id_seq.nextval);
INSERT INTO OFFICE_MANAGER (EMPLOYEE_ID, UNIVERSITY_DEGREE, EMPLOYEE_EMPLOYEE_ID) VALUES (107, 'CZU', employee_employee_id_seq.nextval);
INSERT INTO OFFICE_MANAGER (EMPLOYEE_ID, UNIVERSITY_DEGREE, EMPLOYEE_EMPLOYEE_ID) VALUES (108, 'CVUT', employee_employee_id_seq.nextval);
INSERT INTO OFFICE_MANAGER (EMPLOYEE_ID, UNIVERSITY_DEGREE, EMPLOYEE_EMPLOYEE_ID) VALUES (109, 'VSE', employee_employee_id_seq.nextval);
INSERT INTO OFFICE_MANAGER (EMPLOYEE_ID, UNIVERSITY_DEGREE, EMPLOYEE_EMPLOYEE_ID) VALUES (110, 'MIT', employee_employee_id_seq.nextval);
INSERT INTO OFFICE_MANAGER (EMPLOYEE_ID, UNIVERSITY_DEGREE, EMPLOYEE_EMPLOYEE_ID) VALUES (111, 'CZU', employee_employee_id_seq.nextval);
INSERT INTO OFFICE_MANAGER (EMPLOYEE_ID, UNIVERSITY_DEGREE, EMPLOYEE_EMPLOYEE_ID) VALUES (112, 'VSE', employee_employee_id_seq.nextval);
INSERT INTO OFFICE_MANAGER (EMPLOYEE_ID, UNIVERSITY_DEGREE, EMPLOYEE_EMPLOYEE_ID) VALUES (113, 'Oxford', employee_employee_id_seq.nextval);
INSERT INTO OFFICE_MANAGER (EMPLOYEE_ID, UNIVERSITY_DEGREE, EMPLOYEE_EMPLOYEE_ID) VALUES (114, 'CZU', employee_employee_id_seq.nextval);
INSERT INTO OFFICE_MANAGER (EMPLOYEE_ID, UNIVERSITY_DEGREE, EMPLOYEE_EMPLOYEE_ID) VALUES (115, 'VSE', employee_employee_id_seq.nextval);
INSERT INTO OFFICE_MANAGER (EMPLOYEE_ID, UNIVERSITY_DEGREE, EMPLOYEE_EMPLOYEE_ID) VALUES (116, 'Harvard', employee_employee_id_seq.nextval);
INSERT INTO OFFICE_MANAGER (EMPLOYEE_ID, UNIVERSITY_DEGREE, EMPLOYEE_EMPLOYEE_ID) VALUES (117, 'CVUT', employee_employee_id_seq.nextval);
INSERT INTO OFFICE_MANAGER (EMPLOYEE_ID, UNIVERSITY_DEGREE, EMPLOYEE_EMPLOYEE_ID) VALUES (118, 'MIT', employee_employee_id_seq.nextval);
INSERT INTO OFFICE_MANAGER (EMPLOYEE_ID, UNIVERSITY_DEGREE, EMPLOYEE_EMPLOYEE_ID) VALUES (119, 'VSE', employee_employee_id_seq.nextval);
INSERT INTO OFFICE_MANAGER (EMPLOYEE_ID, UNIVERSITY_DEGREE, EMPLOYEE_EMPLOYEE_ID) VALUES (120, 'Harvard', employee_employee_id_seq.nextval);
end;
/

prompt Tabulka ORDER


begin
INSERT INTO ORDER_T (ORDER_ID, ORDER_DATE, LOCAL_OFFICE_OFFICE_ID, PRICE, ORDER_T_TYPE, CUSTOMER_EMAIL, CAR_REGISTRATION_NUMBER) VALUES (1, TO_DATE('7/06/2012', 'DD/MM/YYYY'), 1, 10566, 'Order_in', 'Nela.Veselkova@seznam.cz', 238933);
INSERT INTO ORDER_T (ORDER_ID, ORDER_DATE, LOCAL_OFFICE_OFFICE_ID, PRICE, ORDER_T_TYPE, CUSTOMER_EMAIL, CAR_REGISTRATION_NUMBER) VALUES (2, TO_DATE('22/11/2000', 'DD/MM/YYYY'), 1, 10168, 'Order_in', 'Alexej.Reich@seznam.cz', 261550);
INSERT INTO ORDER_T (ORDER_ID, ORDER_DATE, LOCAL_OFFICE_OFFICE_ID, PRICE, ORDER_T_TYPE, CUSTOMER_EMAIL, CAR_REGISTRATION_NUMBER) VALUES (3, TO_DATE('5/09/2016', 'DD/MM/YYYY'), 1, 13713, 'Order_in', 'Prokop.reznik@seznam.cz', 109693);
INSERT INTO ORDER_T (ORDER_ID, ORDER_DATE, LOCAL_OFFICE_OFFICE_ID, PRICE, ORDER_T_TYPE, CUSTOMER_EMAIL, CAR_REGISTRATION_NUMBER) VALUES (4, TO_DATE('24/12/2010', 'DD/MM/YYYY'), 1, 14209, 'Order_in', 'Liliana.Jirouskova@seznam.cz', 145234);
INSERT INTO ORDER_T (ORDER_ID, ORDER_DATE, LOCAL_OFFICE_OFFICE_ID, PRICE, ORDER_T_TYPE, CUSTOMER_EMAIL, CAR_REGISTRATION_NUMBER) VALUES (5, TO_DATE('23/02/2010', 'DD/MM/YYYY'), 1, 13192, 'Order_in', 'Medard.zenisek@seznam.cz', 103231);
INSERT INTO ORDER_T (ORDER_ID, ORDER_DATE, LOCAL_OFFICE_OFFICE_ID, PRICE, ORDER_T_TYPE, CUSTOMER_EMAIL, CAR_REGISTRATION_NUMBER) VALUES (6, TO_DATE('30/07/2013', 'DD/MM/YYYY'), 1, 12546, 'Order_in', 'Bohumila.Rybakova@seznam.cz', 177544);
INSERT INTO ORDER_T (ORDER_ID, ORDER_DATE, LOCAL_OFFICE_OFFICE_ID, PRICE, ORDER_T_TYPE, CUSTOMER_EMAIL, CAR_REGISTRATION_NUMBER) VALUES (7, TO_DATE('26/03/2015', 'DD/MM/YYYY'), 1, 12836, 'Order_in', 'Alexej.Reich@seznam.cz', 255088);
INSERT INTO ORDER_T (ORDER_ID, ORDER_DATE, LOCAL_OFFICE_OFFICE_ID, PRICE, ORDER_T_TYPE, CUSTOMER_EMAIL, CAR_REGISTRATION_NUMBER) VALUES (8, TO_DATE('31/05/2000', 'DD/MM/YYYY'), 1, 13642, 'Order_in', 'Igor.capek@seznam.cz', 271243);
INSERT INTO ORDER_T (ORDER_ID, ORDER_DATE, LOCAL_OFFICE_OFFICE_ID, PRICE, ORDER_T_TYPE, CUSTOMER_EMAIL, CAR_REGISTRATION_NUMBER) VALUES (9, TO_DATE('7/12/2001', 'DD/MM/YYYY'), 2, 14252, 'Order_in', 'Lumir.Juchelka@seznam.cz', 216316);
INSERT INTO ORDER_T (ORDER_ID, ORDER_DATE, LOCAL_OFFICE_OFFICE_ID, PRICE, ORDER_T_TYPE, CUSTOMER_EMAIL, CAR_REGISTRATION_NUMBER) VALUES (10, TO_DATE('18/11/2014', 'DD/MM/YYYY'), 2, 11862, 'Order_in', 'Alexej.Reich@seznam.cz', 251857);
INSERT INTO ORDER_T (ORDER_ID, ORDER_DATE, LOCAL_OFFICE_OFFICE_ID, PRICE, ORDER_T_TYPE, CUSTOMER_EMAIL, CAR_REGISTRATION_NUMBER) VALUES (11, TO_DATE('22/01/2005', 'DD/MM/YYYY'), 2, 14808, 'Order_in', 'Marika.Houzvickova@seznam.cz', 203392);
INSERT INTO ORDER_T (ORDER_ID, ORDER_DATE, LOCAL_OFFICE_OFFICE_ID, PRICE, ORDER_T_TYPE, CUSTOMER_EMAIL, CAR_REGISTRATION_NUMBER) VALUES (12, TO_DATE('29/12/2005', 'DD/MM/YYYY'), 2, 12720, 'Order_in', 'Anezka.Maierova@seznam.cz', 229240);
INSERT INTO ORDER_T (ORDER_ID, ORDER_DATE, LOCAL_OFFICE_OFFICE_ID, PRICE, ORDER_T_TYPE, CUSTOMER_EMAIL, CAR_REGISTRATION_NUMBER) VALUES (13, TO_DATE('23/09/2004', 'DD/MM/YYYY'), 2, 12212, 'Order_in', 'Darina.Andrlova@seznam.cz', 196930);
INSERT INTO ORDER_T (ORDER_ID, ORDER_DATE, LOCAL_OFFICE_OFFICE_ID, PRICE, ORDER_T_TYPE, CUSTOMER_EMAIL, CAR_REGISTRATION_NUMBER) VALUES (14, TO_DATE('6/06/2010', 'DD/MM/YYYY'), 2, 10961, 'Order_in', 'Roman.Pycha@seznam.cz', 190468);
INSERT INTO ORDER_T (ORDER_ID, ORDER_DATE, LOCAL_OFFICE_OFFICE_ID, PRICE, ORDER_T_TYPE, CUSTOMER_EMAIL, CAR_REGISTRATION_NUMBER) VALUES (15, TO_DATE('27/06/2002', 'DD/MM/YYYY'), 2, 13348, 'Order_in', 'Robin.Dostal@seznam.cz', 193699);
INSERT INTO ORDER_T (ORDER_ID, ORDER_DATE, LOCAL_OFFICE_OFFICE_ID, PRICE, ORDER_T_TYPE, CUSTOMER_EMAIL, CAR_REGISTRATION_NUMBER) VALUES (16, TO_DATE('27/01/2012', 'DD/MM/YYYY'), 2, 13110, 'Order_in', 'Jana.Kalisova@seznam.cz', 135541);
INSERT INTO ORDER_T (ORDER_ID, ORDER_DATE, LOCAL_OFFICE_OFFICE_ID, PRICE, ORDER_T_TYPE, CUSTOMER_EMAIL, CAR_REGISTRATION_NUMBER) VALUES (17, TO_DATE('11/07/2008', 'DD/MM/YYYY'), 2, 10942, 'Order_in', 'Marika.Houzvickova@seznam.cz', 171082);
INSERT INTO ORDER_T (ORDER_ID, ORDER_DATE, LOCAL_OFFICE_OFFICE_ID, PRICE, ORDER_T_TYPE, CUSTOMER_EMAIL, CAR_REGISTRATION_NUMBER) VALUES (18, TO_DATE('1/02/2007', 'DD/MM/YYYY'), 2, 14583, 'Order_in', 'Igor.capek@seznam.cz', 287398);
INSERT INTO ORDER_T (ORDER_ID, ORDER_DATE, LOCAL_OFFICE_OFFICE_ID, PRICE, ORDER_T_TYPE, CUSTOMER_EMAIL, CAR_REGISTRATION_NUMBER) VALUES (19, TO_DATE('31/01/2012', 'DD/MM/YYYY'), 2, 11028, 'Order_in', 'Oldrich.simickova@seznam.cz', 122617);
INSERT INTO ORDER_T (ORDER_ID, ORDER_DATE, LOCAL_OFFICE_OFFICE_ID, PRICE, ORDER_T_TYPE, CUSTOMER_EMAIL, CAR_REGISTRATION_NUMBER) VALUES (20, TO_DATE('16/03/2016', 'DD/MM/YYYY'), 3, 13241, 'Order_in', 'Roman.Pycha@seznam.cz', 132310);
INSERT INTO ORDER_T (ORDER_ID, ORDER_DATE, LOCAL_OFFICE_OFFICE_ID, PRICE, ORDER_T_TYPE, CUSTOMER_EMAIL, CAR_REGISTRATION_NUMBER) VALUES (21, TO_DATE('16/12/2008', 'DD/MM/YYYY'), 3, 14485, 'Order_in', 'Matylda.Mikeskova@seznam.cz', 209854);
INSERT INTO ORDER_T (ORDER_ID, ORDER_DATE, LOCAL_OFFICE_OFFICE_ID, PRICE, ORDER_T_TYPE, CUSTOMER_EMAIL, CAR_REGISTRATION_NUMBER) VALUES (22, TO_DATE('24/07/2012', 'DD/MM/YYYY'), 3, 13828, 'Order_in', 'zofie.zurkova@seznam.cz', 142003);
INSERT INTO ORDER_T (ORDER_ID, ORDER_DATE, LOCAL_OFFICE_OFFICE_ID, PRICE, ORDER_T_TYPE, CUSTOMER_EMAIL, CAR_REGISTRATION_NUMBER) VALUES (23, TO_DATE('20/06/2007', 'DD/MM/YYYY'), 3, 10318, 'Order_in', 'Bohumila.Rybakova@seznam.cz', 177544);
INSERT INTO ORDER_T (ORDER_ID, ORDER_DATE, LOCAL_OFFICE_OFFICE_ID, PRICE, ORDER_T_TYPE, CUSTOMER_EMAIL, CAR_REGISTRATION_NUMBER) VALUES (24, TO_DATE('16/06/2006', 'DD/MM/YYYY'), 3, 12906, 'Order_in', 'Norbert.Pecina@seznam.cz', 280936);
INSERT INTO ORDER_T (ORDER_ID, ORDER_DATE, LOCAL_OFFICE_OFFICE_ID, PRICE, ORDER_T_TYPE, CUSTOMER_EMAIL, CAR_REGISTRATION_NUMBER) VALUES (25, TO_DATE('9/02/2005', 'DD/MM/YYYY'), 4, 12186, 'Order_in', 'Emil.Volf@seznam.cz', 112924);
INSERT INTO ORDER_T (ORDER_ID, ORDER_DATE, LOCAL_OFFICE_OFFICE_ID, PRICE, ORDER_T_TYPE, CUSTOMER_EMAIL, CAR_REGISTRATION_NUMBER) VALUES (26, TO_DATE('23/05/2015', 'DD/MM/YYYY'), 4, 11071, 'Order_in', 'Medard.zenisek@seznam.cz', 103231);
INSERT INTO ORDER_T (ORDER_ID, ORDER_DATE, LOCAL_OFFICE_OFFICE_ID, PRICE, ORDER_T_TYPE, CUSTOMER_EMAIL, CAR_REGISTRATION_NUMBER) VALUES (27, TO_DATE('30/11/2007', 'DD/MM/YYYY'), 4, 14652, 'Order_in', 'zofie.zurkova@seznam.cz', 142003);
INSERT INTO ORDER_T (ORDER_ID, ORDER_DATE, LOCAL_OFFICE_OFFICE_ID, PRICE, ORDER_T_TYPE, CUSTOMER_EMAIL, CAR_REGISTRATION_NUMBER) VALUES (28, TO_DATE('28/08/2005', 'DD/MM/YYYY'), 5, 11618, 'Order_in', 'Roman.Pycha@seznam.cz', 132310);
INSERT INTO ORDER_T (ORDER_ID, ORDER_DATE, LOCAL_OFFICE_OFFICE_ID, PRICE, ORDER_T_TYPE, CUSTOMER_EMAIL, CAR_REGISTRATION_NUMBER) VALUES (29, TO_DATE('11/02/2009', 'DD/MM/YYYY'), 5, 10186, 'Order_in', 'Frantisek.Jahoda@seznam.cz', 116155);
INSERT INTO ORDER_T (ORDER_ID, ORDER_DATE, LOCAL_OFFICE_OFFICE_ID, PRICE, ORDER_T_TYPE, CUSTOMER_EMAIL, CAR_REGISTRATION_NUMBER) VALUES (30, TO_DATE('17/06/2003', 'DD/MM/YYYY'), 5, 10474, 'Order_in', 'Roman.Pycha@seznam.cz', 151696);
INSERT INTO ORDER_T (ORDER_ID, ORDER_DATE, LOCAL_OFFICE_OFFICE_ID, PRICE, ORDER_T_TYPE, CUSTOMER_EMAIL, CAR_REGISTRATION_NUMBER) VALUES (31, TO_DATE('12/09/2011', 'DD/MM/YYYY'), 6, 11843, 'Order_in', 'Norbert.Pecina@seznam.cz', 280936);
INSERT INTO ORDER_T (ORDER_ID, ORDER_DATE, LOCAL_OFFICE_OFFICE_ID, PRICE, ORDER_T_TYPE, CUSTOMER_EMAIL, CAR_REGISTRATION_NUMBER) VALUES (32, TO_DATE('2/05/2009', 'DD/MM/YYYY'), 6, 12423, 'Order_in', 'Alexej.Reich@seznam.cz', 284167);
INSERT INTO ORDER_T (ORDER_ID, ORDER_DATE, LOCAL_OFFICE_OFFICE_ID, PRICE, ORDER_T_TYPE, CUSTOMER_EMAIL, CAR_REGISTRATION_NUMBER) VALUES (33, TO_DATE('5/11/2002', 'DD/MM/YYYY'), 6, 14157, 'Order_in', 'Bretislav.Knotek@seznam.cz', 164620);
INSERT INTO ORDER_T (ORDER_ID, ORDER_DATE, LOCAL_OFFICE_OFFICE_ID, PRICE, ORDER_T_TYPE, CUSTOMER_EMAIL, CAR_REGISTRATION_NUMBER) VALUES (34, TO_DATE('6/05/2003', 'DD/MM/YYYY'), 7, 12297, 'Order_in', 'Igor.capek@seznam.cz', 287398);
INSERT INTO ORDER_T (ORDER_ID, ORDER_DATE, LOCAL_OFFICE_OFFICE_ID, PRICE, ORDER_T_TYPE, CUSTOMER_EMAIL, CAR_REGISTRATION_NUMBER) VALUES (35, TO_DATE('29/07/2011', 'DD/MM/YYYY'), 7, 14583, 'Order_in', 'Ljuba.salkova@seznam.cz', 119386);
INSERT INTO ORDER_T (ORDER_ID, ORDER_DATE, LOCAL_OFFICE_OFFICE_ID, PRICE, ORDER_T_TYPE, CUSTOMER_EMAIL, CAR_REGISTRATION_NUMBER) VALUES (36, TO_DATE('1/07/2017', 'DD/MM/YYYY'), 7, 14589, 'Order_in', 'Drahoslav.Valcik@seznam.cz', 187237);
INSERT INTO ORDER_T (ORDER_ID, ORDER_DATE, LOCAL_OFFICE_OFFICE_ID, PRICE, ORDER_T_TYPE, CUSTOMER_EMAIL, CAR_REGISTRATION_NUMBER) VALUES (37, TO_DATE('14/03/2004', 'DD/MM/YYYY'), 7, 12642, 'Order_in', 'Emanuel.Fanta@seznam.cz', 245395);
INSERT INTO ORDER_T (ORDER_ID, ORDER_DATE, LOCAL_OFFICE_OFFICE_ID, PRICE, ORDER_T_TYPE, CUSTOMER_EMAIL, CAR_REGISTRATION_NUMBER) VALUES (38, TO_DATE('15/02/2006', 'DD/MM/YYYY'), 7, 13490, 'Order_in', 'Jana.Kalisova@seznam.cz', 135541);
INSERT INTO ORDER_T (ORDER_ID, ORDER_DATE, LOCAL_OFFICE_OFFICE_ID, PRICE, ORDER_T_TYPE, CUSTOMER_EMAIL, CAR_REGISTRATION_NUMBER) VALUES (39, TO_DATE('26/01/2011', 'DD/MM/YYYY'), 8, 11257, 'Order_in', 'Irena.Ditetova@seznam.cz', 148465);
INSERT INTO ORDER_T (ORDER_ID, ORDER_DATE, LOCAL_OFFICE_OFFICE_ID, PRICE, ORDER_T_TYPE, CUSTOMER_EMAIL, CAR_REGISTRATION_NUMBER) VALUES (40, TO_DATE('15/04/2008', 'DD/MM/YYYY'), 8, 11252, 'Order_in', 'Liliana.Jirouskova@seznam.cz', 145234);
INSERT INTO ORDER_T (ORDER_ID, ORDER_DATE, LOCAL_OFFICE_OFFICE_ID, PRICE, ORDER_T_TYPE, CUSTOMER_EMAIL, CAR_REGISTRATION_NUMBER) VALUES (41, TO_DATE('30/04/2002', 'DD/MM/YYYY'), 8, 10376, 'Order_in', 'Igor.capek@seznam.cz', 287398);
INSERT INTO ORDER_T (ORDER_ID, ORDER_DATE, LOCAL_OFFICE_OFFICE_ID, PRICE, ORDER_T_TYPE, CUSTOMER_EMAIL, CAR_REGISTRATION_NUMBER) VALUES (42, TO_DATE('3/07/2014', 'DD/MM/YYYY'), 8, 11707, 'Order_in', 'Alexej.Reich@seznam.cz', 274474);
INSERT INTO ORDER_T (ORDER_ID, ORDER_DATE, LOCAL_OFFICE_OFFICE_ID, PRICE, ORDER_T_TYPE, CUSTOMER_EMAIL, CAR_REGISTRATION_NUMBER) VALUES (43, TO_DATE('25/12/2000', 'DD/MM/YYYY'), 9, 13450, 'Order_in', 'Prokop.reznik@seznam.cz', 109693);
INSERT INTO ORDER_T (ORDER_ID, ORDER_DATE, LOCAL_OFFICE_OFFICE_ID, PRICE, ORDER_T_TYPE, CUSTOMER_EMAIL, CAR_REGISTRATION_NUMBER) VALUES (44, TO_DATE('15/01/2014', 'DD/MM/YYYY'), 9, 12178, 'Order_in', 'Liliana.Jirouskova@seznam.cz', 145234);
INSERT INTO ORDER_T (ORDER_ID, ORDER_DATE, LOCAL_OFFICE_OFFICE_ID, PRICE, ORDER_T_TYPE, CUSTOMER_EMAIL, CAR_REGISTRATION_NUMBER) VALUES (45, TO_DATE('17/10/2010', 'DD/MM/YYYY'), 10, 11139, 'Order_in', 'Bretislav.Knotek@seznam.cz', 164620);
INSERT INTO ORDER_T (ORDER_ID, ORDER_DATE, LOCAL_OFFICE_OFFICE_ID, PRICE, ORDER_T_TYPE, CUSTOMER_EMAIL, CAR_REGISTRATION_NUMBER) VALUES (46, TO_DATE('12/02/2008', 'DD/MM/YYYY'), 10, 14797, 'Order_in', 'Bretislav.Knotek@seznam.cz', 164620);
INSERT INTO ORDER_T (ORDER_ID, ORDER_DATE, LOCAL_OFFICE_OFFICE_ID, PRICE, ORDER_T_TYPE, CUSTOMER_EMAIL, CAR_REGISTRATION_NUMBER) VALUES (47, TO_DATE('17/12/2011', 'DD/MM/YYYY'), 10, 12718, 'Order_in', 'Vladan.Hula@seznam.cz', 258319);
INSERT INTO ORDER_T (ORDER_ID, ORDER_DATE, LOCAL_OFFICE_OFFICE_ID, PRICE, ORDER_T_TYPE, CUSTOMER_EMAIL, CAR_REGISTRATION_NUMBER) VALUES (48, TO_DATE('12/03/2014', 'DD/MM/YYYY'), 10, 10742, 'Order_in', 'Prokop.Tucek@seznam.cz', 158158);
INSERT INTO ORDER_T (ORDER_ID, ORDER_DATE, LOCAL_OFFICE_OFFICE_ID, PRICE, ORDER_T_TYPE, CUSTOMER_EMAIL, CAR_REGISTRATION_NUMBER) VALUES (49, TO_DATE('5/07/2016', 'DD/MM/YYYY'), 11, 14242, 'Order_in', 'Alexej.Reich@seznam.cz', 200161);
INSERT INTO ORDER_T (ORDER_ID, ORDER_DATE, LOCAL_OFFICE_OFFICE_ID, PRICE, ORDER_T_TYPE, CUSTOMER_EMAIL, CAR_REGISTRATION_NUMBER) VALUES (50, TO_DATE('22/04/2004', 'DD/MM/YYYY'), 11, 10797, 'Order_in', 'Bohumila.Rybakova@seznam.cz', 177544);
INSERT INTO ORDER_T (ORDER_ID, ORDER_DATE, LOCAL_OFFICE_OFFICE_ID, PRICE, ORDER_T_TYPE, CUSTOMER_EMAIL, CAR_REGISTRATION_NUMBER) VALUES (51, TO_DATE('2/12/2012', 'DD/MM/YYYY'), 11, 11717, 'Order_in', 'zofie.zurkova@seznam.cz', 142003);
INSERT INTO ORDER_T (ORDER_ID, ORDER_DATE, LOCAL_OFFICE_OFFICE_ID, PRICE, ORDER_T_TYPE, CUSTOMER_EMAIL, CAR_REGISTRATION_NUMBER) VALUES (52, TO_DATE('12/06/2005', 'DD/MM/YYYY'), 12, 14835, 'Order_in', 'zofie.zurkova@seznam.cz', 142003);
INSERT INTO ORDER_T (ORDER_ID, ORDER_DATE, LOCAL_OFFICE_OFFICE_ID, PRICE, ORDER_T_TYPE, CUSTOMER_EMAIL, CAR_REGISTRATION_NUMBER) VALUES (53, TO_DATE('30/03/2001', 'DD/MM/YYYY'), 12, 11678, 'Order_in', 'Irena.Ditetova@seznam.cz', 222778);
INSERT INTO ORDER_T (ORDER_ID, ORDER_DATE, LOCAL_OFFICE_OFFICE_ID, PRICE, ORDER_T_TYPE, CUSTOMER_EMAIL, CAR_REGISTRATION_NUMBER) VALUES (54, TO_DATE('28/09/2008', 'DD/MM/YYYY'), 12, 13065, 'Order_in', 'Roman.Hahn@seznam.cz', 264781);
INSERT INTO ORDER_T (ORDER_ID, ORDER_DATE, LOCAL_OFFICE_OFFICE_ID, PRICE, ORDER_T_TYPE, CUSTOMER_EMAIL, CAR_REGISTRATION_NUMBER) VALUES (55, TO_DATE('17/03/2001', 'DD/MM/YYYY'), 12, 14668, 'Order_in', 'Alexej.Reich@seznam.cz', 261550);
INSERT INTO ORDER_T (ORDER_ID, ORDER_DATE, LOCAL_OFFICE_OFFICE_ID, PRICE, ORDER_T_TYPE, CUSTOMER_EMAIL, CAR_REGISTRATION_NUMBER) VALUES (56, TO_DATE('17/05/2006', 'DD/MM/YYYY'), 12, 13789, 'Order_in', 'Igor.capek@seznam.cz', 287398);
INSERT INTO ORDER_T (ORDER_ID, ORDER_DATE, LOCAL_OFFICE_OFFICE_ID, PRICE, ORDER_T_TYPE, CUSTOMER_EMAIL, CAR_REGISTRATION_NUMBER) VALUES (57, TO_DATE('6/03/2015', 'DD/MM/YYYY'), 13, 13631, 'Order_in', 'Nela.Veselkova@seznam.cz', 238933);
INSERT INTO ORDER_T (ORDER_ID, ORDER_DATE, LOCAL_OFFICE_OFFICE_ID, PRICE, ORDER_T_TYPE, CUSTOMER_EMAIL, CAR_REGISTRATION_NUMBER) VALUES (58, TO_DATE('23/07/2015', 'DD/MM/YYYY'), 13, 12001, 'Order_in', 'Frantisek.Jahoda@seznam.cz', 116155);
INSERT INTO ORDER_T (ORDER_ID, ORDER_DATE, LOCAL_OFFICE_OFFICE_ID, PRICE, ORDER_T_TYPE, CUSTOMER_EMAIL, CAR_REGISTRATION_NUMBER) VALUES (59, TO_DATE('6/12/2008', 'DD/MM/YYYY'), 14, 12626, 'Order_in', 'Igor.capek@seznam.cz', 287398);
INSERT INTO ORDER_T (ORDER_ID, ORDER_DATE, LOCAL_OFFICE_OFFICE_ID, PRICE, ORDER_T_TYPE, CUSTOMER_EMAIL, CAR_REGISTRATION_NUMBER) VALUES (60, TO_DATE('9/02/2014', 'DD/MM/YYYY'), 14, 12554, 'Order_in', 'Jaromir.Matej@seznam.cz', 125848);
INSERT INTO ORDER_T (ORDER_ID, ORDER_DATE, LOCAL_OFFICE_OFFICE_ID, PRICE, ORDER_T_TYPE, CUSTOMER_EMAIL, CAR_REGISTRATION_NUMBER) VALUES (61, TO_DATE('8/01/2003', 'DD/MM/YYYY'), 14, 14211, 'Order_in', 'Vladan.Hula@seznam.cz', 258319);
INSERT INTO ORDER_T (ORDER_ID, ORDER_DATE, LOCAL_OFFICE_OFFICE_ID, PRICE, ORDER_T_TYPE, CUSTOMER_EMAIL, CAR_REGISTRATION_NUMBER) VALUES (62, TO_DATE('16/09/2005', 'DD/MM/YYYY'), 15, 11574, 'Order_in', 'Robin.Dostal@seznam.cz', 193699);
INSERT INTO ORDER_T (ORDER_ID, ORDER_DATE, LOCAL_OFFICE_OFFICE_ID, PRICE, ORDER_T_TYPE, CUSTOMER_EMAIL, CAR_REGISTRATION_NUMBER) VALUES (63, TO_DATE('3/07/2002', 'DD/MM/YYYY'), 16, 12189, 'Order_in', 'Igor.capek@seznam.cz', 287398);
INSERT INTO ORDER_T (ORDER_ID, ORDER_DATE, LOCAL_OFFICE_OFFICE_ID, PRICE, ORDER_T_TYPE, CUSTOMER_EMAIL, CAR_REGISTRATION_NUMBER) VALUES (64, TO_DATE('23/10/2004', 'DD/MM/YYYY'), 16, 14376, 'Order_in', 'Oldrich.simickova@seznam.cz', 122617);
INSERT INTO ORDER_T (ORDER_ID, ORDER_DATE, LOCAL_OFFICE_OFFICE_ID, PRICE, ORDER_T_TYPE, CUSTOMER_EMAIL, CAR_REGISTRATION_NUMBER) VALUES (65, TO_DATE('20/12/2007', 'DD/MM/YYYY'), 16, 13922, 'Order_in', 'Alois.Chmelik@seznam.cz', 226009);
INSERT INTO ORDER_T (ORDER_ID, ORDER_DATE, LOCAL_OFFICE_OFFICE_ID, PRICE, ORDER_T_TYPE, CUSTOMER_EMAIL, CAR_REGISTRATION_NUMBER) VALUES (66, TO_DATE('6/05/2011', 'DD/MM/YYYY'), 16, 14478, 'Order_in', 'Norbert.Pecina@seznam.cz', 235702);
INSERT INTO ORDER_T (ORDER_ID, ORDER_DATE, LOCAL_OFFICE_OFFICE_ID, PRICE, ORDER_T_TYPE, CUSTOMER_EMAIL, CAR_REGISTRATION_NUMBER) VALUES (67, TO_DATE('20/08/2004', 'DD/MM/YYYY'), 17, 12596, 'Order_in', 'Jana.Kalisova@seznam.cz', 135541);
INSERT INTO ORDER_T (ORDER_ID, ORDER_DATE, LOCAL_OFFICE_OFFICE_ID, PRICE, ORDER_T_TYPE, CUSTOMER_EMAIL, CAR_REGISTRATION_NUMBER) VALUES (68, TO_DATE('25/05/2009', 'DD/MM/YYYY'), 17, 14276, 'Order_in', 'Norbert.Pecina@seznam.cz', 235702);
INSERT INTO ORDER_T (ORDER_ID, ORDER_DATE, LOCAL_OFFICE_OFFICE_ID, PRICE, ORDER_T_TYPE, CUSTOMER_EMAIL, CAR_REGISTRATION_NUMBER) VALUES (69, TO_DATE('17/06/2004', 'DD/MM/YYYY'), 17, 12224, 'Order_in', 'Lubor.Plasek@seznam.cz', 174313);
INSERT INTO ORDER_T (ORDER_ID, ORDER_DATE, LOCAL_OFFICE_OFFICE_ID, PRICE, ORDER_T_TYPE, CUSTOMER_EMAIL, CAR_REGISTRATION_NUMBER) VALUES (70, TO_DATE('4/08/2017', 'DD/MM/YYYY'), 18, 14434, 'Order_in', 'Nela.Veselkova@seznam.cz', 238933);
INSERT INTO ORDER_T (ORDER_ID, ORDER_DATE, LOCAL_OFFICE_OFFICE_ID, PRICE, ORDER_T_TYPE, CUSTOMER_EMAIL, CAR_REGISTRATION_NUMBER) VALUES (71, TO_DATE('19/06/2009', 'DD/MM/YYYY'), 18, 11121, 'Order_in', 'Matylda.Mikeskova@seznam.cz', 209854);
INSERT INTO ORDER_T (ORDER_ID, ORDER_DATE, LOCAL_OFFICE_OFFICE_ID, PRICE, ORDER_T_TYPE, CUSTOMER_EMAIL, CAR_REGISTRATION_NUMBER) VALUES (72, TO_DATE('27/11/2016', 'DD/MM/YYYY'), 18, 12450, 'Order_in', 'Radim.zemlicka@seznam.cz', 277705);
INSERT INTO ORDER_T (ORDER_ID, ORDER_DATE, LOCAL_OFFICE_OFFICE_ID, PRICE, ORDER_T_TYPE, CUSTOMER_EMAIL, CAR_REGISTRATION_NUMBER) VALUES (73, TO_DATE('19/07/2002', 'DD/MM/YYYY'), 18, 11012, 'Order_in', 'Ljuba.salkova@seznam.cz', 119386);
INSERT INTO ORDER_T (ORDER_ID, ORDER_DATE, LOCAL_OFFICE_OFFICE_ID, PRICE, ORDER_T_TYPE, CUSTOMER_EMAIL, CAR_REGISTRATION_NUMBER) VALUES (74, TO_DATE('2/11/2009', 'DD/MM/YYYY'), 19, 13979, 'Order_in', 'Igor.capek@seznam.cz', 287398);
INSERT INTO ORDER_T (ORDER_ID, ORDER_DATE, LOCAL_OFFICE_OFFICE_ID, PRICE, ORDER_T_TYPE, CUSTOMER_EMAIL, CAR_REGISTRATION_NUMBER) VALUES (75, TO_DATE('19/06/2002', 'DD/MM/YYYY'), 19, 11175, 'Order_in', 'Alexej.Reich@seznam.cz', 200161);
INSERT INTO ORDER_T (ORDER_ID, ORDER_DATE, LOCAL_OFFICE_OFFICE_ID, PRICE, ORDER_T_TYPE, CUSTOMER_EMAIL, CAR_REGISTRATION_NUMBER) VALUES (76, TO_DATE('24/02/2001', 'DD/MM/YYYY'), 19, 12457, 'Order_in', 'Irena.Ditetova@seznam.cz', 148465);
INSERT INTO ORDER_T (ORDER_ID, ORDER_DATE, LOCAL_OFFICE_OFFICE_ID, PRICE, ORDER_T_TYPE, CUSTOMER_EMAIL, CAR_REGISTRATION_NUMBER) VALUES (77, TO_DATE('29/03/2012', 'DD/MM/YYYY'), 19, 14255, 'Order_in', 'Helena.Korecka@seznam.cz', 106462);
INSERT INTO ORDER_T (ORDER_ID, ORDER_DATE, LOCAL_OFFICE_OFFICE_ID, PRICE, ORDER_T_TYPE, CUSTOMER_EMAIL, CAR_REGISTRATION_NUMBER) VALUES (78, TO_DATE('7/09/2011', 'DD/MM/YYYY'), 20, 14713, 'Order_in', 'Ljuba.Prchlikova@seznam.cz', 138772);
INSERT INTO ORDER_T (ORDER_ID, ORDER_DATE, LOCAL_OFFICE_OFFICE_ID, PRICE, ORDER_T_TYPE, CUSTOMER_EMAIL, CAR_REGISTRATION_NUMBER) VALUES (79, TO_DATE('17/06/2000', 'DD/MM/YYYY'), 20, 13795, 'Order_in', 'Medard.zenisek@seznam.cz', 103231);
INSERT INTO ORDER_T (ORDER_ID, ORDER_DATE, LOCAL_OFFICE_OFFICE_ID, PRICE, ORDER_T_TYPE, CUSTOMER_EMAIL, CAR_REGISTRATION_NUMBER) VALUES (80, TO_DATE('13/06/2015', 'DD/MM/YYYY'), 20, 13811, 'Order_in', 'Vladan.Hula@seznam.cz', 258319);
INSERT INTO ORDER_T (ORDER_ID, ORDER_DATE, LOCAL_OFFICE_OFFICE_ID, PRICE, ORDER_T_TYPE, CUSTOMER_EMAIL, CAR_REGISTRATION_NUMBER) VALUES (81, TO_DATE('10/05/2000', 'DD/MM/YYYY'), 21, 13399, 'Order_in', 'Norbert.Pecina@seznam.cz', 280936);
INSERT INTO ORDER_T (ORDER_ID, ORDER_DATE, LOCAL_OFFICE_OFFICE_ID, PRICE, ORDER_T_TYPE, CUSTOMER_EMAIL, CAR_REGISTRATION_NUMBER) VALUES (82, TO_DATE('5/08/2001', 'DD/MM/YYYY'), 21, 14413, 'Order_in', 'Lubor.Plasek@seznam.cz', 174313);
INSERT INTO ORDER_T (ORDER_ID, ORDER_DATE, LOCAL_OFFICE_OFFICE_ID, PRICE, ORDER_T_TYPE, CUSTOMER_EMAIL, CAR_REGISTRATION_NUMBER) VALUES (83, TO_DATE('2/06/2009', 'DD/MM/YYYY'), 21, 14302, 'Order_in', 'Bruno.Masin@seznam.cz', 242164);
INSERT INTO ORDER_T (ORDER_ID, ORDER_DATE, LOCAL_OFFICE_OFFICE_ID, PRICE, ORDER_T_TYPE, CUSTOMER_EMAIL, CAR_REGISTRATION_NUMBER) VALUES (84, TO_DATE('7/02/2003', 'DD/MM/YYYY'), 21, 11812, 'Order_in', 'Bretislav.Knotek@seznam.cz', 164620);
INSERT INTO ORDER_T (ORDER_ID, ORDER_DATE, LOCAL_OFFICE_OFFICE_ID, PRICE, ORDER_T_TYPE, CUSTOMER_EMAIL, CAR_REGISTRATION_NUMBER) VALUES (85, TO_DATE('19/05/2001', 'DD/MM/YYYY'), 22, 14035, 'Order_in', 'Vladan.Hula@seznam.cz', 258319);
INSERT INTO ORDER_T (ORDER_ID, ORDER_DATE, LOCAL_OFFICE_OFFICE_ID, PRICE, ORDER_T_TYPE, CUSTOMER_EMAIL, CAR_REGISTRATION_NUMBER) VALUES (86, TO_DATE('21/11/2003', 'DD/MM/YYYY'), 22, 12073, 'Order_in', 'Alice.Fedakova@seznam.cz', 232471);
INSERT INTO ORDER_T (ORDER_ID, ORDER_DATE, LOCAL_OFFICE_OFFICE_ID, PRICE, ORDER_T_TYPE, CUSTOMER_EMAIL, CAR_REGISTRATION_NUMBER) VALUES (87, TO_DATE('2/03/2006', 'DD/MM/YYYY'), 23, 11264, 'Order_in', 'Prokop.reznik@seznam.cz', 109693);
INSERT INTO ORDER_T (ORDER_ID, ORDER_DATE, LOCAL_OFFICE_OFFICE_ID, PRICE, ORDER_T_TYPE, CUSTOMER_EMAIL, CAR_REGISTRATION_NUMBER) VALUES (88, TO_DATE('13/06/2013', 'DD/MM/YYYY'), 23, 13267, 'Order_in', 'Agata.Kralikova@seznam.cz', 206623);
INSERT INTO ORDER_T (ORDER_ID, ORDER_DATE, LOCAL_OFFICE_OFFICE_ID, PRICE, ORDER_T_TYPE, CUSTOMER_EMAIL, CAR_REGISTRATION_NUMBER) VALUES (89, TO_DATE('14/04/2005', 'DD/MM/YYYY'), 24, 10727, 'Order_in', 'Roman.Pycha@seznam.cz', 190468);
INSERT INTO ORDER_T (ORDER_ID, ORDER_DATE, LOCAL_OFFICE_OFFICE_ID, PRICE, ORDER_T_TYPE, CUSTOMER_EMAIL, CAR_REGISTRATION_NUMBER) VALUES (90, TO_DATE('26/03/2011', 'DD/MM/YYYY'), 24, 10435, 'Order_in', 'Vladan.Hula@seznam.cz', 290629);
INSERT INTO ORDER_T (ORDER_ID, ORDER_DATE, LOCAL_OFFICE_OFFICE_ID, PRICE, ORDER_T_TYPE, CUSTOMER_EMAIL, CAR_REGISTRATION_NUMBER) VALUES (91, TO_DATE('22/12/2004', 'DD/MM/YYYY'), 24, 14218, 'Order_in', 'Marika.Houzvickova@seznam.cz', 203392);
INSERT INTO ORDER_T (ORDER_ID, ORDER_DATE, LOCAL_OFFICE_OFFICE_ID, PRICE, ORDER_T_TYPE, CUSTOMER_EMAIL, CAR_REGISTRATION_NUMBER) VALUES (92, TO_DATE('2/01/2003', 'DD/MM/YYYY'), 24, 12902, 'Order_in', 'Alexej.Reich@seznam.cz', 268012);
INSERT INTO ORDER_T (ORDER_ID, ORDER_DATE, LOCAL_OFFICE_OFFICE_ID, PRICE, ORDER_T_TYPE, CUSTOMER_EMAIL, CAR_REGISTRATION_NUMBER) VALUES (93, TO_DATE('24/11/2012', 'DD/MM/YYYY'), 24, 13848, 'Order_in', 'Roman.Hahn@seznam.cz', 264781);
INSERT INTO ORDER_T (ORDER_ID, ORDER_DATE, LOCAL_OFFICE_OFFICE_ID, PRICE, ORDER_T_TYPE, CUSTOMER_EMAIL, CAR_REGISTRATION_NUMBER) VALUES (94, TO_DATE('9/06/2009', 'DD/MM/YYYY'), 25, 12942, 'Order_in', 'Alois.Chmelik@seznam.cz', 226009);
INSERT INTO ORDER_T (ORDER_ID, ORDER_DATE, LOCAL_OFFICE_OFFICE_ID, PRICE, ORDER_T_TYPE, CUSTOMER_EMAIL, CAR_REGISTRATION_NUMBER) VALUES (95, TO_DATE('3/03/2006', 'DD/MM/YYYY'), 25, 13976, 'Order_in', 'Prokop.reznik@seznam.cz', 109693);
INSERT INTO ORDER_T (ORDER_ID, ORDER_DATE, LOCAL_OFFICE_OFFICE_ID, PRICE, ORDER_T_TYPE, CUSTOMER_EMAIL, CAR_REGISTRATION_NUMBER) VALUES (96, TO_DATE('14/08/2015', 'DD/MM/YYYY'), 25, 11051, 'Order_in', 'Bretislav.Knotek@seznam.cz', 164620);
INSERT INTO ORDER_T (ORDER_ID, ORDER_DATE, LOCAL_OFFICE_OFFICE_ID, PRICE, ORDER_T_TYPE, CUSTOMER_EMAIL, CAR_REGISTRATION_NUMBER) VALUES (97, TO_DATE('14/04/2016', 'DD/MM/YYYY'), 25, 11245, 'Order_in', 'Darina.Andrlova@seznam.cz', 196930);
INSERT INTO ORDER_T (ORDER_ID, ORDER_DATE, LOCAL_OFFICE_OFFICE_ID, PRICE, ORDER_T_TYPE, CUSTOMER_EMAIL, CAR_REGISTRATION_NUMBER) VALUES (98, TO_DATE('5/03/2016', 'DD/MM/YYYY'), 26, 11270, 'Order_in', 'Norbert.Pecina@seznam.cz', 167851);
INSERT INTO ORDER_T (ORDER_ID, ORDER_DATE, LOCAL_OFFICE_OFFICE_ID, PRICE, ORDER_T_TYPE, CUSTOMER_EMAIL, CAR_REGISTRATION_NUMBER) VALUES (99, TO_DATE('28/10/2005', 'DD/MM/YYYY'), 27, 12740, 'Order_in', 'Radim.zemlicka@seznam.cz', 180775);
INSERT INTO ORDER_T (ORDER_ID, ORDER_DATE, LOCAL_OFFICE_OFFICE_ID, PRICE, ORDER_T_TYPE, CUSTOMER_EMAIL, CAR_REGISTRATION_NUMBER) VALUES (100, TO_DATE('22/12/2016', 'DD/MM/YYYY'), 27, 11053, 'Order_in', 'Lumir.Juchelka@seznam.cz', 216316);
INSERT INTO ORDER_T (ORDER_ID, ORDER_DATE, LOCAL_OFFICE_OFFICE_ID, PRICE, ORDER_T_TYPE, CUSTOMER_EMAIL, CAR_REGISTRATION_NUMBER) VALUES (101, TO_DATE('19/01/2008', 'DD/MM/YYYY'), 28, 14039, 'Order_in', 'Drahoslav.Valcik@seznam.cz', 184006);
INSERT INTO ORDER_T (ORDER_ID, ORDER_DATE, LOCAL_OFFICE_OFFICE_ID, PRICE, ORDER_T_TYPE, CUSTOMER_EMAIL, CAR_REGISTRATION_NUMBER) VALUES (102, TO_DATE('1/04/2014', 'DD/MM/YYYY'), 28, 13948, 'Order_in', 'Martina.Jirakova@seznam.cz', 154927);
INSERT INTO ORDER_T (ORDER_ID, ORDER_DATE, LOCAL_OFFICE_OFFICE_ID, PRICE, ORDER_T_TYPE, CUSTOMER_EMAIL, CAR_REGISTRATION_NUMBER) VALUES (103, TO_DATE('13/03/2006', 'DD/MM/YYYY'), 28, 12690, 'Order_in', 'Igor.capek@seznam.cz', 287398);
INSERT INTO ORDER_T (ORDER_ID, ORDER_DATE, LOCAL_OFFICE_OFFICE_ID, PRICE, ORDER_T_TYPE, CUSTOMER_EMAIL, CAR_REGISTRATION_NUMBER) VALUES (104, TO_DATE('1/06/2008', 'DD/MM/YYYY'), 29, 12510, 'Order_in', 'Martina.Jirakova@seznam.cz', 154927);
INSERT INTO ORDER_T (ORDER_ID, ORDER_DATE, LOCAL_OFFICE_OFFICE_ID, PRICE, ORDER_T_TYPE, CUSTOMER_EMAIL, CAR_REGISTRATION_NUMBER) VALUES (105, TO_DATE('31/10/2011', 'DD/MM/YYYY'), 29, 12215, 'Order_in', 'Prokop.reznik@seznam.cz', 109693);
INSERT INTO ORDER_T (ORDER_ID, ORDER_DATE, LOCAL_OFFICE_OFFICE_ID, PRICE, ORDER_T_TYPE, CUSTOMER_EMAIL, CAR_REGISTRATION_NUMBER) VALUES (106, TO_DATE('26/11/2011', 'DD/MM/YYYY'), 29, 10625, 'Order_in', 'Alexej.Reich@seznam.cz', 200161);
INSERT INTO ORDER_T (ORDER_ID, ORDER_DATE, LOCAL_OFFICE_OFFICE_ID, PRICE, ORDER_T_TYPE, CUSTOMER_EMAIL, CAR_REGISTRATION_NUMBER) VALUES (107, TO_DATE('20/03/2003', 'DD/MM/YYYY'), 29, 14309, 'Order_in', 'Jaromir.Matej@seznam.cz', 125848);
INSERT INTO ORDER_T (ORDER_ID, ORDER_DATE, LOCAL_OFFICE_OFFICE_ID, PRICE, ORDER_T_TYPE, CUSTOMER_EMAIL, CAR_REGISTRATION_NUMBER) VALUES (108, TO_DATE('16/03/2007', 'DD/MM/YYYY'), 30, 12913, 'Order_in', 'Prokop.Tucek@seznam.cz', 158158);
INSERT INTO ORDER_T (ORDER_ID, ORDER_DATE, LOCAL_OFFICE_OFFICE_ID, PRICE, ORDER_T_TYPE, CUSTOMER_EMAIL, CAR_REGISTRATION_NUMBER) VALUES (109, TO_DATE('12/12/2010', 'DD/MM/YYYY'), 30, 12350, 'Order_in', 'Radim.zemlicka@seznam.cz', 180775);
INSERT INTO ORDER_T (ORDER_ID, ORDER_DATE, LOCAL_OFFICE_OFFICE_ID, PRICE, ORDER_T_TYPE, CUSTOMER_EMAIL, CAR_REGISTRATION_NUMBER) VALUES (110, TO_DATE('31/07/2007', 'DD/MM/YYYY'), 30, 11422, 'Order_in', 'Radim.zemlicka@seznam.cz', 180775);
INSERT INTO ORDER_T (ORDER_ID, ORDER_DATE, LOCAL_OFFICE_OFFICE_ID, PRICE, ORDER_T_TYPE, CUSTOMER_EMAIL, CAR_REGISTRATION_NUMBER) VALUES (111, TO_DATE('24/01/2002', 'DD/MM/YYYY'), 31, 11059, 'Order_in', 'Vladan.Hula@seznam.cz', 290629);
INSERT INTO ORDER_T (ORDER_ID, ORDER_DATE, LOCAL_OFFICE_OFFICE_ID, PRICE, ORDER_T_TYPE, CUSTOMER_EMAIL, CAR_REGISTRATION_NUMBER) VALUES (112, TO_DATE('27/10/2009', 'DD/MM/YYYY'), 31, 13660, 'Order_in', 'Emil.Volf@seznam.cz', 112924);
INSERT INTO ORDER_T (ORDER_ID, ORDER_DATE, LOCAL_OFFICE_OFFICE_ID, PRICE, ORDER_T_TYPE, CUSTOMER_EMAIL, CAR_REGISTRATION_NUMBER) VALUES (113, TO_DATE('10/10/2016', 'DD/MM/YYYY'), 32, 14520, 'Order_in', 'Jana.Kalisova@seznam.cz', 248626);
INSERT INTO ORDER_T (ORDER_ID, ORDER_DATE, LOCAL_OFFICE_OFFICE_ID, PRICE, ORDER_T_TYPE, CUSTOMER_EMAIL, CAR_REGISTRATION_NUMBER) VALUES (114, TO_DATE('14/11/2016', 'DD/MM/YYYY'), 32, 13519, 'Order_in', 'Jaromir.Matej@seznam.cz', 125848);
INSERT INTO ORDER_T (ORDER_ID, ORDER_DATE, LOCAL_OFFICE_OFFICE_ID, PRICE, ORDER_T_TYPE, CUSTOMER_EMAIL, CAR_REGISTRATION_NUMBER) VALUES (115, TO_DATE('15/12/2016', 'DD/MM/YYYY'), 32, 13814, 'Order_in', 'Alice.Fedakova@seznam.cz', 232471);
INSERT INTO ORDER_T (ORDER_ID, ORDER_DATE, LOCAL_OFFICE_OFFICE_ID, PRICE, ORDER_T_TYPE, CUSTOMER_EMAIL, CAR_REGISTRATION_NUMBER) VALUES (116, TO_DATE('3/10/2002', 'DD/MM/YYYY'), 32, 12789, 'Order_in', 'Darina.Andrlova@seznam.cz', 196930);
INSERT INTO ORDER_T (ORDER_ID, ORDER_DATE, LOCAL_OFFICE_OFFICE_ID, PRICE, ORDER_T_TYPE, CUSTOMER_EMAIL, CAR_REGISTRATION_NUMBER) VALUES (117, TO_DATE('6/06/2016', 'DD/MM/YYYY'), 32, 13465, 'Order_in', 'Vladan.Hula@seznam.cz', 258319);
INSERT INTO ORDER_T (ORDER_ID, ORDER_DATE, LOCAL_OFFICE_OFFICE_ID, PRICE, ORDER_T_TYPE, CUSTOMER_EMAIL, CAR_REGISTRATION_NUMBER) VALUES (118, TO_DATE('16/06/2003', 'DD/MM/YYYY'), 32, 11316, 'Order_in', 'Prokop.reznik@seznam.cz', 109693);
INSERT INTO ORDER_T (ORDER_ID, ORDER_DATE, LOCAL_OFFICE_OFFICE_ID, PRICE, ORDER_T_TYPE, CUSTOMER_EMAIL, CAR_REGISTRATION_NUMBER) VALUES (119, TO_DATE('24/03/2002', 'DD/MM/YYYY'), 33, 14320, 'Order_in', 'zofie.zurkova@seznam.cz', 142003);
INSERT INTO ORDER_T (ORDER_ID, ORDER_DATE, LOCAL_OFFICE_OFFICE_ID, PRICE, ORDER_T_TYPE, CUSTOMER_EMAIL, CAR_REGISTRATION_NUMBER) VALUES (120, TO_DATE('15/06/2011', 'DD/MM/YYYY'), 33, 12869, 'Order_in', 'Bretislav.Knotek@seznam.cz', 164620);
INSERT INTO ORDER_T (ORDER_ID, ORDER_DATE, LOCAL_OFFICE_OFFICE_ID, PRICE, ORDER_T_TYPE, CUSTOMER_EMAIL, CAR_REGISTRATION_NUMBER) VALUES (121, TO_DATE('14/06/2015', 'DD/MM/YYYY'), 33, 14709, 'Order_in', 'Darina.Andrlova@seznam.cz', 196930);
INSERT INTO ORDER_T (ORDER_ID, ORDER_DATE, LOCAL_OFFICE_OFFICE_ID, PRICE, ORDER_T_TYPE, CUSTOMER_EMAIL, CAR_REGISTRATION_NUMBER) VALUES (122, TO_DATE('28/01/2007', 'DD/MM/YYYY'), 33, 12858, 'Order_in', 'Prokop.Tucek@seznam.cz', 158158);
INSERT INTO ORDER_T (ORDER_ID, ORDER_DATE, LOCAL_OFFICE_OFFICE_ID, PRICE, ORDER_T_TYPE, CUSTOMER_EMAIL, CAR_REGISTRATION_NUMBER) VALUES (123, TO_DATE('2/06/2016', 'DD/MM/YYYY'), 34, 13892, 'Order_in', 'Drahoslav.Valcik@seznam.cz', 187237);
INSERT INTO ORDER_T (ORDER_ID, ORDER_DATE, LOCAL_OFFICE_OFFICE_ID, PRICE, ORDER_T_TYPE, CUSTOMER_EMAIL, CAR_REGISTRATION_NUMBER) VALUES (124, TO_DATE('12/08/2000', 'DD/MM/YYYY'), 34, 12155, 'Order_in', 'Alice.Fedakova@seznam.cz', 219547);
INSERT INTO ORDER_T (ORDER_ID, ORDER_DATE, LOCAL_OFFICE_OFFICE_ID, PRICE, ORDER_T_TYPE, CUSTOMER_EMAIL, CAR_REGISTRATION_NUMBER) VALUES (125, TO_DATE('11/07/2013', 'DD/MM/YYYY'), 34, 12278, 'Order_in', 'Medard.zenisek@seznam.cz', 100000);
INSERT INTO ORDER_T (ORDER_ID, ORDER_DATE, LOCAL_OFFICE_OFFICE_ID, PRICE, ORDER_T_TYPE, CUSTOMER_EMAIL, CAR_REGISTRATION_NUMBER) VALUES (126, TO_DATE('4/10/2013', 'DD/MM/YYYY'), 35, 13713, 'Order_in', 'Marika.Houzvickova@seznam.cz', 171082);
INSERT INTO ORDER_T (ORDER_ID, ORDER_DATE, LOCAL_OFFICE_OFFICE_ID, PRICE, ORDER_T_TYPE, CUSTOMER_EMAIL, CAR_REGISTRATION_NUMBER) VALUES (127, TO_DATE('26/07/2009', 'DD/MM/YYYY'), 35, 10083, 'Order_in', 'Alois.Chmelik@seznam.cz', 226009);
INSERT INTO ORDER_T (ORDER_ID, ORDER_DATE, LOCAL_OFFICE_OFFICE_ID, PRICE, ORDER_T_TYPE, CUSTOMER_EMAIL, CAR_REGISTRATION_NUMBER) VALUES (128, TO_DATE('30/10/2005', 'DD/MM/YYYY'), 35, 14092, 'Order_in', 'Alexej.Reich@seznam.cz', 251857);
INSERT INTO ORDER_T (ORDER_ID, ORDER_DATE, LOCAL_OFFICE_OFFICE_ID, PRICE, ORDER_T_TYPE, CUSTOMER_EMAIL, CAR_REGISTRATION_NUMBER) VALUES (129, TO_DATE('10/04/2016', 'DD/MM/YYYY'), 35, 11890, 'Order_in', 'Agata.Kralikova@seznam.cz', 206623);
INSERT INTO ORDER_T (ORDER_ID, ORDER_DATE, LOCAL_OFFICE_OFFICE_ID, PRICE, ORDER_T_TYPE, CUSTOMER_EMAIL, CAR_REGISTRATION_NUMBER) VALUES (130, TO_DATE('18/04/2000', 'DD/MM/YYYY'), 35, 10531, 'Order_in', 'Alexej.Reich@seznam.cz', 251857);
INSERT INTO ORDER_T (ORDER_ID, ORDER_DATE, LOCAL_OFFICE_OFFICE_ID, PRICE, ORDER_T_TYPE, CUSTOMER_EMAIL, CAR_REGISTRATION_NUMBER) VALUES (131, TO_DATE('8/07/2012', 'DD/MM/YYYY'), 36, 10650, 'Order_in', 'Otmar.susta@seznam.cz', 129079);
INSERT INTO ORDER_T (ORDER_ID, ORDER_DATE, LOCAL_OFFICE_OFFICE_ID, PRICE, ORDER_T_TYPE, CUSTOMER_EMAIL, CAR_REGISTRATION_NUMBER) VALUES (132, TO_DATE('21/09/2008', 'DD/MM/YYYY'), 36, 10708, 'Order_in', 'Alois.Chmelik@seznam.cz', 226009);
INSERT INTO ORDER_T (ORDER_ID, ORDER_DATE, LOCAL_OFFICE_OFFICE_ID, PRICE, ORDER_T_TYPE, CUSTOMER_EMAIL, CAR_REGISTRATION_NUMBER) VALUES (133, TO_DATE('25/08/2002', 'DD/MM/YYYY'), 36, 14723, 'Order_in', 'Norbert.Pecina@seznam.cz', 280936);
INSERT INTO ORDER_T (ORDER_ID, ORDER_DATE, LOCAL_OFFICE_OFFICE_ID, PRICE, ORDER_T_TYPE, CUSTOMER_EMAIL, CAR_REGISTRATION_NUMBER) VALUES (134, TO_DATE('4/03/2002', 'DD/MM/YYYY'), 36, 12657, 'Order_in', 'Alois.Chmelik@seznam.cz', 226009);
INSERT INTO ORDER_T (ORDER_ID, ORDER_DATE, LOCAL_OFFICE_OFFICE_ID, PRICE, ORDER_T_TYPE, CUSTOMER_EMAIL, CAR_REGISTRATION_NUMBER) VALUES (135, TO_DATE('11/07/2004', 'DD/MM/YYYY'), 36, 11265, 'Order_in', 'Bohumila.Rybakova@seznam.cz', 177544);
INSERT INTO ORDER_T (ORDER_ID, ORDER_DATE, LOCAL_OFFICE_OFFICE_ID, PRICE, ORDER_T_TYPE, CUSTOMER_EMAIL, CAR_REGISTRATION_NUMBER) VALUES (136, TO_DATE('30/06/2016', 'DD/MM/YYYY'), 37, 12777, 'Order_in', 'Radim.zemlicka@seznam.cz', 277705);
INSERT INTO ORDER_T (ORDER_ID, ORDER_DATE, LOCAL_OFFICE_OFFICE_ID, PRICE, ORDER_T_TYPE, CUSTOMER_EMAIL, CAR_REGISTRATION_NUMBER) VALUES (137, TO_DATE('22/04/2010', 'DD/MM/YYYY'), 37, 14950, 'Order_in', 'Agata.Kralikova@seznam.cz', 206623);
INSERT INTO ORDER_T (ORDER_ID, ORDER_DATE, LOCAL_OFFICE_OFFICE_ID, PRICE, ORDER_T_TYPE, CUSTOMER_EMAIL, CAR_REGISTRATION_NUMBER) VALUES (138, TO_DATE('2/03/2010', 'DD/MM/YYYY'), 38, 11684, 'Order_in', 'Oldrich.simickova@seznam.cz', 122617);
INSERT INTO ORDER_T (ORDER_ID, ORDER_DATE, LOCAL_OFFICE_OFFICE_ID, PRICE, ORDER_T_TYPE, CUSTOMER_EMAIL, CAR_REGISTRATION_NUMBER) VALUES (139, TO_DATE('3/07/2015', 'DD/MM/YYYY'), 39, 10335, 'Order_in', 'Norbert.Pecina@seznam.cz', 235702);
INSERT INTO ORDER_T (ORDER_ID, ORDER_DATE, LOCAL_OFFICE_OFFICE_ID, PRICE, ORDER_T_TYPE, CUSTOMER_EMAIL, CAR_REGISTRATION_NUMBER) VALUES (140, TO_DATE('16/10/2013', 'DD/MM/YYYY'), 40, 12268, 'Order_in', 'Matej.Szabo@seznam.cz', 213085);
INSERT INTO ORDER_T (ORDER_ID, ORDER_DATE, LOCAL_OFFICE_OFFICE_ID, PRICE, ORDER_T_TYPE, CUSTOMER_EMAIL, CAR_REGISTRATION_NUMBER) VALUES (141, TO_DATE('14/01/2001', 'DD/MM/YYYY'), 41, 13370, 'Order_in', 'Matylda.Mikeskova@seznam.cz', 209854);
INSERT INTO ORDER_T (ORDER_ID, ORDER_DATE, LOCAL_OFFICE_OFFICE_ID, PRICE, ORDER_T_TYPE, CUSTOMER_EMAIL, CAR_REGISTRATION_NUMBER) VALUES (142, TO_DATE('7/01/2017', 'DD/MM/YYYY'), 41, 14976, 'Order_in', 'Anezka.Maierova@seznam.cz', 229240);
INSERT INTO ORDER_T (ORDER_ID, ORDER_DATE, LOCAL_OFFICE_OFFICE_ID, PRICE, ORDER_T_TYPE, CUSTOMER_EMAIL, CAR_REGISTRATION_NUMBER) VALUES (143, TO_DATE('7/01/2014', 'DD/MM/YYYY'), 42, 13207, 'Order_in', 'Medard.zenisek@seznam.cz', 103231);
INSERT INTO ORDER_T (ORDER_ID, ORDER_DATE, LOCAL_OFFICE_OFFICE_ID, PRICE, ORDER_T_TYPE, CUSTOMER_EMAIL, CAR_REGISTRATION_NUMBER) VALUES (144, TO_DATE('15/02/2015', 'DD/MM/YYYY'), 42, 10199, 'Order_in', 'Alice.Fedakova@seznam.cz', 219547);
INSERT INTO ORDER_T (ORDER_ID, ORDER_DATE, LOCAL_OFFICE_OFFICE_ID, PRICE, ORDER_T_TYPE, CUSTOMER_EMAIL, CAR_REGISTRATION_NUMBER) VALUES (145, TO_DATE('15/08/2008', 'DD/MM/YYYY'), 42, 10150, 'Order_in', 'Darina.Andrlova@seznam.cz', 196930);
INSERT INTO ORDER_T (ORDER_ID, ORDER_DATE, LOCAL_OFFICE_OFFICE_ID, PRICE, ORDER_T_TYPE, CUSTOMER_EMAIL, CAR_REGISTRATION_NUMBER) VALUES (146, TO_DATE('4/10/2009', 'DD/MM/YYYY'), 43, 10626, 'Order_in', 'Vladan.Hula@seznam.cz', 258319);
INSERT INTO ORDER_T (ORDER_ID, ORDER_DATE, LOCAL_OFFICE_OFFICE_ID, PRICE, ORDER_T_TYPE, CUSTOMER_EMAIL, CAR_REGISTRATION_NUMBER) VALUES (147, TO_DATE('10/01/2002', 'DD/MM/YYYY'), 43, 13046, 'Order_in', 'Marika.Houzvickova@seznam.cz', 203392);
INSERT INTO ORDER_T (ORDER_ID, ORDER_DATE, LOCAL_OFFICE_OFFICE_ID, PRICE, ORDER_T_TYPE, CUSTOMER_EMAIL, CAR_REGISTRATION_NUMBER) VALUES (148, TO_DATE('19/12/2017', 'DD/MM/YYYY'), 44, 11289, 'Order_in', 'Prokop.reznik@seznam.cz', 109693);
INSERT INTO ORDER_T (ORDER_ID, ORDER_DATE, LOCAL_OFFICE_OFFICE_ID, PRICE, ORDER_T_TYPE, CUSTOMER_EMAIL, CAR_REGISTRATION_NUMBER) VALUES (149, TO_DATE('13/10/2004', 'DD/MM/YYYY'), 44, 12551, 'Order_in', 'Ljuba.Prchlikova@seznam.cz', 138772);
INSERT INTO ORDER_T (ORDER_ID, ORDER_DATE, LOCAL_OFFICE_OFFICE_ID, PRICE, ORDER_T_TYPE, CUSTOMER_EMAIL, CAR_REGISTRATION_NUMBER) VALUES (150, TO_DATE('27/11/2004', 'DD/MM/YYYY'), 44, 12195, 'Order_in', 'Norbert.Pecina@seznam.cz', 235702);
INSERT INTO ORDER_T (ORDER_ID, ORDER_DATE, LOCAL_OFFICE_OFFICE_ID, PRICE, ORDER_T_TYPE, CUSTOMER_EMAIL, CAR_REGISTRATION_NUMBER) VALUES (151, TO_DATE('21/08/2016', 'DD/MM/YYYY'), 45, 13018, 'Order_in', 'Medard.zenisek@seznam.cz', 100000);
INSERT INTO ORDER_T (ORDER_ID, ORDER_DATE, LOCAL_OFFICE_OFFICE_ID, PRICE, ORDER_T_TYPE, CUSTOMER_EMAIL, CAR_REGISTRATION_NUMBER) VALUES (152, TO_DATE('2/11/2017', 'DD/MM/YYYY'), 45, 13405, 'Order_in', 'Ljuba.salkova@seznam.cz', 119386);
INSERT INTO ORDER_T (ORDER_ID, ORDER_DATE, LOCAL_OFFICE_OFFICE_ID, PRICE, ORDER_T_TYPE, CUSTOMER_EMAIL, CAR_REGISTRATION_NUMBER) VALUES (153, TO_DATE('20/02/2002', 'DD/MM/YYYY'), 45, 10374, 'Order_in', 'Martina.Jirakova@seznam.cz', 154927);
INSERT INTO ORDER_T (ORDER_ID, ORDER_DATE, LOCAL_OFFICE_OFFICE_ID, PRICE, ORDER_T_TYPE, CUSTOMER_EMAIL, CAR_REGISTRATION_NUMBER) VALUES (154, TO_DATE('7/10/2010', 'DD/MM/YYYY'), 46, 14724, 'Order_in', 'Alice.Fedakova@seznam.cz', 232471);
INSERT INTO ORDER_T (ORDER_ID, ORDER_DATE, LOCAL_OFFICE_OFFICE_ID, PRICE, ORDER_T_TYPE, CUSTOMER_EMAIL, CAR_REGISTRATION_NUMBER) VALUES (155, TO_DATE('24/07/2004', 'DD/MM/YYYY'), 46, 10059, 'Order_in', 'Oldrich.simickova@seznam.cz', 122617);
INSERT INTO ORDER_T (ORDER_ID, ORDER_DATE, LOCAL_OFFICE_OFFICE_ID, PRICE, ORDER_T_TYPE, CUSTOMER_EMAIL, CAR_REGISTRATION_NUMBER) VALUES (156, TO_DATE('15/03/2006', 'DD/MM/YYYY'), 46, 10001, 'Order_in', 'Norbert.Pecina@seznam.cz', 167851);
INSERT INTO ORDER_T (ORDER_ID, ORDER_DATE, LOCAL_OFFICE_OFFICE_ID, PRICE, ORDER_T_TYPE, CUSTOMER_EMAIL, CAR_REGISTRATION_NUMBER) VALUES (157, TO_DATE('6/11/2012', 'DD/MM/YYYY'), 47, 13815, 'Order_in', 'Alois.Chmelik@seznam.cz', 226009);
INSERT INTO ORDER_T (ORDER_ID, ORDER_DATE, LOCAL_OFFICE_OFFICE_ID, PRICE, ORDER_T_TYPE, CUSTOMER_EMAIL, CAR_REGISTRATION_NUMBER) VALUES (158, TO_DATE('21/09/2013', 'DD/MM/YYYY'), 47, 14989, 'Order_in', 'Drahoslav.Valcik@seznam.cz', 184006);
INSERT INTO ORDER_T (ORDER_ID, ORDER_DATE, LOCAL_OFFICE_OFFICE_ID, PRICE, ORDER_T_TYPE, CUSTOMER_EMAIL, CAR_REGISTRATION_NUMBER) VALUES (159, TO_DATE('21/02/2006', 'DD/MM/YYYY'), 47, 10776, 'Order_in', 'Alexej.Reich@seznam.cz', 274474);
INSERT INTO ORDER_T (ORDER_ID, ORDER_DATE, LOCAL_OFFICE_OFFICE_ID, PRICE, ORDER_T_TYPE, CUSTOMER_EMAIL, CAR_REGISTRATION_NUMBER) VALUES (160, TO_DATE('7/03/2001', 'DD/MM/YYYY'), 48, 11711, 'Order_in', 'Robin.Dostal@seznam.cz', 193699);
INSERT INTO ORDER_T (ORDER_ID, ORDER_DATE, LOCAL_OFFICE_OFFICE_ID, PRICE, ORDER_T_TYPE, CUSTOMER_EMAIL, CAR_REGISTRATION_NUMBER) VALUES (161, TO_DATE('8/01/2007', 'DD/MM/YYYY'), 48, 10382, 'Order_in', 'Matylda.Mikeskova@seznam.cz', 209854);
INSERT INTO ORDER_T (ORDER_ID, ORDER_DATE, LOCAL_OFFICE_OFFICE_ID, PRICE, ORDER_T_TYPE, CUSTOMER_EMAIL, CAR_REGISTRATION_NUMBER) VALUES (162, TO_DATE('27/08/2010', 'DD/MM/YYYY'), 48, 10950, 'Order_in', 'Otmar.susta@seznam.cz', 129079);
INSERT INTO ORDER_T (ORDER_ID, ORDER_DATE, LOCAL_OFFICE_OFFICE_ID, PRICE, ORDER_T_TYPE, CUSTOMER_EMAIL, CAR_REGISTRATION_NUMBER) VALUES (163, TO_DATE('1/01/2013', 'DD/MM/YYYY'), 49, 11740, 'Order_in', 'Alexej.Reich@seznam.cz', 268012);
INSERT INTO ORDER_T (ORDER_ID, ORDER_DATE, LOCAL_OFFICE_OFFICE_ID, PRICE, ORDER_T_TYPE, CUSTOMER_EMAIL, CAR_REGISTRATION_NUMBER) VALUES (164, TO_DATE('20/05/2004', 'DD/MM/YYYY'), 49, 11840, 'Order_in', 'zofie.zurkova@seznam.cz', 142003);
INSERT INTO ORDER_T (ORDER_ID, ORDER_DATE, LOCAL_OFFICE_OFFICE_ID, PRICE, ORDER_T_TYPE, CUSTOMER_EMAIL, CAR_REGISTRATION_NUMBER) VALUES (165, TO_DATE('6/01/2011', 'DD/MM/YYYY'), 49, 14363, 'Order_in', 'Vladan.Hula@seznam.cz', 258319);
INSERT INTO ORDER_T (ORDER_ID, ORDER_DATE, LOCAL_OFFICE_OFFICE_ID, PRICE, ORDER_T_TYPE, CUSTOMER_EMAIL, CAR_REGISTRATION_NUMBER) VALUES (166, TO_DATE('10/05/2007', 'DD/MM/YYYY'), 50, 13758, 'Order_in', 'Emil.Volf@seznam.cz', 112924);
INSERT INTO ORDER_T (ORDER_ID, ORDER_DATE, LOCAL_OFFICE_OFFICE_ID, PRICE, ORDER_T_TYPE, CUSTOMER_EMAIL, CAR_REGISTRATION_NUMBER) VALUES (167, TO_DATE('14/02/2000', 'DD/MM/YYYY'), 50, 10851, 'Order_in', 'Alexej.Reich@seznam.cz', 200161);
INSERT INTO ORDER_T (ORDER_ID, ORDER_DATE, LOCAL_OFFICE_OFFICE_ID, PRICE, ORDER_T_TYPE, CUSTOMER_EMAIL, CAR_REGISTRATION_NUMBER) VALUES (168, TO_DATE('10/08/2003', 'DD/MM/YYYY'), 50, 10587, 'Order_in', 'Jaromir.Matej@seznam.cz', 125848);
INSERT INTO ORDER_T (ORDER_ID, ORDER_DATE, LOCAL_OFFICE_OFFICE_ID, PRICE, ORDER_T_TYPE, CUSTOMER_EMAIL, CAR_REGISTRATION_NUMBER) VALUES (169, TO_DATE('14/10/2000', 'DD/MM/YYYY'), 50, 14128, 'Order_in', 'Alexej.Reich@seznam.cz', 255088);
INSERT INTO ORDER_T (ORDER_ID, ORDER_DATE, LOCAL_OFFICE_OFFICE_ID, PRICE, ORDER_T_TYPE, CUSTOMER_EMAIL, CAR_REGISTRATION_NUMBER) VALUES (170, TO_DATE('7/12/2005', 'DD/MM/YYYY'), 51, 11533, 'Order_in', 'Frantisek.Jahoda@seznam.cz', 116155);
INSERT INTO ORDER_T (ORDER_ID, ORDER_DATE, LOCAL_OFFICE_OFFICE_ID, PRICE, ORDER_T_TYPE, CUSTOMER_EMAIL, CAR_REGISTRATION_NUMBER) VALUES (171, TO_DATE('16/05/2001', 'DD/MM/YYYY'), 51, 13501, 'Order_in', 'Vladan.Hula@seznam.cz', 290629);
INSERT INTO ORDER_T (ORDER_ID, ORDER_DATE, LOCAL_OFFICE_OFFICE_ID, PRICE, ORDER_T_TYPE, CUSTOMER_EMAIL, CAR_REGISTRATION_NUMBER) VALUES (172, TO_DATE('24/04/2005', 'DD/MM/YYYY'), 51, 10886, 'Order_in', 'Roman.Hahn@seznam.cz', 161389);
INSERT INTO ORDER_T (ORDER_ID, ORDER_DATE, LOCAL_OFFICE_OFFICE_ID, PRICE, ORDER_T_TYPE, CUSTOMER_EMAIL, CAR_REGISTRATION_NUMBER) VALUES (173, TO_DATE('9/11/2015', 'DD/MM/YYYY'), 52, 12628, 'Order_in', 'Roman.Pycha@seznam.cz', 151696);
INSERT INTO ORDER_T (ORDER_ID, ORDER_DATE, LOCAL_OFFICE_OFFICE_ID, PRICE, ORDER_T_TYPE, CUSTOMER_EMAIL, CAR_REGISTRATION_NUMBER) VALUES (174, TO_DATE('28/08/2006', 'DD/MM/YYYY'), 52, 10534, 'Order_in', 'Darina.Andrlova@seznam.cz', 196930);
INSERT INTO ORDER_T (ORDER_ID, ORDER_DATE, LOCAL_OFFICE_OFFICE_ID, PRICE, ORDER_T_TYPE, CUSTOMER_EMAIL, CAR_REGISTRATION_NUMBER) VALUES (175, TO_DATE('24/05/2002', 'DD/MM/YYYY'), 52, 10463, 'Order_in', 'Anezka.Maierova@seznam.cz', 229240);
INSERT INTO ORDER_T (ORDER_ID, ORDER_DATE, LOCAL_OFFICE_OFFICE_ID, PRICE, ORDER_T_TYPE, CUSTOMER_EMAIL, CAR_REGISTRATION_NUMBER) VALUES (176, TO_DATE('27/02/2009', 'DD/MM/YYYY'), 53, 14211, 'Order_in', 'Robin.Dostal@seznam.cz', 193699);
INSERT INTO ORDER_T (ORDER_ID, ORDER_DATE, LOCAL_OFFICE_OFFICE_ID, PRICE, ORDER_T_TYPE, CUSTOMER_EMAIL, CAR_REGISTRATION_NUMBER) VALUES (177, TO_DATE('17/12/2006', 'DD/MM/YYYY'), 53, 10388, 'Order_in', 'Ljuba.salkova@seznam.cz', 119386);
INSERT INTO ORDER_T (ORDER_ID, ORDER_DATE, LOCAL_OFFICE_OFFICE_ID, PRICE, ORDER_T_TYPE, CUSTOMER_EMAIL, CAR_REGISTRATION_NUMBER) VALUES (178, TO_DATE('13/07/2002', 'DD/MM/YYYY'), 53, 12968, 'Order_in', 'Roman.Hahn@seznam.cz', 161389);
INSERT INTO ORDER_T (ORDER_ID, ORDER_DATE, LOCAL_OFFICE_OFFICE_ID, PRICE, ORDER_T_TYPE, CUSTOMER_EMAIL, CAR_REGISTRATION_NUMBER) VALUES (179, TO_DATE('6/07/2011', 'DD/MM/YYYY'), 54, 13679, 'Order_in', 'Ljuba.salkova@seznam.cz', 119386);
INSERT INTO ORDER_T (ORDER_ID, ORDER_DATE, LOCAL_OFFICE_OFFICE_ID, PRICE, ORDER_T_TYPE, CUSTOMER_EMAIL, CAR_REGISTRATION_NUMBER) VALUES (180, TO_DATE('8/03/2001', 'DD/MM/YYYY'), 54, 12557, 'Order_in', 'zofie.zurkova@seznam.cz', 142003);
INSERT INTO ORDER_T (ORDER_ID, ORDER_DATE, LOCAL_OFFICE_OFFICE_ID, PRICE, ORDER_T_TYPE, CUSTOMER_EMAIL, CAR_REGISTRATION_NUMBER) VALUES (181, TO_DATE('20/09/2001', 'DD/MM/YYYY'), 54, 12426, 'Order_in', 'Medard.zenisek@seznam.cz', 103231);
INSERT INTO ORDER_T (ORDER_ID, ORDER_DATE, LOCAL_OFFICE_OFFICE_ID, PRICE, ORDER_T_TYPE, CUSTOMER_EMAIL, CAR_REGISTRATION_NUMBER) VALUES (182, TO_DATE('13/04/2013', 'DD/MM/YYYY'), 54, 13502, 'Order_in', 'Alois.Chmelik@seznam.cz', 226009);
INSERT INTO ORDER_T (ORDER_ID, ORDER_DATE, LOCAL_OFFICE_OFFICE_ID, PRICE, ORDER_T_TYPE, CUSTOMER_EMAIL, CAR_REGISTRATION_NUMBER) VALUES (183, TO_DATE('21/06/2004', 'DD/MM/YYYY'), 54, 11914, 'Order_in', 'Alexej.Reich@seznam.cz', 200161);
INSERT INTO ORDER_T (ORDER_ID, ORDER_DATE, LOCAL_OFFICE_OFFICE_ID, PRICE, ORDER_T_TYPE, CUSTOMER_EMAIL, CAR_REGISTRATION_NUMBER) VALUES (184, TO_DATE('14/02/2015', 'DD/MM/YYYY'), 55, 13878, 'Order_in', 'Drahoslav.Valcik@seznam.cz', 184006);
INSERT INTO ORDER_T (ORDER_ID, ORDER_DATE, LOCAL_OFFICE_OFFICE_ID, PRICE, ORDER_T_TYPE, CUSTOMER_EMAIL, CAR_REGISTRATION_NUMBER) VALUES (185, TO_DATE('10/10/2008', 'DD/MM/YYYY'), 55, 11248, 'Order_in', 'Lumir.Juchelka@seznam.cz', 216316);
INSERT INTO ORDER_T (ORDER_ID, ORDER_DATE, LOCAL_OFFICE_OFFICE_ID, PRICE, ORDER_T_TYPE, CUSTOMER_EMAIL, CAR_REGISTRATION_NUMBER) VALUES (186, TO_DATE('19/07/2002', 'DD/MM/YYYY'), 55, 10657, 'Order_in', 'Alexej.Reich@seznam.cz', 261550);
INSERT INTO ORDER_T (ORDER_ID, ORDER_DATE, LOCAL_OFFICE_OFFICE_ID, PRICE, ORDER_T_TYPE, CUSTOMER_EMAIL, CAR_REGISTRATION_NUMBER) VALUES (187, TO_DATE('11/04/2005', 'DD/MM/YYYY'), 55, 11310, 'Order_in', 'Otmar.susta@seznam.cz', 129079);
INSERT INTO ORDER_T (ORDER_ID, ORDER_DATE, LOCAL_OFFICE_OFFICE_ID, PRICE, ORDER_T_TYPE, CUSTOMER_EMAIL, CAR_REGISTRATION_NUMBER) VALUES (188, TO_DATE('29/06/2011', 'DD/MM/YYYY'), 56, 11569, 'Order_in', 'Ljuba.salkova@seznam.cz', 119386);
INSERT INTO ORDER_T (ORDER_ID, ORDER_DATE, LOCAL_OFFICE_OFFICE_ID, PRICE, ORDER_T_TYPE, CUSTOMER_EMAIL, CAR_REGISTRATION_NUMBER) VALUES (189, TO_DATE('26/05/2011', 'DD/MM/YYYY'), 56, 14598, 'Order_in', 'Oldrich.simickova@seznam.cz', 122617);
INSERT INTO ORDER_T (ORDER_ID, ORDER_DATE, LOCAL_OFFICE_OFFICE_ID, PRICE, ORDER_T_TYPE, CUSTOMER_EMAIL, CAR_REGISTRATION_NUMBER) VALUES (190, TO_DATE('14/06/2016', 'DD/MM/YYYY'), 56, 13149, 'Order_in', 'Jaromir.Matej@seznam.cz', 125848);
INSERT INTO ORDER_T (ORDER_ID, ORDER_DATE, LOCAL_OFFICE_OFFICE_ID, PRICE, ORDER_T_TYPE, CUSTOMER_EMAIL, CAR_REGISTRATION_NUMBER) VALUES (191, TO_DATE('10/10/2010', 'DD/MM/YYYY'), 57, 13005, 'Order_in', 'Matylda.Mikeskova@seznam.cz', 209854);
INSERT INTO ORDER_T (ORDER_ID, ORDER_DATE, LOCAL_OFFICE_OFFICE_ID, PRICE, ORDER_T_TYPE, CUSTOMER_EMAIL, CAR_REGISTRATION_NUMBER) VALUES (192, TO_DATE('6/01/2002', 'DD/MM/YYYY'), 57, 14432, 'Order_in', 'Emanuel.Fanta@seznam.cz', 245395);
INSERT INTO ORDER_T (ORDER_ID, ORDER_DATE, LOCAL_OFFICE_OFFICE_ID, PRICE, ORDER_T_TYPE, CUSTOMER_EMAIL, CAR_REGISTRATION_NUMBER) VALUES (193, TO_DATE('3/09/2010', 'DD/MM/YYYY'), 57, 13540, 'Order_in', 'Lubor.Plasek@seznam.cz', 174313);
INSERT INTO ORDER_T (ORDER_ID, ORDER_DATE, LOCAL_OFFICE_OFFICE_ID, PRICE, ORDER_T_TYPE, CUSTOMER_EMAIL, CAR_REGISTRATION_NUMBER) VALUES (194, TO_DATE('12/05/2002', 'DD/MM/YYYY'), 58, 10708, 'Order_in', 'Marika.Houzvickova@seznam.cz', 171082);
INSERT INTO ORDER_T (ORDER_ID, ORDER_DATE, LOCAL_OFFICE_OFFICE_ID, PRICE, ORDER_T_TYPE, CUSTOMER_EMAIL, CAR_REGISTRATION_NUMBER) VALUES (195, TO_DATE('29/09/2004', 'DD/MM/YYYY'), 58, 12856, 'Order_in', 'Helena.Korecka@seznam.cz', 106462);
INSERT INTO ORDER_T (ORDER_ID, ORDER_DATE, LOCAL_OFFICE_OFFICE_ID, PRICE, ORDER_T_TYPE, CUSTOMER_EMAIL, CAR_REGISTRATION_NUMBER) VALUES (196, TO_DATE('20/05/2002', 'DD/MM/YYYY'), 59, 13077, 'Order_in', 'Jaromir.Matej@seznam.cz', 125848);
INSERT INTO ORDER_T (ORDER_ID, ORDER_DATE, LOCAL_OFFICE_OFFICE_ID, PRICE, ORDER_T_TYPE, CUSTOMER_EMAIL, CAR_REGISTRATION_NUMBER) VALUES (197, TO_DATE('3/07/2014', 'DD/MM/YYYY'), 59, 13745, 'Order_in', 'Emanuel.Fanta@seznam.cz', 245395);
INSERT INTO ORDER_T (ORDER_ID, ORDER_DATE, LOCAL_OFFICE_OFFICE_ID, PRICE, ORDER_T_TYPE, CUSTOMER_EMAIL, CAR_REGISTRATION_NUMBER) VALUES (198, TO_DATE('22/06/2006', 'DD/MM/YYYY'), 60, 13939, 'Order_in', 'Norbert.Pecina@seznam.cz', 280936);
INSERT INTO ORDER_T (ORDER_ID, ORDER_DATE, LOCAL_OFFICE_OFFICE_ID, PRICE, ORDER_T_TYPE, CUSTOMER_EMAIL, CAR_REGISTRATION_NUMBER) VALUES (199, TO_DATE('13/07/2015', 'DD/MM/YYYY'), 60, 13927, 'Order_in', 'Ljuba.salkova@seznam.cz', 119386);
INSERT INTO ORDER_T (ORDER_ID, ORDER_DATE, LOCAL_OFFICE_OFFICE_ID, PRICE, ORDER_T_TYPE, CUSTOMER_EMAIL, CAR_REGISTRATION_NUMBER) VALUES (200, TO_DATE('21/05/2017', 'DD/MM/YYYY'), 60, 13603, 'Order_in', 'Emil.Volf@seznam.cz', 112924);
-- 200 order_OUT
INSERT INTO ORDER_T (ORDER_ID, ORDER_DATE, LOCAL_OFFICE_OFFICE_ID, PRICE, ORDER_T_TYPE, CUSTOMER_EMAIL, CAR_REGISTRATION_NUMBER) VALUES (201, TO_DATE('6/06/2001', 'DD/MM/YYYY'), 1, 8081, 'Order_out', 'Matylda.Mikeskova@seznam.cz', 209854);
INSERT INTO ORDER_T (ORDER_ID, ORDER_DATE, LOCAL_OFFICE_OFFICE_ID, PRICE, ORDER_T_TYPE, CUSTOMER_EMAIL, CAR_REGISTRATION_NUMBER) VALUES (202, TO_DATE('2/01/2000', 'DD/MM/YYYY'), 1, 8724, 'Order_out', 'Helena.Korecka@seznam.cz', 106462);
INSERT INTO ORDER_T (ORDER_ID, ORDER_DATE, LOCAL_OFFICE_OFFICE_ID, PRICE, ORDER_T_TYPE, CUSTOMER_EMAIL, CAR_REGISTRATION_NUMBER) VALUES (203, TO_DATE('29/06/2016', 'DD/MM/YYYY'), 1, 9007, 'Order_out', 'Otmar.susta@seznam.cz', 129079);
INSERT INTO ORDER_T (ORDER_ID, ORDER_DATE, LOCAL_OFFICE_OFFICE_ID, PRICE, ORDER_T_TYPE, CUSTOMER_EMAIL, CAR_REGISTRATION_NUMBER) VALUES (204, TO_DATE('23/01/2005', 'DD/MM/YYYY'), 1, 10385, 'Order_out', 'Alois.Chmelik@seznam.cz', 226009);
INSERT INTO ORDER_T (ORDER_ID, ORDER_DATE, LOCAL_OFFICE_OFFICE_ID, PRICE, ORDER_T_TYPE, CUSTOMER_EMAIL, CAR_REGISTRATION_NUMBER) VALUES (205, TO_DATE('2/04/2006', 'DD/MM/YYYY'), 2, 10783, 'Order_out', 'Alexej.Reich@seznam.cz', 268012);
INSERT INTO ORDER_T (ORDER_ID, ORDER_DATE, LOCAL_OFFICE_OFFICE_ID, PRICE, ORDER_T_TYPE, CUSTOMER_EMAIL, CAR_REGISTRATION_NUMBER) VALUES (206, TO_DATE('29/01/2007', 'DD/MM/YYYY'), 2, 10757, 'Order_out', 'Agata.Kralikova@seznam.cz', 206623);
INSERT INTO ORDER_T (ORDER_ID, ORDER_DATE, LOCAL_OFFICE_OFFICE_ID, PRICE, ORDER_T_TYPE, CUSTOMER_EMAIL, CAR_REGISTRATION_NUMBER) VALUES (207, TO_DATE('30/09/2007', 'DD/MM/YYYY'), 2, 7492, 'Order_out', 'Oldrich.simickova@seznam.cz', 122617);
INSERT INTO ORDER_T (ORDER_ID, ORDER_DATE, LOCAL_OFFICE_OFFICE_ID, PRICE, ORDER_T_TYPE, CUSTOMER_EMAIL, CAR_REGISTRATION_NUMBER) VALUES (208, TO_DATE('10/11/2005', 'DD/MM/YYYY'), 2, 8359, 'Order_out', 'Marika.Houzvickova@seznam.cz', 171082);
INSERT INTO ORDER_T (ORDER_ID, ORDER_DATE, LOCAL_OFFICE_OFFICE_ID, PRICE, ORDER_T_TYPE, CUSTOMER_EMAIL, CAR_REGISTRATION_NUMBER) VALUES (209, TO_DATE('20/06/2013', 'DD/MM/YYYY'), 2, 11322, 'Order_out', 'Prokop.Tucek@seznam.cz', 158158);
INSERT INTO ORDER_T (ORDER_ID, ORDER_DATE, LOCAL_OFFICE_OFFICE_ID, PRICE, ORDER_T_TYPE, CUSTOMER_EMAIL, CAR_REGISTRATION_NUMBER) VALUES (210, TO_DATE('23/07/2009', 'DD/MM/YYYY'), 3, 7196, 'Order_out', 'Emil.Volf@seznam.cz', 112924);
INSERT INTO ORDER_T (ORDER_ID, ORDER_DATE, LOCAL_OFFICE_OFFICE_ID, PRICE, ORDER_T_TYPE, CUSTOMER_EMAIL, CAR_REGISTRATION_NUMBER) VALUES (211, TO_DATE('28/05/2006', 'DD/MM/YYYY'), 3, 11115, 'Order_out', 'Agata.Kralikova@seznam.cz', 206623);
INSERT INTO ORDER_T (ORDER_ID, ORDER_DATE, LOCAL_OFFICE_OFFICE_ID, PRICE, ORDER_T_TYPE, CUSTOMER_EMAIL, CAR_REGISTRATION_NUMBER) VALUES (212, TO_DATE('14/04/2003', 'DD/MM/YYYY'), 3, 10666, 'Order_out', 'Igor.capek@seznam.cz', 271243);
INSERT INTO ORDER_T (ORDER_ID, ORDER_DATE, LOCAL_OFFICE_OFFICE_ID, PRICE, ORDER_T_TYPE, CUSTOMER_EMAIL, CAR_REGISTRATION_NUMBER) VALUES (213, TO_DATE('8/06/2011', 'DD/MM/YYYY'), 3, 11032, 'Order_out', 'Medard.zenisek@seznam.cz', 100000);
INSERT INTO ORDER_T (ORDER_ID, ORDER_DATE, LOCAL_OFFICE_OFFICE_ID, PRICE, ORDER_T_TYPE, CUSTOMER_EMAIL, CAR_REGISTRATION_NUMBER) VALUES (214, TO_DATE('5/03/2003', 'DD/MM/YYYY'), 4, 7114, 'Order_out', 'Alexej.Reich@seznam.cz', 274474);
INSERT INTO ORDER_T (ORDER_ID, ORDER_DATE, LOCAL_OFFICE_OFFICE_ID, PRICE, ORDER_T_TYPE, CUSTOMER_EMAIL, CAR_REGISTRATION_NUMBER) VALUES (215, TO_DATE('10/05/2005', 'DD/MM/YYYY'), 4, 9442, 'Order_out', 'Bruno.Masin@seznam.cz', 242164);
INSERT INTO ORDER_T (ORDER_ID, ORDER_DATE, LOCAL_OFFICE_OFFICE_ID, PRICE, ORDER_T_TYPE, CUSTOMER_EMAIL, CAR_REGISTRATION_NUMBER) VALUES (216, TO_DATE('16/08/2011', 'DD/MM/YYYY'), 4, 7016, 'Order_out', 'Bohumila.Rybakova@seznam.cz', 177544);
INSERT INTO ORDER_T (ORDER_ID, ORDER_DATE, LOCAL_OFFICE_OFFICE_ID, PRICE, ORDER_T_TYPE, CUSTOMER_EMAIL, CAR_REGISTRATION_NUMBER) VALUES (217, TO_DATE('30/11/2002', 'DD/MM/YYYY'), 5, 11646, 'Order_out', 'Darina.Andrlova@seznam.cz', 196930);
INSERT INTO ORDER_T (ORDER_ID, ORDER_DATE, LOCAL_OFFICE_OFFICE_ID, PRICE, ORDER_T_TYPE, CUSTOMER_EMAIL, CAR_REGISTRATION_NUMBER) VALUES (218, TO_DATE('22/12/2002', 'DD/MM/YYYY'), 5, 10208, 'Order_out', 'Bruno.Masin@seznam.cz', 242164);
INSERT INTO ORDER_T (ORDER_ID, ORDER_DATE, LOCAL_OFFICE_OFFICE_ID, PRICE, ORDER_T_TYPE, CUSTOMER_EMAIL, CAR_REGISTRATION_NUMBER) VALUES (219, TO_DATE('18/04/2003', 'DD/MM/YYYY'), 5, 7084, 'Order_out', 'Alexej.Reich@seznam.cz', 261550);
INSERT INTO ORDER_T (ORDER_ID, ORDER_DATE, LOCAL_OFFICE_OFFICE_ID, PRICE, ORDER_T_TYPE, CUSTOMER_EMAIL, CAR_REGISTRATION_NUMBER) VALUES (220, TO_DATE('8/06/2017', 'DD/MM/YYYY'), 6, 9964, 'Order_out', 'Drahoslav.Valcik@seznam.cz', 187237);
INSERT INTO ORDER_T (ORDER_ID, ORDER_DATE, LOCAL_OFFICE_OFFICE_ID, PRICE, ORDER_T_TYPE, CUSTOMER_EMAIL, CAR_REGISTRATION_NUMBER) VALUES (221, TO_DATE('29/03/2001', 'DD/MM/YYYY'), 6, 7595, 'Order_out', 'Marika.Houzvickova@seznam.cz', 171082);
INSERT INTO ORDER_T (ORDER_ID, ORDER_DATE, LOCAL_OFFICE_OFFICE_ID, PRICE, ORDER_T_TYPE, CUSTOMER_EMAIL, CAR_REGISTRATION_NUMBER) VALUES (222, TO_DATE('20/08/2001', 'DD/MM/YYYY'), 6, 8502, 'Order_out', 'Roman.Hahn@seznam.cz', 161389);
INSERT INTO ORDER_T (ORDER_ID, ORDER_DATE, LOCAL_OFFICE_OFFICE_ID, PRICE, ORDER_T_TYPE, CUSTOMER_EMAIL, CAR_REGISTRATION_NUMBER) VALUES (223, TO_DATE('13/07/2013', 'DD/MM/YYYY'), 6, 7545, 'Order_out', 'Lubor.Plasek@seznam.cz', 174313);
INSERT INTO ORDER_T (ORDER_ID, ORDER_DATE, LOCAL_OFFICE_OFFICE_ID, PRICE, ORDER_T_TYPE, CUSTOMER_EMAIL, CAR_REGISTRATION_NUMBER) VALUES (224, TO_DATE('5/12/2016', 'DD/MM/YYYY'), 7, 8761, 'Order_out', 'Alexej.Reich@seznam.cz', 255088);
INSERT INTO ORDER_T (ORDER_ID, ORDER_DATE, LOCAL_OFFICE_OFFICE_ID, PRICE, ORDER_T_TYPE, CUSTOMER_EMAIL, CAR_REGISTRATION_NUMBER) VALUES (225, TO_DATE('23/12/2004', 'DD/MM/YYYY'), 7, 11297, 'Order_out', 'Agata.Kralikova@seznam.cz', 206623);
INSERT INTO ORDER_T (ORDER_ID, ORDER_DATE, LOCAL_OFFICE_OFFICE_ID, PRICE, ORDER_T_TYPE, CUSTOMER_EMAIL, CAR_REGISTRATION_NUMBER) VALUES (226, TO_DATE('14/10/2005', 'DD/MM/YYYY'), 7, 8989, 'Order_out', 'Norbert.Pecina@seznam.cz', 235702);
INSERT INTO ORDER_T (ORDER_ID, ORDER_DATE, LOCAL_OFFICE_OFFICE_ID, PRICE, ORDER_T_TYPE, CUSTOMER_EMAIL, CAR_REGISTRATION_NUMBER) VALUES (227, TO_DATE('28/08/2006', 'DD/MM/YYYY'), 7, 8652, 'Order_out', 'Emil.Volf@seznam.cz', 112924);
INSERT INTO ORDER_T (ORDER_ID, ORDER_DATE, LOCAL_OFFICE_OFFICE_ID, PRICE, ORDER_T_TYPE, CUSTOMER_EMAIL, CAR_REGISTRATION_NUMBER) VALUES (228, TO_DATE('9/09/2006', 'DD/MM/YYYY'), 8, 7877, 'Order_out', 'Emil.Volf@seznam.cz', 112924);
INSERT INTO ORDER_T (ORDER_ID, ORDER_DATE, LOCAL_OFFICE_OFFICE_ID, PRICE, ORDER_T_TYPE, CUSTOMER_EMAIL, CAR_REGISTRATION_NUMBER) VALUES (229, TO_DATE('22/12/2011', 'DD/MM/YYYY'), 8, 9188, 'Order_out', 'Alexej.Reich@seznam.cz', 274474);
INSERT INTO ORDER_T (ORDER_ID, ORDER_DATE, LOCAL_OFFICE_OFFICE_ID, PRICE, ORDER_T_TYPE, CUSTOMER_EMAIL, CAR_REGISTRATION_NUMBER) VALUES (230, TO_DATE('3/01/2006', 'DD/MM/YYYY'), 8, 11874, 'Order_out', 'Emil.Volf@seznam.cz', 112924);
INSERT INTO ORDER_T (ORDER_ID, ORDER_DATE, LOCAL_OFFICE_OFFICE_ID, PRICE, ORDER_T_TYPE, CUSTOMER_EMAIL, CAR_REGISTRATION_NUMBER) VALUES (231, TO_DATE('15/06/2003', 'DD/MM/YYYY'), 8, 7825, 'Order_out', 'Agata.Kralikova@seznam.cz', 206623);
INSERT INTO ORDER_T (ORDER_ID, ORDER_DATE, LOCAL_OFFICE_OFFICE_ID, PRICE, ORDER_T_TYPE, CUSTOMER_EMAIL, CAR_REGISTRATION_NUMBER) VALUES (232, TO_DATE('7/12/2000', 'DD/MM/YYYY'), 9, 9521, 'Order_out', 'Medard.zenisek@seznam.cz', 100000);
INSERT INTO ORDER_T (ORDER_ID, ORDER_DATE, LOCAL_OFFICE_OFFICE_ID, PRICE, ORDER_T_TYPE, CUSTOMER_EMAIL, CAR_REGISTRATION_NUMBER) VALUES (233, TO_DATE('10/09/2012', 'DD/MM/YYYY'), 9, 7322, 'Order_out', 'Otmar.susta@seznam.cz', 129079);
INSERT INTO ORDER_T (ORDER_ID, ORDER_DATE, LOCAL_OFFICE_OFFICE_ID, PRICE, ORDER_T_TYPE, CUSTOMER_EMAIL, CAR_REGISTRATION_NUMBER) VALUES (234, TO_DATE('29/12/2006', 'DD/MM/YYYY'), 9, 8427, 'Order_out', 'Martina.Jirakova@seznam.cz', 154927);
INSERT INTO ORDER_T (ORDER_ID, ORDER_DATE, LOCAL_OFFICE_OFFICE_ID, PRICE, ORDER_T_TYPE, CUSTOMER_EMAIL, CAR_REGISTRATION_NUMBER) VALUES (235, TO_DATE('24/06/2001', 'DD/MM/YYYY'), 9, 7384, 'Order_out', 'Alexej.Reich@seznam.cz', 200161);
INSERT INTO ORDER_T (ORDER_ID, ORDER_DATE, LOCAL_OFFICE_OFFICE_ID, PRICE, ORDER_T_TYPE, CUSTOMER_EMAIL, CAR_REGISTRATION_NUMBER) VALUES (236, TO_DATE('7/09/2004', 'DD/MM/YYYY'), 9, 9225, 'Order_out', 'Anezka.Maierova@seznam.cz', 229240);
INSERT INTO ORDER_T (ORDER_ID, ORDER_DATE, LOCAL_OFFICE_OFFICE_ID, PRICE, ORDER_T_TYPE, CUSTOMER_EMAIL, CAR_REGISTRATION_NUMBER) VALUES (237, TO_DATE('4/11/2004', 'DD/MM/YYYY'), 10, 7970, 'Order_out', 'Irena.Ditetova@seznam.cz', 222778);
INSERT INTO ORDER_T (ORDER_ID, ORDER_DATE, LOCAL_OFFICE_OFFICE_ID, PRICE, ORDER_T_TYPE, CUSTOMER_EMAIL, CAR_REGISTRATION_NUMBER) VALUES (238, TO_DATE('4/06/2000', 'DD/MM/YYYY'), 10, 9931, 'Order_out', 'Robin.Dostal@seznam.cz', 193699);
INSERT INTO ORDER_T (ORDER_ID, ORDER_DATE, LOCAL_OFFICE_OFFICE_ID, PRICE, ORDER_T_TYPE, CUSTOMER_EMAIL, CAR_REGISTRATION_NUMBER) VALUES (239, TO_DATE('2/03/2000', 'DD/MM/YYYY'), 10, 8701, 'Order_out', 'Vladan.Hula@seznam.cz', 290629);
INSERT INTO ORDER_T (ORDER_ID, ORDER_DATE, LOCAL_OFFICE_OFFICE_ID, PRICE, ORDER_T_TYPE, CUSTOMER_EMAIL, CAR_REGISTRATION_NUMBER) VALUES (240, TO_DATE('23/01/2003', 'DD/MM/YYYY'), 10, 9830, 'Order_out', 'Prokop.Tucek@seznam.cz', 158158);
INSERT INTO ORDER_T (ORDER_ID, ORDER_DATE, LOCAL_OFFICE_OFFICE_ID, PRICE, ORDER_T_TYPE, CUSTOMER_EMAIL, CAR_REGISTRATION_NUMBER) VALUES (241, TO_DATE('16/06/2015', 'DD/MM/YYYY'), 11, 10465, 'Order_out', 'Helena.Korecka@seznam.cz', 106462);
INSERT INTO ORDER_T (ORDER_ID, ORDER_DATE, LOCAL_OFFICE_OFFICE_ID, PRICE, ORDER_T_TYPE, CUSTOMER_EMAIL, CAR_REGISTRATION_NUMBER) VALUES (242, TO_DATE('22/12/2012', 'DD/MM/YYYY'), 11, 8273, 'Order_out', 'Otmar.susta@seznam.cz', 129079);
INSERT INTO ORDER_T (ORDER_ID, ORDER_DATE, LOCAL_OFFICE_OFFICE_ID, PRICE, ORDER_T_TYPE, CUSTOMER_EMAIL, CAR_REGISTRATION_NUMBER) VALUES (243, TO_DATE('27/01/2015', 'DD/MM/YYYY'), 11, 11392, 'Order_out', 'Roman.Pycha@seznam.cz', 151696);
INSERT INTO ORDER_T (ORDER_ID, ORDER_DATE, LOCAL_OFFICE_OFFICE_ID, PRICE, ORDER_T_TYPE, CUSTOMER_EMAIL, CAR_REGISTRATION_NUMBER) VALUES (244, TO_DATE('9/12/2005', 'DD/MM/YYYY'), 12, 7623, 'Order_out', 'Darina.Andrlova@seznam.cz', 196930);
INSERT INTO ORDER_T (ORDER_ID, ORDER_DATE, LOCAL_OFFICE_OFFICE_ID, PRICE, ORDER_T_TYPE, CUSTOMER_EMAIL, CAR_REGISTRATION_NUMBER) VALUES (245, TO_DATE('23/06/2017', 'DD/MM/YYYY'), 12, 10115, 'Order_out', 'Roman.Hahn@seznam.cz', 264781);
INSERT INTO ORDER_T (ORDER_ID, ORDER_DATE, LOCAL_OFFICE_OFFICE_ID, PRICE, ORDER_T_TYPE, CUSTOMER_EMAIL, CAR_REGISTRATION_NUMBER) VALUES (246, TO_DATE('10/04/2005', 'DD/MM/YYYY'), 12, 11228, 'Order_out', 'Marika.Houzvickova@seznam.cz', 171082);
INSERT INTO ORDER_T (ORDER_ID, ORDER_DATE, LOCAL_OFFICE_OFFICE_ID, PRICE, ORDER_T_TYPE, CUSTOMER_EMAIL, CAR_REGISTRATION_NUMBER) VALUES (247, TO_DATE('16/12/2000', 'DD/MM/YYYY'), 12, 10628, 'Order_out', 'Oldrich.simickova@seznam.cz', 122617);
INSERT INTO ORDER_T (ORDER_ID, ORDER_DATE, LOCAL_OFFICE_OFFICE_ID, PRICE, ORDER_T_TYPE, CUSTOMER_EMAIL, CAR_REGISTRATION_NUMBER) VALUES (248, TO_DATE('6/01/2004', 'DD/MM/YYYY'), 13, 9251, 'Order_out', 'Prokop.reznik@seznam.cz', 109693);
INSERT INTO ORDER_T (ORDER_ID, ORDER_DATE, LOCAL_OFFICE_OFFICE_ID, PRICE, ORDER_T_TYPE, CUSTOMER_EMAIL, CAR_REGISTRATION_NUMBER) VALUES (249, TO_DATE('28/01/2003', 'DD/MM/YYYY'), 13, 7706, 'Order_out', 'Frantisek.Jahoda@seznam.cz', 116155);
INSERT INTO ORDER_T (ORDER_ID, ORDER_DATE, LOCAL_OFFICE_OFFICE_ID, PRICE, ORDER_T_TYPE, CUSTOMER_EMAIL, CAR_REGISTRATION_NUMBER) VALUES (250, TO_DATE('8/10/2006', 'DD/MM/YYYY'), 13, 8351, 'Order_out', 'Alexej.Reich@seznam.cz', 284167);
INSERT INTO ORDER_T (ORDER_ID, ORDER_DATE, LOCAL_OFFICE_OFFICE_ID, PRICE, ORDER_T_TYPE, CUSTOMER_EMAIL, CAR_REGISTRATION_NUMBER) VALUES (251, TO_DATE('19/06/2003', 'DD/MM/YYYY'), 13, 11961, 'Order_out', 'Lubor.Plasek@seznam.cz', 174313);
INSERT INTO ORDER_T (ORDER_ID, ORDER_DATE, LOCAL_OFFICE_OFFICE_ID, PRICE, ORDER_T_TYPE, CUSTOMER_EMAIL, CAR_REGISTRATION_NUMBER) VALUES (252, TO_DATE('7/09/2009', 'DD/MM/YYYY'), 14, 7936, 'Order_out', 'Alexej.Reich@seznam.cz', 255088);
INSERT INTO ORDER_T (ORDER_ID, ORDER_DATE, LOCAL_OFFICE_OFFICE_ID, PRICE, ORDER_T_TYPE, CUSTOMER_EMAIL, CAR_REGISTRATION_NUMBER) VALUES (253, TO_DATE('1/11/2007', 'DD/MM/YYYY'), 14, 8743, 'Order_out', 'Emanuel.Fanta@seznam.cz', 245395);
INSERT INTO ORDER_T (ORDER_ID, ORDER_DATE, LOCAL_OFFICE_OFFICE_ID, PRICE, ORDER_T_TYPE, CUSTOMER_EMAIL, CAR_REGISTRATION_NUMBER) VALUES (254, TO_DATE('18/09/2013', 'DD/MM/YYYY'), 14, 7174, 'Order_out', 'Bruno.Masin@seznam.cz', 242164);
INSERT INTO ORDER_T (ORDER_ID, ORDER_DATE, LOCAL_OFFICE_OFFICE_ID, PRICE, ORDER_T_TYPE, CUSTOMER_EMAIL, CAR_REGISTRATION_NUMBER) VALUES (255, TO_DATE('23/01/2010', 'DD/MM/YYYY'), 14, 11010, 'Order_out', 'Drahoslav.Valcik@seznam.cz', 187237);
INSERT INTO ORDER_T (ORDER_ID, ORDER_DATE, LOCAL_OFFICE_OFFICE_ID, PRICE, ORDER_T_TYPE, CUSTOMER_EMAIL, CAR_REGISTRATION_NUMBER) VALUES (256, TO_DATE('28/02/2015', 'DD/MM/YYYY'), 14, 10577, 'Order_out', 'Prokop.Tucek@seznam.cz', 158158);
INSERT INTO ORDER_T (ORDER_ID, ORDER_DATE, LOCAL_OFFICE_OFFICE_ID, PRICE, ORDER_T_TYPE, CUSTOMER_EMAIL, CAR_REGISTRATION_NUMBER) VALUES (257, TO_DATE('7/04/2006', 'DD/MM/YYYY'), 15, 8387, 'Order_out', 'Radim.zemlicka@seznam.cz', 180775);
INSERT INTO ORDER_T (ORDER_ID, ORDER_DATE, LOCAL_OFFICE_OFFICE_ID, PRICE, ORDER_T_TYPE, CUSTOMER_EMAIL, CAR_REGISTRATION_NUMBER) VALUES (258, TO_DATE('22/12/2013', 'DD/MM/YYYY'), 15, 8983, 'Order_out', 'Liliana.Jirouskova@seznam.cz', 145234);
INSERT INTO ORDER_T (ORDER_ID, ORDER_DATE, LOCAL_OFFICE_OFFICE_ID, PRICE, ORDER_T_TYPE, CUSTOMER_EMAIL, CAR_REGISTRATION_NUMBER) VALUES (259, TO_DATE('23/07/2012', 'DD/MM/YYYY'), 15, 7831, 'Order_out', 'Radim.zemlicka@seznam.cz', 277705);
INSERT INTO ORDER_T (ORDER_ID, ORDER_DATE, LOCAL_OFFICE_OFFICE_ID, PRICE, ORDER_T_TYPE, CUSTOMER_EMAIL, CAR_REGISTRATION_NUMBER) VALUES (260, TO_DATE('16/05/2010', 'DD/MM/YYYY'), 15, 8435, 'Order_out', 'Igor.capek@seznam.cz', 287398);
INSERT INTO ORDER_T (ORDER_ID, ORDER_DATE, LOCAL_OFFICE_OFFICE_ID, PRICE, ORDER_T_TYPE, CUSTOMER_EMAIL, CAR_REGISTRATION_NUMBER) VALUES (261, TO_DATE('15/10/2007', 'DD/MM/YYYY'), 15, 9133, 'Order_out', 'Alexej.Reich@seznam.cz', 284167);
INSERT INTO ORDER_T (ORDER_ID, ORDER_DATE, LOCAL_OFFICE_OFFICE_ID, PRICE, ORDER_T_TYPE, CUSTOMER_EMAIL, CAR_REGISTRATION_NUMBER) VALUES (262, TO_DATE('13/06/2008', 'DD/MM/YYYY'), 16, 10183, 'Order_out', 'Igor.capek@seznam.cz', 287398);
INSERT INTO ORDER_T (ORDER_ID, ORDER_DATE, LOCAL_OFFICE_OFFICE_ID, PRICE, ORDER_T_TYPE, CUSTOMER_EMAIL, CAR_REGISTRATION_NUMBER) VALUES (263, TO_DATE('30/05/2006', 'DD/MM/YYYY'), 16, 11500, 'Order_out', 'Jana.Kalisova@seznam.cz', 135541);
INSERT INTO ORDER_T (ORDER_ID, ORDER_DATE, LOCAL_OFFICE_OFFICE_ID, PRICE, ORDER_T_TYPE, CUSTOMER_EMAIL, CAR_REGISTRATION_NUMBER) VALUES (264, TO_DATE('7/02/2004', 'DD/MM/YYYY'), 16, 10098, 'Order_out', 'Prokop.reznik@seznam.cz', 109693);
INSERT INTO ORDER_T (ORDER_ID, ORDER_DATE, LOCAL_OFFICE_OFFICE_ID, PRICE, ORDER_T_TYPE, CUSTOMER_EMAIL, CAR_REGISTRATION_NUMBER) VALUES (265, TO_DATE('4/05/2011', 'DD/MM/YYYY'), 16, 11300, 'Order_out', 'Alice.Fedakova@seznam.cz', 232471);
INSERT INTO ORDER_T (ORDER_ID, ORDER_DATE, LOCAL_OFFICE_OFFICE_ID, PRICE, ORDER_T_TYPE, CUSTOMER_EMAIL, CAR_REGISTRATION_NUMBER) VALUES (266, TO_DATE('12/06/2012', 'DD/MM/YYYY'), 16, 11829, 'Order_out', 'Marika.Houzvickova@seznam.cz', 203392);
INSERT INTO ORDER_T (ORDER_ID, ORDER_DATE, LOCAL_OFFICE_OFFICE_ID, PRICE, ORDER_T_TYPE, CUSTOMER_EMAIL, CAR_REGISTRATION_NUMBER) VALUES (267, TO_DATE('13/09/2007', 'DD/MM/YYYY'), 17, 11501, 'Order_out', 'Drahoslav.Valcik@seznam.cz', 184006);
INSERT INTO ORDER_T (ORDER_ID, ORDER_DATE, LOCAL_OFFICE_OFFICE_ID, PRICE, ORDER_T_TYPE, CUSTOMER_EMAIL, CAR_REGISTRATION_NUMBER) VALUES (268, TO_DATE('23/06/2013', 'DD/MM/YYYY'), 17, 8418, 'Order_out', 'Darina.Andrlova@seznam.cz', 196930);
INSERT INTO ORDER_T (ORDER_ID, ORDER_DATE, LOCAL_OFFICE_OFFICE_ID, PRICE, ORDER_T_TYPE, CUSTOMER_EMAIL, CAR_REGISTRATION_NUMBER) VALUES (269, TO_DATE('27/07/2003', 'DD/MM/YYYY'), 17, 9620, 'Order_out', 'Drahoslav.Valcik@seznam.cz', 184006);
INSERT INTO ORDER_T (ORDER_ID, ORDER_DATE, LOCAL_OFFICE_OFFICE_ID, PRICE, ORDER_T_TYPE, CUSTOMER_EMAIL, CAR_REGISTRATION_NUMBER) VALUES (270, TO_DATE('4/04/2016', 'DD/MM/YYYY'), 17, 7535, 'Order_out', 'Alexej.Reich@seznam.cz', 274474);
INSERT INTO ORDER_T (ORDER_ID, ORDER_DATE, LOCAL_OFFICE_OFFICE_ID, PRICE, ORDER_T_TYPE, CUSTOMER_EMAIL, CAR_REGISTRATION_NUMBER) VALUES (271, TO_DATE('3/07/2014', 'DD/MM/YYYY'), 18, 10911, 'Order_out', 'Marika.Houzvickova@seznam.cz', 203392);
INSERT INTO ORDER_T (ORDER_ID, ORDER_DATE, LOCAL_OFFICE_OFFICE_ID, PRICE, ORDER_T_TYPE, CUSTOMER_EMAIL, CAR_REGISTRATION_NUMBER) VALUES (272, TO_DATE('26/07/2000', 'DD/MM/YYYY'), 18, 11464, 'Order_out', 'Martina.Jirakova@seznam.cz', 154927);
INSERT INTO ORDER_T (ORDER_ID, ORDER_DATE, LOCAL_OFFICE_OFFICE_ID, PRICE, ORDER_T_TYPE, CUSTOMER_EMAIL, CAR_REGISTRATION_NUMBER) VALUES (273, TO_DATE('29/10/2005', 'DD/MM/YYYY'), 18, 10227, 'Order_out', 'Alexej.Reich@seznam.cz', 261550);
INSERT INTO ORDER_T (ORDER_ID, ORDER_DATE, LOCAL_OFFICE_OFFICE_ID, PRICE, ORDER_T_TYPE, CUSTOMER_EMAIL, CAR_REGISTRATION_NUMBER) VALUES (274, TO_DATE('15/06/2007', 'DD/MM/YYYY'), 18, 7500, 'Order_out', 'Prokop.Tucek@seznam.cz', 158158);
INSERT INTO ORDER_T (ORDER_ID, ORDER_DATE, LOCAL_OFFICE_OFFICE_ID, PRICE, ORDER_T_TYPE, CUSTOMER_EMAIL, CAR_REGISTRATION_NUMBER) VALUES (275, TO_DATE('28/03/2011', 'DD/MM/YYYY'), 19, 11010, 'Order_out', 'Igor.capek@seznam.cz', 287398);
INSERT INTO ORDER_T (ORDER_ID, ORDER_DATE, LOCAL_OFFICE_OFFICE_ID, PRICE, ORDER_T_TYPE, CUSTOMER_EMAIL, CAR_REGISTRATION_NUMBER) VALUES (276, TO_DATE('22/06/2005', 'DD/MM/YYYY'), 19, 7781, 'Order_out', 'Jaromir.Matej@seznam.cz', 125848);
INSERT INTO ORDER_T (ORDER_ID, ORDER_DATE, LOCAL_OFFICE_OFFICE_ID, PRICE, ORDER_T_TYPE, CUSTOMER_EMAIL, CAR_REGISTRATION_NUMBER) VALUES (277, TO_DATE('13/07/2000', 'DD/MM/YYYY'), 19, 7885, 'Order_out', 'Igor.capek@seznam.cz', 271243);
INSERT INTO ORDER_T (ORDER_ID, ORDER_DATE, LOCAL_OFFICE_OFFICE_ID, PRICE, ORDER_T_TYPE, CUSTOMER_EMAIL, CAR_REGISTRATION_NUMBER) VALUES (278, TO_DATE('2/03/2011', 'DD/MM/YYYY'), 19, 7409, 'Order_out', 'Bruno.Masin@seznam.cz', 242164);
INSERT INTO ORDER_T (ORDER_ID, ORDER_DATE, LOCAL_OFFICE_OFFICE_ID, PRICE, ORDER_T_TYPE, CUSTOMER_EMAIL, CAR_REGISTRATION_NUMBER) VALUES (279, TO_DATE('7/01/2013', 'DD/MM/YYYY'), 19, 9171, 'Order_out', 'Norbert.Pecina@seznam.cz', 280936);
INSERT INTO ORDER_T (ORDER_ID, ORDER_DATE, LOCAL_OFFICE_OFFICE_ID, PRICE, ORDER_T_TYPE, CUSTOMER_EMAIL, CAR_REGISTRATION_NUMBER) VALUES (280, TO_DATE('30/03/2005', 'DD/MM/YYYY'), 20, 10144, 'Order_out', 'zofie.zurkova@seznam.cz', 142003);
INSERT INTO ORDER_T (ORDER_ID, ORDER_DATE, LOCAL_OFFICE_OFFICE_ID, PRICE, ORDER_T_TYPE, CUSTOMER_EMAIL, CAR_REGISTRATION_NUMBER) VALUES (281, TO_DATE('9/01/2005', 'DD/MM/YYYY'), 20, 11652, 'Order_out', 'Jana.Kalisova@seznam.cz', 248626);
INSERT INTO ORDER_T (ORDER_ID, ORDER_DATE, LOCAL_OFFICE_OFFICE_ID, PRICE, ORDER_T_TYPE, CUSTOMER_EMAIL, CAR_REGISTRATION_NUMBER) VALUES (282, TO_DATE('15/09/2012', 'DD/MM/YYYY'), 20, 9729, 'Order_out', 'Agata.Kralikova@seznam.cz', 206623);
INSERT INTO ORDER_T (ORDER_ID, ORDER_DATE, LOCAL_OFFICE_OFFICE_ID, PRICE, ORDER_T_TYPE, CUSTOMER_EMAIL, CAR_REGISTRATION_NUMBER) VALUES (283, TO_DATE('28/10/2010', 'DD/MM/YYYY'), 20, 8635, 'Order_out', 'zofie.zurkova@seznam.cz', 142003);
INSERT INTO ORDER_T (ORDER_ID, ORDER_DATE, LOCAL_OFFICE_OFFICE_ID, PRICE, ORDER_T_TYPE, CUSTOMER_EMAIL, CAR_REGISTRATION_NUMBER) VALUES (284, TO_DATE('26/01/2002', 'DD/MM/YYYY'), 21, 7035, 'Order_out', 'Lubor.Plasek@seznam.cz', 174313);
INSERT INTO ORDER_T (ORDER_ID, ORDER_DATE, LOCAL_OFFICE_OFFICE_ID, PRICE, ORDER_T_TYPE, CUSTOMER_EMAIL, CAR_REGISTRATION_NUMBER) VALUES (285, TO_DATE('23/04/2007', 'DD/MM/YYYY'), 21, 9707, 'Order_out', 'Irena.Ditetova@seznam.cz', 148465);
INSERT INTO ORDER_T (ORDER_ID, ORDER_DATE, LOCAL_OFFICE_OFFICE_ID, PRICE, ORDER_T_TYPE, CUSTOMER_EMAIL, CAR_REGISTRATION_NUMBER) VALUES (286, TO_DATE('20/02/2005', 'DD/MM/YYYY'), 21, 10356, 'Order_out', 'Prokop.Tucek@seznam.cz', 158158);
INSERT INTO ORDER_T (ORDER_ID, ORDER_DATE, LOCAL_OFFICE_OFFICE_ID, PRICE, ORDER_T_TYPE, CUSTOMER_EMAIL, CAR_REGISTRATION_NUMBER) VALUES (287, TO_DATE('1/04/2000', 'DD/MM/YYYY'), 21, 8195, 'Order_out', 'Alexej.Reich@seznam.cz', 274474);
INSERT INTO ORDER_T (ORDER_ID, ORDER_DATE, LOCAL_OFFICE_OFFICE_ID, PRICE, ORDER_T_TYPE, CUSTOMER_EMAIL, CAR_REGISTRATION_NUMBER) VALUES (288, TO_DATE('10/08/2016', 'DD/MM/YYYY'), 22, 10186, 'Order_out', 'Marika.Houzvickova@seznam.cz', 203392);
INSERT INTO ORDER_T (ORDER_ID, ORDER_DATE, LOCAL_OFFICE_OFFICE_ID, PRICE, ORDER_T_TYPE, CUSTOMER_EMAIL, CAR_REGISTRATION_NUMBER) VALUES (289, TO_DATE('16/01/2015', 'DD/MM/YYYY'), 22, 10250, 'Order_out', 'Alexej.Reich@seznam.cz', 274474);
INSERT INTO ORDER_T (ORDER_ID, ORDER_DATE, LOCAL_OFFICE_OFFICE_ID, PRICE, ORDER_T_TYPE, CUSTOMER_EMAIL, CAR_REGISTRATION_NUMBER) VALUES (290, TO_DATE('15/08/2005', 'DD/MM/YYYY'), 22, 10738, 'Order_out', 'Darina.Andrlova@seznam.cz', 196930);
INSERT INTO ORDER_T (ORDER_ID, ORDER_DATE, LOCAL_OFFICE_OFFICE_ID, PRICE, ORDER_T_TYPE, CUSTOMER_EMAIL, CAR_REGISTRATION_NUMBER) VALUES (291, TO_DATE('17/12/2013', 'DD/MM/YYYY'), 23, 9406, 'Order_out', 'Alexej.Reich@seznam.cz', 261550);
INSERT INTO ORDER_T (ORDER_ID, ORDER_DATE, LOCAL_OFFICE_OFFICE_ID, PRICE, ORDER_T_TYPE, CUSTOMER_EMAIL, CAR_REGISTRATION_NUMBER) VALUES (292, TO_DATE('20/06/2004', 'DD/MM/YYYY'), 23, 11804, 'Order_out', 'Norbert.Pecina@seznam.cz', 280936);
INSERT INTO ORDER_T (ORDER_ID, ORDER_DATE, LOCAL_OFFICE_OFFICE_ID, PRICE, ORDER_T_TYPE, CUSTOMER_EMAIL, CAR_REGISTRATION_NUMBER) VALUES (293, TO_DATE('23/01/2016', 'DD/MM/YYYY'), 23, 8372, 'Order_out', 'Jaromir.Matej@seznam.cz', 125848);
INSERT INTO ORDER_T (ORDER_ID, ORDER_DATE, LOCAL_OFFICE_OFFICE_ID, PRICE, ORDER_T_TYPE, CUSTOMER_EMAIL, CAR_REGISTRATION_NUMBER) VALUES (294, TO_DATE('24/01/2006', 'DD/MM/YYYY'), 23, 9239, 'Order_out', 'Emil.Volf@seznam.cz', 112924);
INSERT INTO ORDER_T (ORDER_ID, ORDER_DATE, LOCAL_OFFICE_OFFICE_ID, PRICE, ORDER_T_TYPE, CUSTOMER_EMAIL, CAR_REGISTRATION_NUMBER) VALUES (295, TO_DATE('26/12/2007', 'DD/MM/YYYY'), 24, 9151, 'Order_out', 'Anezka.Maierova@seznam.cz', 229240);
INSERT INTO ORDER_T (ORDER_ID, ORDER_DATE, LOCAL_OFFICE_OFFICE_ID, PRICE, ORDER_T_TYPE, CUSTOMER_EMAIL, CAR_REGISTRATION_NUMBER) VALUES (296, TO_DATE('16/10/2015', 'DD/MM/YYYY'), 24, 11579, 'Order_out', 'Medard.zenisek@seznam.cz', 100000);
INSERT INTO ORDER_T (ORDER_ID, ORDER_DATE, LOCAL_OFFICE_OFFICE_ID, PRICE, ORDER_T_TYPE, CUSTOMER_EMAIL, CAR_REGISTRATION_NUMBER) VALUES (297, TO_DATE('2/08/2006', 'DD/MM/YYYY'), 24, 7441, 'Order_out', 'Igor.capek@seznam.cz', 271243);
INSERT INTO ORDER_T (ORDER_ID, ORDER_DATE, LOCAL_OFFICE_OFFICE_ID, PRICE, ORDER_T_TYPE, CUSTOMER_EMAIL, CAR_REGISTRATION_NUMBER) VALUES (298, TO_DATE('10/06/2017', 'DD/MM/YYYY'), 24, 11762, 'Order_out', 'Agata.Kralikova@seznam.cz', 206623);
INSERT INTO ORDER_T (ORDER_ID, ORDER_DATE, LOCAL_OFFICE_OFFICE_ID, PRICE, ORDER_T_TYPE, CUSTOMER_EMAIL, CAR_REGISTRATION_NUMBER) VALUES (299, TO_DATE('1/03/2008', 'DD/MM/YYYY'), 24, 10557, 'Order_out', 'Irena.Ditetova@seznam.cz', 148465);
INSERT INTO ORDER_T (ORDER_ID, ORDER_DATE, LOCAL_OFFICE_OFFICE_ID, PRICE, ORDER_T_TYPE, CUSTOMER_EMAIL, CAR_REGISTRATION_NUMBER) VALUES (300, TO_DATE('24/06/2007', 'DD/MM/YYYY'), 24, 11718, 'Order_out', 'Drahoslav.Valcik@seznam.cz', 184006);
INSERT INTO ORDER_T (ORDER_ID, ORDER_DATE, LOCAL_OFFICE_OFFICE_ID, PRICE, ORDER_T_TYPE, CUSTOMER_EMAIL, CAR_REGISTRATION_NUMBER) VALUES (301, TO_DATE('24/10/2003', 'DD/MM/YYYY'), 24, 9765, 'Order_out', 'Medard.zenisek@seznam.cz', 100000);
INSERT INTO ORDER_T (ORDER_ID, ORDER_DATE, LOCAL_OFFICE_OFFICE_ID, PRICE, ORDER_T_TYPE, CUSTOMER_EMAIL, CAR_REGISTRATION_NUMBER) VALUES (302, TO_DATE('29/09/2011', 'DD/MM/YYYY'), 25, 10999, 'Order_out', 'Igor.capek@seznam.cz', 287398);
INSERT INTO ORDER_T (ORDER_ID, ORDER_DATE, LOCAL_OFFICE_OFFICE_ID, PRICE, ORDER_T_TYPE, CUSTOMER_EMAIL, CAR_REGISTRATION_NUMBER) VALUES (303, TO_DATE('18/11/2010', 'DD/MM/YYYY'), 25, 9115, 'Order_out', 'Bohumila.Rybakova@seznam.cz', 177544);
INSERT INTO ORDER_T (ORDER_ID, ORDER_DATE, LOCAL_OFFICE_OFFICE_ID, PRICE, ORDER_T_TYPE, CUSTOMER_EMAIL, CAR_REGISTRATION_NUMBER) VALUES (304, TO_DATE('5/11/2003', 'DD/MM/YYYY'), 25, 11367, 'Order_out', 'Irena.Ditetova@seznam.cz', 222778);
INSERT INTO ORDER_T (ORDER_ID, ORDER_DATE, LOCAL_OFFICE_OFFICE_ID, PRICE, ORDER_T_TYPE, CUSTOMER_EMAIL, CAR_REGISTRATION_NUMBER) VALUES (305, TO_DATE('13/11/2000', 'DD/MM/YYYY'), 25, 8867, 'Order_out', 'Alexej.Reich@seznam.cz', 261550);
INSERT INTO ORDER_T (ORDER_ID, ORDER_DATE, LOCAL_OFFICE_OFFICE_ID, PRICE, ORDER_T_TYPE, CUSTOMER_EMAIL, CAR_REGISTRATION_NUMBER) VALUES (306, TO_DATE('20/01/2014', 'DD/MM/YYYY'), 25, 10835, 'Order_out', 'Jana.Kalisova@seznam.cz', 135541);
INSERT INTO ORDER_T (ORDER_ID, ORDER_DATE, LOCAL_OFFICE_OFFICE_ID, PRICE, ORDER_T_TYPE, CUSTOMER_EMAIL, CAR_REGISTRATION_NUMBER) VALUES (307, TO_DATE('24/09/2015', 'DD/MM/YYYY'), 25, 11255, 'Order_out', 'Irena.Ditetova@seznam.cz', 148465);
INSERT INTO ORDER_T (ORDER_ID, ORDER_DATE, LOCAL_OFFICE_OFFICE_ID, PRICE, ORDER_T_TYPE, CUSTOMER_EMAIL, CAR_REGISTRATION_NUMBER) VALUES (308, TO_DATE('8/04/2004', 'DD/MM/YYYY'), 26, 11887, 'Order_out', 'Vladan.Hula@seznam.cz', 290629);
INSERT INTO ORDER_T (ORDER_ID, ORDER_DATE, LOCAL_OFFICE_OFFICE_ID, PRICE, ORDER_T_TYPE, CUSTOMER_EMAIL, CAR_REGISTRATION_NUMBER) VALUES (309, TO_DATE('23/02/2002', 'DD/MM/YYYY'), 26, 8973, 'Order_out', 'Darina.Andrlova@seznam.cz', 196930);
INSERT INTO ORDER_T (ORDER_ID, ORDER_DATE, LOCAL_OFFICE_OFFICE_ID, PRICE, ORDER_T_TYPE, CUSTOMER_EMAIL, CAR_REGISTRATION_NUMBER) VALUES (310, TO_DATE('10/02/2001', 'DD/MM/YYYY'), 26, 8993, 'Order_out', 'Irena.Ditetova@seznam.cz', 148465);
INSERT INTO ORDER_T (ORDER_ID, ORDER_DATE, LOCAL_OFFICE_OFFICE_ID, PRICE, ORDER_T_TYPE, CUSTOMER_EMAIL, CAR_REGISTRATION_NUMBER) VALUES (311, TO_DATE('16/08/2015', 'DD/MM/YYYY'), 27, 9003, 'Order_out', 'Agata.Kralikova@seznam.cz', 206623);
INSERT INTO ORDER_T (ORDER_ID, ORDER_DATE, LOCAL_OFFICE_OFFICE_ID, PRICE, ORDER_T_TYPE, CUSTOMER_EMAIL, CAR_REGISTRATION_NUMBER) VALUES (312, TO_DATE('2/01/2014', 'DD/MM/YYYY'), 27, 10667, 'Order_out', 'Alexej.Reich@seznam.cz', 274474);
INSERT INTO ORDER_T (ORDER_ID, ORDER_DATE, LOCAL_OFFICE_OFFICE_ID, PRICE, ORDER_T_TYPE, CUSTOMER_EMAIL, CAR_REGISTRATION_NUMBER) VALUES (313, TO_DATE('21/04/2001', 'DD/MM/YYYY'), 27, 7534, 'Order_out', 'Roman.Pycha@seznam.cz', 151696);
INSERT INTO ORDER_T (ORDER_ID, ORDER_DATE, LOCAL_OFFICE_OFFICE_ID, PRICE, ORDER_T_TYPE, CUSTOMER_EMAIL, CAR_REGISTRATION_NUMBER) VALUES (314, TO_DATE('22/02/2016', 'DD/MM/YYYY'), 28, 10496, 'Order_out', 'Alexej.Reich@seznam.cz', 261550);
INSERT INTO ORDER_T (ORDER_ID, ORDER_DATE, LOCAL_OFFICE_OFFICE_ID, PRICE, ORDER_T_TYPE, CUSTOMER_EMAIL, CAR_REGISTRATION_NUMBER) VALUES (315, TO_DATE('10/06/2002', 'DD/MM/YYYY'), 28, 11030, 'Order_out', 'Alexej.Reich@seznam.cz', 251857);
INSERT INTO ORDER_T (ORDER_ID, ORDER_DATE, LOCAL_OFFICE_OFFICE_ID, PRICE, ORDER_T_TYPE, CUSTOMER_EMAIL, CAR_REGISTRATION_NUMBER) VALUES (316, TO_DATE('15/12/2003', 'DD/MM/YYYY'), 29, 7495, 'Order_out', 'Frantisek.Jahoda@seznam.cz', 116155);
INSERT INTO ORDER_T (ORDER_ID, ORDER_DATE, LOCAL_OFFICE_OFFICE_ID, PRICE, ORDER_T_TYPE, CUSTOMER_EMAIL, CAR_REGISTRATION_NUMBER) VALUES (317, TO_DATE('24/11/2014', 'DD/MM/YYYY'), 29, 10474, 'Order_out', 'Alexej.Reich@seznam.cz', 274474);
INSERT INTO ORDER_T (ORDER_ID, ORDER_DATE, LOCAL_OFFICE_OFFICE_ID, PRICE, ORDER_T_TYPE, CUSTOMER_EMAIL, CAR_REGISTRATION_NUMBER) VALUES (318, TO_DATE('10/05/2012', 'DD/MM/YYYY'), 30, 11024, 'Order_out', 'Norbert.Pecina@seznam.cz', 167851);
INSERT INTO ORDER_T (ORDER_ID, ORDER_DATE, LOCAL_OFFICE_OFFICE_ID, PRICE, ORDER_T_TYPE, CUSTOMER_EMAIL, CAR_REGISTRATION_NUMBER) VALUES (319, TO_DATE('13/05/2004', 'DD/MM/YYYY'), 30, 7708, 'Order_out', 'Marika.Houzvickova@seznam.cz', 203392);
INSERT INTO ORDER_T (ORDER_ID, ORDER_DATE, LOCAL_OFFICE_OFFICE_ID, PRICE, ORDER_T_TYPE, CUSTOMER_EMAIL, CAR_REGISTRATION_NUMBER) VALUES (320, TO_DATE('23/04/2000', 'DD/MM/YYYY'), 30, 7814, 'Order_out', 'Darina.Andrlova@seznam.cz', 196930);
INSERT INTO ORDER_T (ORDER_ID, ORDER_DATE, LOCAL_OFFICE_OFFICE_ID, PRICE, ORDER_T_TYPE, CUSTOMER_EMAIL, CAR_REGISTRATION_NUMBER) VALUES (321, TO_DATE('31/01/2012', 'DD/MM/YYYY'), 31, 9826, 'Order_out', 'Alice.Fedakova@seznam.cz', 232471);
INSERT INTO ORDER_T (ORDER_ID, ORDER_DATE, LOCAL_OFFICE_OFFICE_ID, PRICE, ORDER_T_TYPE, CUSTOMER_EMAIL, CAR_REGISTRATION_NUMBER) VALUES (322, TO_DATE('11/09/2016', 'DD/MM/YYYY'), 31, 10013, 'Order_out', 'Emil.Volf@seznam.cz', 112924);
INSERT INTO ORDER_T (ORDER_ID, ORDER_DATE, LOCAL_OFFICE_OFFICE_ID, PRICE, ORDER_T_TYPE, CUSTOMER_EMAIL, CAR_REGISTRATION_NUMBER) VALUES (323, TO_DATE('3/06/2015', 'DD/MM/YYYY'), 31, 11639, 'Order_out', 'Roman.Pycha@seznam.cz', 151696);
INSERT INTO ORDER_T (ORDER_ID, ORDER_DATE, LOCAL_OFFICE_OFFICE_ID, PRICE, ORDER_T_TYPE, CUSTOMER_EMAIL, CAR_REGISTRATION_NUMBER) VALUES (324, TO_DATE('5/02/2015', 'DD/MM/YYYY'), 32, 10221, 'Order_out', 'Alexej.Reich@seznam.cz', 200161);
INSERT INTO ORDER_T (ORDER_ID, ORDER_DATE, LOCAL_OFFICE_OFFICE_ID, PRICE, ORDER_T_TYPE, CUSTOMER_EMAIL, CAR_REGISTRATION_NUMBER) VALUES (325, TO_DATE('16/04/2001', 'DD/MM/YYYY'), 32, 9747, 'Order_out', 'Marika.Houzvickova@seznam.cz', 203392);
INSERT INTO ORDER_T (ORDER_ID, ORDER_DATE, LOCAL_OFFICE_OFFICE_ID, PRICE, ORDER_T_TYPE, CUSTOMER_EMAIL, CAR_REGISTRATION_NUMBER) VALUES (326, TO_DATE('15/03/2013', 'DD/MM/YYYY'), 33, 11992, 'Order_out', 'Igor.capek@seznam.cz', 271243);
INSERT INTO ORDER_T (ORDER_ID, ORDER_DATE, LOCAL_OFFICE_OFFICE_ID, PRICE, ORDER_T_TYPE, CUSTOMER_EMAIL, CAR_REGISTRATION_NUMBER) VALUES (327, TO_DATE('15/11/2013', 'DD/MM/YYYY'), 33, 11951, 'Order_out', 'Irena.Ditetova@seznam.cz', 148465);
INSERT INTO ORDER_T (ORDER_ID, ORDER_DATE, LOCAL_OFFICE_OFFICE_ID, PRICE, ORDER_T_TYPE, CUSTOMER_EMAIL, CAR_REGISTRATION_NUMBER) VALUES (328, TO_DATE('1/09/2008', 'DD/MM/YYYY'), 34, 7141, 'Order_out', 'Marika.Houzvickova@seznam.cz', 203392);
INSERT INTO ORDER_T (ORDER_ID, ORDER_DATE, LOCAL_OFFICE_OFFICE_ID, PRICE, ORDER_T_TYPE, CUSTOMER_EMAIL, CAR_REGISTRATION_NUMBER) VALUES (329, TO_DATE('25/05/2010', 'DD/MM/YYYY'), 34, 10193, 'Order_out', 'zofie.zurkova@seznam.cz', 142003);
INSERT INTO ORDER_T (ORDER_ID, ORDER_DATE, LOCAL_OFFICE_OFFICE_ID, PRICE, ORDER_T_TYPE, CUSTOMER_EMAIL, CAR_REGISTRATION_NUMBER) VALUES (330, TO_DATE('1/12/2007', 'DD/MM/YYYY'), 35, 11532, 'Order_out', 'Lubor.Plasek@seznam.cz', 174313);
INSERT INTO ORDER_T (ORDER_ID, ORDER_DATE, LOCAL_OFFICE_OFFICE_ID, PRICE, ORDER_T_TYPE, CUSTOMER_EMAIL, CAR_REGISTRATION_NUMBER) VALUES (331, TO_DATE('6/04/2006', 'DD/MM/YYYY'), 35, 7660, 'Order_out', 'Medard.zenisek@seznam.cz', 100000);
INSERT INTO ORDER_T (ORDER_ID, ORDER_DATE, LOCAL_OFFICE_OFFICE_ID, PRICE, ORDER_T_TYPE, CUSTOMER_EMAIL, CAR_REGISTRATION_NUMBER) VALUES (332, TO_DATE('4/10/2007', 'DD/MM/YYYY'), 36, 7677, 'Order_out', 'Vladan.Hula@seznam.cz', 290629);
INSERT INTO ORDER_T (ORDER_ID, ORDER_DATE, LOCAL_OFFICE_OFFICE_ID, PRICE, ORDER_T_TYPE, CUSTOMER_EMAIL, CAR_REGISTRATION_NUMBER) VALUES (333, TO_DATE('11/10/2003', 'DD/MM/YYYY'), 36, 9103, 'Order_out', 'Darina.Andrlova@seznam.cz', 196930);
INSERT INTO ORDER_T (ORDER_ID, ORDER_DATE, LOCAL_OFFICE_OFFICE_ID, PRICE, ORDER_T_TYPE, CUSTOMER_EMAIL, CAR_REGISTRATION_NUMBER) VALUES (334, TO_DATE('23/07/2002', 'DD/MM/YYYY'), 37, 9542, 'Order_out', 'Otmar.susta@seznam.cz', 129079);
INSERT INTO ORDER_T (ORDER_ID, ORDER_DATE, LOCAL_OFFICE_OFFICE_ID, PRICE, ORDER_T_TYPE, CUSTOMER_EMAIL, CAR_REGISTRATION_NUMBER) VALUES (335, TO_DATE('10/05/2010', 'DD/MM/YYYY'), 37, 8898, 'Order_out', 'Marika.Houzvickova@seznam.cz', 171082);
INSERT INTO ORDER_T (ORDER_ID, ORDER_DATE, LOCAL_OFFICE_OFFICE_ID, PRICE, ORDER_T_TYPE, CUSTOMER_EMAIL, CAR_REGISTRATION_NUMBER) VALUES (336, TO_DATE('25/08/2013', 'DD/MM/YYYY'), 38, 9729, 'Order_out', 'Irena.Ditetova@seznam.cz', 148465);
INSERT INTO ORDER_T (ORDER_ID, ORDER_DATE, LOCAL_OFFICE_OFFICE_ID, PRICE, ORDER_T_TYPE, CUSTOMER_EMAIL, CAR_REGISTRATION_NUMBER) VALUES (337, TO_DATE('10/08/2000', 'DD/MM/YYYY'), 38, 10314, 'Order_out', 'Helena.Korecka@seznam.cz', 106462);
INSERT INTO ORDER_T (ORDER_ID, ORDER_DATE, LOCAL_OFFICE_OFFICE_ID, PRICE, ORDER_T_TYPE, CUSTOMER_EMAIL, CAR_REGISTRATION_NUMBER) VALUES (338, TO_DATE('16/11/2017', 'DD/MM/YYYY'), 38, 9844, 'Order_out', 'Alexej.Reich@seznam.cz', 274474);
INSERT INTO ORDER_T (ORDER_ID, ORDER_DATE, LOCAL_OFFICE_OFFICE_ID, PRICE, ORDER_T_TYPE, CUSTOMER_EMAIL, CAR_REGISTRATION_NUMBER) VALUES (339, TO_DATE('30/01/2005', 'DD/MM/YYYY'), 39, 11168, 'Order_out', 'Alexej.Reich@seznam.cz', 200161);
INSERT INTO ORDER_T (ORDER_ID, ORDER_DATE, LOCAL_OFFICE_OFFICE_ID, PRICE, ORDER_T_TYPE, CUSTOMER_EMAIL, CAR_REGISTRATION_NUMBER) VALUES (340, TO_DATE('22/10/2002', 'DD/MM/YYYY'), 39, 11360, 'Order_out', 'Martina.Jirakova@seznam.cz', 154927);
INSERT INTO ORDER_T (ORDER_ID, ORDER_DATE, LOCAL_OFFICE_OFFICE_ID, PRICE, ORDER_T_TYPE, CUSTOMER_EMAIL, CAR_REGISTRATION_NUMBER) VALUES (341, TO_DATE('3/09/2010', 'DD/MM/YYYY'), 40, 7094, 'Order_out', 'Irena.Ditetova@seznam.cz', 148465);
INSERT INTO ORDER_T (ORDER_ID, ORDER_DATE, LOCAL_OFFICE_OFFICE_ID, PRICE, ORDER_T_TYPE, CUSTOMER_EMAIL, CAR_REGISTRATION_NUMBER) VALUES (342, TO_DATE('3/05/2016', 'DD/MM/YYYY'), 40, 9726, 'Order_out', 'Liliana.Jirouskova@seznam.cz', 145234);
INSERT INTO ORDER_T (ORDER_ID, ORDER_DATE, LOCAL_OFFICE_OFFICE_ID, PRICE, ORDER_T_TYPE, CUSTOMER_EMAIL, CAR_REGISTRATION_NUMBER) VALUES (343, TO_DATE('12/10/2009', 'DD/MM/YYYY'), 40, 9603, 'Order_out', 'Alexej.Reich@seznam.cz', 251857);
INSERT INTO ORDER_T (ORDER_ID, ORDER_DATE, LOCAL_OFFICE_OFFICE_ID, PRICE, ORDER_T_TYPE, CUSTOMER_EMAIL, CAR_REGISTRATION_NUMBER) VALUES (344, TO_DATE('15/06/2009', 'DD/MM/YYYY'), 41, 9596, 'Order_out', 'Jana.Kalisova@seznam.cz', 248626);
INSERT INTO ORDER_T (ORDER_ID, ORDER_DATE, LOCAL_OFFICE_OFFICE_ID, PRICE, ORDER_T_TYPE, CUSTOMER_EMAIL, CAR_REGISTRATION_NUMBER) VALUES (345, TO_DATE('27/08/2001', 'DD/MM/YYYY'), 41, 10129, 'Order_out', 'Alice.Fedakova@seznam.cz', 219547);
INSERT INTO ORDER_T (ORDER_ID, ORDER_DATE, LOCAL_OFFICE_OFFICE_ID, PRICE, ORDER_T_TYPE, CUSTOMER_EMAIL, CAR_REGISTRATION_NUMBER) VALUES (346, TO_DATE('7/08/2008', 'DD/MM/YYYY'), 42, 8803, 'Order_out', 'Roman.Pycha@seznam.cz', 190468);
INSERT INTO ORDER_T (ORDER_ID, ORDER_DATE, LOCAL_OFFICE_OFFICE_ID, PRICE, ORDER_T_TYPE, CUSTOMER_EMAIL, CAR_REGISTRATION_NUMBER) VALUES (347, TO_DATE('16/05/2015', 'DD/MM/YYYY'), 42, 10872, 'Order_out', 'Roman.Hahn@seznam.cz', 161389);
INSERT INTO ORDER_T (ORDER_ID, ORDER_DATE, LOCAL_OFFICE_OFFICE_ID, PRICE, ORDER_T_TYPE, CUSTOMER_EMAIL, CAR_REGISTRATION_NUMBER) VALUES (348, TO_DATE('10/11/2011', 'DD/MM/YYYY'), 42, 10729, 'Order_out', 'Norbert.Pecina@seznam.cz', 235702);
INSERT INTO ORDER_T (ORDER_ID, ORDER_DATE, LOCAL_OFFICE_OFFICE_ID, PRICE, ORDER_T_TYPE, CUSTOMER_EMAIL, CAR_REGISTRATION_NUMBER) VALUES (349, TO_DATE('24/11/2003', 'DD/MM/YYYY'), 42, 9995, 'Order_out', 'Medard.zenisek@seznam.cz', 103231);
INSERT INTO ORDER_T (ORDER_ID, ORDER_DATE, LOCAL_OFFICE_OFFICE_ID, PRICE, ORDER_T_TYPE, CUSTOMER_EMAIL, CAR_REGISTRATION_NUMBER) VALUES (350, TO_DATE('16/04/2017', 'DD/MM/YYYY'), 43, 7297, 'Order_out', 'Bruno.Masin@seznam.cz', 242164);
INSERT INTO ORDER_T (ORDER_ID, ORDER_DATE, LOCAL_OFFICE_OFFICE_ID, PRICE, ORDER_T_TYPE, CUSTOMER_EMAIL, CAR_REGISTRATION_NUMBER) VALUES (351, TO_DATE('2/05/2011', 'DD/MM/YYYY'), 43, 7451, 'Order_out', 'Norbert.Pecina@seznam.cz', 235702);
INSERT INTO ORDER_T (ORDER_ID, ORDER_DATE, LOCAL_OFFICE_OFFICE_ID, PRICE, ORDER_T_TYPE, CUSTOMER_EMAIL, CAR_REGISTRATION_NUMBER) VALUES (352, TO_DATE('25/05/2010', 'DD/MM/YYYY'), 43, 9076, 'Order_out', 'Oldrich.simickova@seznam.cz', 122617);
INSERT INTO ORDER_T (ORDER_ID, ORDER_DATE, LOCAL_OFFICE_OFFICE_ID, PRICE, ORDER_T_TYPE, CUSTOMER_EMAIL, CAR_REGISTRATION_NUMBER) VALUES (353, TO_DATE('12/12/2011', 'DD/MM/YYYY'), 44, 8040, 'Order_out', 'Norbert.Pecina@seznam.cz', 235702);
INSERT INTO ORDER_T (ORDER_ID, ORDER_DATE, LOCAL_OFFICE_OFFICE_ID, PRICE, ORDER_T_TYPE, CUSTOMER_EMAIL, CAR_REGISTRATION_NUMBER) VALUES (354, TO_DATE('23/11/2008', 'DD/MM/YYYY'), 44, 8626, 'Order_out', 'Lumir.Juchelka@seznam.cz', 216316);
INSERT INTO ORDER_T (ORDER_ID, ORDER_DATE, LOCAL_OFFICE_OFFICE_ID, PRICE, ORDER_T_TYPE, CUSTOMER_EMAIL, CAR_REGISTRATION_NUMBER) VALUES (355, TO_DATE('1/07/2015', 'DD/MM/YYYY'), 45, 11228, 'Order_out', 'Prokop.Tucek@seznam.cz', 158158);
INSERT INTO ORDER_T (ORDER_ID, ORDER_DATE, LOCAL_OFFICE_OFFICE_ID, PRICE, ORDER_T_TYPE, CUSTOMER_EMAIL, CAR_REGISTRATION_NUMBER) VALUES (356, TO_DATE('4/01/2012', 'DD/MM/YYYY'), 45, 7153, 'Order_out', 'Norbert.Pecina@seznam.cz', 280936);
INSERT INTO ORDER_T (ORDER_ID, ORDER_DATE, LOCAL_OFFICE_OFFICE_ID, PRICE, ORDER_T_TYPE, CUSTOMER_EMAIL, CAR_REGISTRATION_NUMBER) VALUES (357, TO_DATE('24/10/2017', 'DD/MM/YYYY'), 46, 11028, 'Order_out', 'Marika.Houzvickova@seznam.cz', 171082);
INSERT INTO ORDER_T (ORDER_ID, ORDER_DATE, LOCAL_OFFICE_OFFICE_ID, PRICE, ORDER_T_TYPE, CUSTOMER_EMAIL, CAR_REGISTRATION_NUMBER) VALUES (358, TO_DATE('25/07/2010', 'DD/MM/YYYY'), 46, 9422, 'Order_out', 'Bohumila.Rybakova@seznam.cz', 177544);
INSERT INTO ORDER_T (ORDER_ID, ORDER_DATE, LOCAL_OFFICE_OFFICE_ID, PRICE, ORDER_T_TYPE, CUSTOMER_EMAIL, CAR_REGISTRATION_NUMBER) VALUES (359, TO_DATE('29/05/2000', 'DD/MM/YYYY'), 46, 11583, 'Order_out', 'Prokop.reznik@seznam.cz', 109693);
INSERT INTO ORDER_T (ORDER_ID, ORDER_DATE, LOCAL_OFFICE_OFFICE_ID, PRICE, ORDER_T_TYPE, CUSTOMER_EMAIL, CAR_REGISTRATION_NUMBER) VALUES (360, TO_DATE('31/05/2004', 'DD/MM/YYYY'), 47, 11202, 'Order_out', 'Helena.Korecka@seznam.cz', 106462);
INSERT INTO ORDER_T (ORDER_ID, ORDER_DATE, LOCAL_OFFICE_OFFICE_ID, PRICE, ORDER_T_TYPE, CUSTOMER_EMAIL, CAR_REGISTRATION_NUMBER) VALUES (361, TO_DATE('29/04/2008', 'DD/MM/YYYY'), 47, 7611, 'Order_out', 'Emil.Volf@seznam.cz', 112924);
INSERT INTO ORDER_T (ORDER_ID, ORDER_DATE, LOCAL_OFFICE_OFFICE_ID, PRICE, ORDER_T_TYPE, CUSTOMER_EMAIL, CAR_REGISTRATION_NUMBER) VALUES (362, TO_DATE('16/04/2013', 'DD/MM/YYYY'), 47, 7916, 'Order_out', 'Radim.zemlicka@seznam.cz', 180775);
INSERT INTO ORDER_T (ORDER_ID, ORDER_DATE, LOCAL_OFFICE_OFFICE_ID, PRICE, ORDER_T_TYPE, CUSTOMER_EMAIL, CAR_REGISTRATION_NUMBER) VALUES (363, TO_DATE('17/08/2009', 'DD/MM/YYYY'), 47, 9545, 'Order_out', 'Radim.zemlicka@seznam.cz', 180775);
INSERT INTO ORDER_T (ORDER_ID, ORDER_DATE, LOCAL_OFFICE_OFFICE_ID, PRICE, ORDER_T_TYPE, CUSTOMER_EMAIL, CAR_REGISTRATION_NUMBER) VALUES (364, TO_DATE('6/01/2000', 'DD/MM/YYYY'), 48, 8449, 'Order_out', 'Norbert.Pecina@seznam.cz', 235702);
INSERT INTO ORDER_T (ORDER_ID, ORDER_DATE, LOCAL_OFFICE_OFFICE_ID, PRICE, ORDER_T_TYPE, CUSTOMER_EMAIL, CAR_REGISTRATION_NUMBER) VALUES (365, TO_DATE('11/10/2004', 'DD/MM/YYYY'), 48, 10807, 'Order_out', 'Roman.Hahn@seznam.cz', 264781);
INSERT INTO ORDER_T (ORDER_ID, ORDER_DATE, LOCAL_OFFICE_OFFICE_ID, PRICE, ORDER_T_TYPE, CUSTOMER_EMAIL, CAR_REGISTRATION_NUMBER) VALUES (366, TO_DATE('19/01/2012', 'DD/MM/YYYY'), 48, 9765, 'Order_out', 'Alice.Fedakova@seznam.cz', 232471);
INSERT INTO ORDER_T (ORDER_ID, ORDER_DATE, LOCAL_OFFICE_OFFICE_ID, PRICE, ORDER_T_TYPE, CUSTOMER_EMAIL, CAR_REGISTRATION_NUMBER) VALUES (367, TO_DATE('9/10/2004', 'DD/MM/YYYY'), 49, 9299, 'Order_out', 'Alexej.Reich@seznam.cz', 255088);
INSERT INTO ORDER_T (ORDER_ID, ORDER_DATE, LOCAL_OFFICE_OFFICE_ID, PRICE, ORDER_T_TYPE, CUSTOMER_EMAIL, CAR_REGISTRATION_NUMBER) VALUES (368, TO_DATE('27/03/2017', 'DD/MM/YYYY'), 49, 9977, 'Order_out', 'Martina.Jirakova@seznam.cz', 154927);
INSERT INTO ORDER_T (ORDER_ID, ORDER_DATE, LOCAL_OFFICE_OFFICE_ID, PRICE, ORDER_T_TYPE, CUSTOMER_EMAIL, CAR_REGISTRATION_NUMBER) VALUES (369, TO_DATE('22/02/2001', 'DD/MM/YYYY'), 49, 10133, 'Order_out', 'Igor.capek@seznam.cz', 271243);
INSERT INTO ORDER_T (ORDER_ID, ORDER_DATE, LOCAL_OFFICE_OFFICE_ID, PRICE, ORDER_T_TYPE, CUSTOMER_EMAIL, CAR_REGISTRATION_NUMBER) VALUES (370, TO_DATE('26/06/2010', 'DD/MM/YYYY'), 50, 8633, 'Order_out', 'Lubor.Plasek@seznam.cz', 174313);
INSERT INTO ORDER_T (ORDER_ID, ORDER_DATE, LOCAL_OFFICE_OFFICE_ID, PRICE, ORDER_T_TYPE, CUSTOMER_EMAIL, CAR_REGISTRATION_NUMBER) VALUES (371, TO_DATE('7/07/2004', 'DD/MM/YYYY'), 50, 8526, 'Order_out', 'Frantisek.Jahoda@seznam.cz', 116155);
INSERT INTO ORDER_T (ORDER_ID, ORDER_DATE, LOCAL_OFFICE_OFFICE_ID, PRICE, ORDER_T_TYPE, CUSTOMER_EMAIL, CAR_REGISTRATION_NUMBER) VALUES (372, TO_DATE('5/05/2014', 'DD/MM/YYYY'), 50, 7342, 'Order_out', 'Matylda.Mikeskova@seznam.cz', 209854);
INSERT INTO ORDER_T (ORDER_ID, ORDER_DATE, LOCAL_OFFICE_OFFICE_ID, PRICE, ORDER_T_TYPE, CUSTOMER_EMAIL, CAR_REGISTRATION_NUMBER) VALUES (373, TO_DATE('4/04/2015', 'DD/MM/YYYY'), 50, 10910, 'Order_out', 'Frantisek.Jahoda@seznam.cz', 116155);
INSERT INTO ORDER_T (ORDER_ID, ORDER_DATE, LOCAL_OFFICE_OFFICE_ID, PRICE, ORDER_T_TYPE, CUSTOMER_EMAIL, CAR_REGISTRATION_NUMBER) VALUES (374, TO_DATE('1/11/2002', 'DD/MM/YYYY'), 51, 8592, 'Order_out', 'Norbert.Pecina@seznam.cz', 235702);
INSERT INTO ORDER_T (ORDER_ID, ORDER_DATE, LOCAL_OFFICE_OFFICE_ID, PRICE, ORDER_T_TYPE, CUSTOMER_EMAIL, CAR_REGISTRATION_NUMBER) VALUES (375, TO_DATE('2/07/2009', 'DD/MM/YYYY'), 51, 10847, 'Order_out', 'Roman.Hahn@seznam.cz', 264781);
INSERT INTO ORDER_T (ORDER_ID, ORDER_DATE, LOCAL_OFFICE_OFFICE_ID, PRICE, ORDER_T_TYPE, CUSTOMER_EMAIL, CAR_REGISTRATION_NUMBER) VALUES (376, TO_DATE('29/03/2005', 'DD/MM/YYYY'), 51, 8500, 'Order_out', 'Matylda.Mikeskova@seznam.cz', 209854);
INSERT INTO ORDER_T (ORDER_ID, ORDER_DATE, LOCAL_OFFICE_OFFICE_ID, PRICE, ORDER_T_TYPE, CUSTOMER_EMAIL, CAR_REGISTRATION_NUMBER) VALUES (377, TO_DATE('31/10/2011', 'DD/MM/YYYY'), 52, 10368, 'Order_out', 'Norbert.Pecina@seznam.cz', 280936);
INSERT INTO ORDER_T (ORDER_ID, ORDER_DATE, LOCAL_OFFICE_OFFICE_ID, PRICE, ORDER_T_TYPE, CUSTOMER_EMAIL, CAR_REGISTRATION_NUMBER) VALUES (378, TO_DATE('16/01/2005', 'DD/MM/YYYY'), 52, 11342, 'Order_out', 'Frantisek.Jahoda@seznam.cz', 116155);
INSERT INTO ORDER_T (ORDER_ID, ORDER_DATE, LOCAL_OFFICE_OFFICE_ID, PRICE, ORDER_T_TYPE, CUSTOMER_EMAIL, CAR_REGISTRATION_NUMBER) VALUES (379, TO_DATE('2/03/2017', 'DD/MM/YYYY'), 53, 8322, 'Order_out', 'Matej.Szabo@seznam.cz', 213085);
INSERT INTO ORDER_T (ORDER_ID, ORDER_DATE, LOCAL_OFFICE_OFFICE_ID, PRICE, ORDER_T_TYPE, CUSTOMER_EMAIL, CAR_REGISTRATION_NUMBER) VALUES (380, TO_DATE('21/08/2012', 'DD/MM/YYYY'), 53, 9138, 'Order_out', 'Matej.Szabo@seznam.cz', 213085);
INSERT INTO ORDER_T (ORDER_ID, ORDER_DATE, LOCAL_OFFICE_OFFICE_ID, PRICE, ORDER_T_TYPE, CUSTOMER_EMAIL, CAR_REGISTRATION_NUMBER) VALUES (381, TO_DATE('29/03/2013', 'DD/MM/YYYY'), 53, 10321, 'Order_out', 'Vladan.Hula@seznam.cz', 258319);
INSERT INTO ORDER_T (ORDER_ID, ORDER_DATE, LOCAL_OFFICE_OFFICE_ID, PRICE, ORDER_T_TYPE, CUSTOMER_EMAIL, CAR_REGISTRATION_NUMBER) VALUES (382, TO_DATE('25/08/2004', 'DD/MM/YYYY'), 54, 10732, 'Order_out', 'Roman.Hahn@seznam.cz', 161389);
INSERT INTO ORDER_T (ORDER_ID, ORDER_DATE, LOCAL_OFFICE_OFFICE_ID, PRICE, ORDER_T_TYPE, CUSTOMER_EMAIL, CAR_REGISTRATION_NUMBER) VALUES (383, TO_DATE('5/02/2012', 'DD/MM/YYYY'), 54, 9343, 'Order_out', 'zofie.zurkova@seznam.cz', 142003);
INSERT INTO ORDER_T (ORDER_ID, ORDER_DATE, LOCAL_OFFICE_OFFICE_ID, PRICE, ORDER_T_TYPE, CUSTOMER_EMAIL, CAR_REGISTRATION_NUMBER) VALUES (384, TO_DATE('7/04/2011', 'DD/MM/YYYY'), 55, 7531, 'Order_out', 'Matej.Szabo@seznam.cz', 213085);
INSERT INTO ORDER_T (ORDER_ID, ORDER_DATE, LOCAL_OFFICE_OFFICE_ID, PRICE, ORDER_T_TYPE, CUSTOMER_EMAIL, CAR_REGISTRATION_NUMBER) VALUES (385, TO_DATE('11/02/2010', 'DD/MM/YYYY'), 55, 8883, 'Order_out', 'Bretislav.Knotek@seznam.cz', 164620);
INSERT INTO ORDER_T (ORDER_ID, ORDER_DATE, LOCAL_OFFICE_OFFICE_ID, PRICE, ORDER_T_TYPE, CUSTOMER_EMAIL, CAR_REGISTRATION_NUMBER) VALUES (386, TO_DATE('5/10/2006', 'DD/MM/YYYY'), 55, 8236, 'Order_out', 'Prokop.reznik@seznam.cz', 109693);
INSERT INTO ORDER_T (ORDER_ID, ORDER_DATE, LOCAL_OFFICE_OFFICE_ID, PRICE, ORDER_T_TYPE, CUSTOMER_EMAIL, CAR_REGISTRATION_NUMBER) VALUES (387, TO_DATE('17/12/2008', 'DD/MM/YYYY'), 55, 11700, 'Order_out', 'Radim.zemlicka@seznam.cz', 277705);
INSERT INTO ORDER_T (ORDER_ID, ORDER_DATE, LOCAL_OFFICE_OFFICE_ID, PRICE, ORDER_T_TYPE, CUSTOMER_EMAIL, CAR_REGISTRATION_NUMBER) VALUES (388, TO_DATE('29/05/2012', 'DD/MM/YYYY'), 56, 8341, 'Order_out', 'Liliana.Jirouskova@seznam.cz', 145234);
INSERT INTO ORDER_T (ORDER_ID, ORDER_DATE, LOCAL_OFFICE_OFFICE_ID, PRICE, ORDER_T_TYPE, CUSTOMER_EMAIL, CAR_REGISTRATION_NUMBER) VALUES (389, TO_DATE('11/06/2008', 'DD/MM/YYYY'), 56, 9282, 'Order_out', 'Roman.Hahn@seznam.cz', 264781);
INSERT INTO ORDER_T (ORDER_ID, ORDER_DATE, LOCAL_OFFICE_OFFICE_ID, PRICE, ORDER_T_TYPE, CUSTOMER_EMAIL, CAR_REGISTRATION_NUMBER) VALUES (390, TO_DATE('1/04/2014', 'DD/MM/YYYY'), 56, 7072, 'Order_out', 'Roman.Pycha@seznam.cz', 151696);
INSERT INTO ORDER_T (ORDER_ID, ORDER_DATE, LOCAL_OFFICE_OFFICE_ID, PRICE, ORDER_T_TYPE, CUSTOMER_EMAIL, CAR_REGISTRATION_NUMBER) VALUES (391, TO_DATE('11/11/2001', 'DD/MM/YYYY'), 57, 10329, 'Order_out', 'Helena.Korecka@seznam.cz', 106462);
INSERT INTO ORDER_T (ORDER_ID, ORDER_DATE, LOCAL_OFFICE_OFFICE_ID, PRICE, ORDER_T_TYPE, CUSTOMER_EMAIL, CAR_REGISTRATION_NUMBER) VALUES (392, TO_DATE('26/10/2016', 'DD/MM/YYYY'), 57, 9059, 'Order_out', 'Roman.Pycha@seznam.cz', 190468);
INSERT INTO ORDER_T (ORDER_ID, ORDER_DATE, LOCAL_OFFICE_OFFICE_ID, PRICE, ORDER_T_TYPE, CUSTOMER_EMAIL, CAR_REGISTRATION_NUMBER) VALUES (393, TO_DATE('1/05/2004', 'DD/MM/YYYY'), 57, 9340, 'Order_out', 'Frantisek.Jahoda@seznam.cz', 116155);
INSERT INTO ORDER_T (ORDER_ID, ORDER_DATE, LOCAL_OFFICE_OFFICE_ID, PRICE, ORDER_T_TYPE, CUSTOMER_EMAIL, CAR_REGISTRATION_NUMBER) VALUES (394, TO_DATE('30/10/2007', 'DD/MM/YYYY'), 58, 11293, 'Order_out', 'Medard.zenisek@seznam.cz', 103231);
INSERT INTO ORDER_T (ORDER_ID, ORDER_DATE, LOCAL_OFFICE_OFFICE_ID, PRICE, ORDER_T_TYPE, CUSTOMER_EMAIL, CAR_REGISTRATION_NUMBER) VALUES (395, TO_DATE('18/09/2015', 'DD/MM/YYYY'), 58, 11705, 'Order_out', 'Roman.Pycha@seznam.cz', 190468);
INSERT INTO ORDER_T (ORDER_ID, ORDER_DATE, LOCAL_OFFICE_OFFICE_ID, PRICE, ORDER_T_TYPE, CUSTOMER_EMAIL, CAR_REGISTRATION_NUMBER) VALUES (396, TO_DATE('14/12/2005', 'DD/MM/YYYY'), 58, 9336, 'Order_out', 'Jana.Kalisova@seznam.cz', 248626);
INSERT INTO ORDER_T (ORDER_ID, ORDER_DATE, LOCAL_OFFICE_OFFICE_ID, PRICE, ORDER_T_TYPE, CUSTOMER_EMAIL, CAR_REGISTRATION_NUMBER) VALUES (397, TO_DATE('9/09/2004', 'DD/MM/YYYY'), 59, 7557, 'Order_out', 'Drahoslav.Valcik@seznam.cz', 187237);
INSERT INTO ORDER_T (ORDER_ID, ORDER_DATE, LOCAL_OFFICE_OFFICE_ID, PRICE, ORDER_T_TYPE, CUSTOMER_EMAIL, CAR_REGISTRATION_NUMBER) VALUES (398, TO_DATE('26/01/2016', 'DD/MM/YYYY'), 60, 11808, 'Order_out', 'Igor.capek@seznam.cz', 287398);
INSERT INTO ORDER_T (ORDER_ID, ORDER_DATE, LOCAL_OFFICE_OFFICE_ID, PRICE, ORDER_T_TYPE, CUSTOMER_EMAIL, CAR_REGISTRATION_NUMBER) VALUES (399, TO_DATE('24/11/2017', 'DD/MM/YYYY'), 60, 9671, 'Order_out', 'Roman.Pycha@seznam.cz', 132310);
INSERT INTO ORDER_T (ORDER_ID, ORDER_DATE, LOCAL_OFFICE_OFFICE_ID, PRICE, ORDER_T_TYPE, CUSTOMER_EMAIL, CAR_REGISTRATION_NUMBER) VALUES (400, TO_DATE('7/11/2007', 'DD/MM/YYYY'), 60, 10505, 'Order_out', 'Bohumila.Rybakova@seznam.cz', 177544);

end;
/


prompt Tabulka ORDER_IN

begin
INSERT INTO ORDER_IN (CAR_RECIEVED, ORDER_ID) VALUES (null, 1);
INSERT INTO ORDER_IN (CAR_RECIEVED, ORDER_ID) VALUES (null, 2);
INSERT INTO ORDER_IN (CAR_RECIEVED, ORDER_ID) VALUES (null, 3);
INSERT INTO ORDER_IN (CAR_RECIEVED, ORDER_ID) VALUES (1, 4);
INSERT INTO ORDER_IN (CAR_RECIEVED, ORDER_ID) VALUES (1, 5);
INSERT INTO ORDER_IN (CAR_RECIEVED, ORDER_ID) VALUES (null, 6);
INSERT INTO ORDER_IN (CAR_RECIEVED, ORDER_ID) VALUES (1, 7);
INSERT INTO ORDER_IN (CAR_RECIEVED, ORDER_ID) VALUES (null, 8);
INSERT INTO ORDER_IN (CAR_RECIEVED, ORDER_ID) VALUES (1, 9);
INSERT INTO ORDER_IN (CAR_RECIEVED, ORDER_ID) VALUES (1, 10);
INSERT INTO ORDER_IN (CAR_RECIEVED, ORDER_ID) VALUES (null, 11);
INSERT INTO ORDER_IN (CAR_RECIEVED, ORDER_ID) VALUES (1, 12);
INSERT INTO ORDER_IN (CAR_RECIEVED, ORDER_ID) VALUES (1, 13);
INSERT INTO ORDER_IN (CAR_RECIEVED, ORDER_ID) VALUES (1, 14);
INSERT INTO ORDER_IN (CAR_RECIEVED, ORDER_ID) VALUES (1, 15);
INSERT INTO ORDER_IN (CAR_RECIEVED, ORDER_ID) VALUES (1, 16);
INSERT INTO ORDER_IN (CAR_RECIEVED, ORDER_ID) VALUES (1, 17);
INSERT INTO ORDER_IN (CAR_RECIEVED, ORDER_ID) VALUES (1, 18);
INSERT INTO ORDER_IN (CAR_RECIEVED, ORDER_ID) VALUES (null, 19);
INSERT INTO ORDER_IN (CAR_RECIEVED, ORDER_ID) VALUES (1, 20);
INSERT INTO ORDER_IN (CAR_RECIEVED, ORDER_ID) VALUES (1, 21);
INSERT INTO ORDER_IN (CAR_RECIEVED, ORDER_ID) VALUES (1, 22);
INSERT INTO ORDER_IN (CAR_RECIEVED, ORDER_ID) VALUES (1, 23);
INSERT INTO ORDER_IN (CAR_RECIEVED, ORDER_ID) VALUES (1, 24);
INSERT INTO ORDER_IN (CAR_RECIEVED, ORDER_ID) VALUES (1, 25);
INSERT INTO ORDER_IN (CAR_RECIEVED, ORDER_ID) VALUES (1, 26);
INSERT INTO ORDER_IN (CAR_RECIEVED, ORDER_ID) VALUES (1, 27);
INSERT INTO ORDER_IN (CAR_RECIEVED, ORDER_ID) VALUES (1, 28);
INSERT INTO ORDER_IN (CAR_RECIEVED, ORDER_ID) VALUES (1, 29);
INSERT INTO ORDER_IN (CAR_RECIEVED, ORDER_ID) VALUES (null, 30);
INSERT INTO ORDER_IN (CAR_RECIEVED, ORDER_ID) VALUES (null, 31);
INSERT INTO ORDER_IN (CAR_RECIEVED, ORDER_ID) VALUES (1, 32);
INSERT INTO ORDER_IN (CAR_RECIEVED, ORDER_ID) VALUES (1, 33);
INSERT INTO ORDER_IN (CAR_RECIEVED, ORDER_ID) VALUES (1, 34);
INSERT INTO ORDER_IN (CAR_RECIEVED, ORDER_ID) VALUES (1, 35);
INSERT INTO ORDER_IN (CAR_RECIEVED, ORDER_ID) VALUES (1, 36);
INSERT INTO ORDER_IN (CAR_RECIEVED, ORDER_ID) VALUES (null, 37);
INSERT INTO ORDER_IN (CAR_RECIEVED, ORDER_ID) VALUES (1, 38);
INSERT INTO ORDER_IN (CAR_RECIEVED, ORDER_ID) VALUES (null, 39);
INSERT INTO ORDER_IN (CAR_RECIEVED, ORDER_ID) VALUES (1, 40);
INSERT INTO ORDER_IN (CAR_RECIEVED, ORDER_ID) VALUES (1, 41);
INSERT INTO ORDER_IN (CAR_RECIEVED, ORDER_ID) VALUES (1, 42);
INSERT INTO ORDER_IN (CAR_RECIEVED, ORDER_ID) VALUES (1, 43);
INSERT INTO ORDER_IN (CAR_RECIEVED, ORDER_ID) VALUES (1, 44);
INSERT INTO ORDER_IN (CAR_RECIEVED, ORDER_ID) VALUES (1, 45);
INSERT INTO ORDER_IN (CAR_RECIEVED, ORDER_ID) VALUES (null, 46);
INSERT INTO ORDER_IN (CAR_RECIEVED, ORDER_ID) VALUES (1, 47);
INSERT INTO ORDER_IN (CAR_RECIEVED, ORDER_ID) VALUES (1, 48);
INSERT INTO ORDER_IN (CAR_RECIEVED, ORDER_ID) VALUES (null, 49);
INSERT INTO ORDER_IN (CAR_RECIEVED, ORDER_ID) VALUES (1, 50);
INSERT INTO ORDER_IN (CAR_RECIEVED, ORDER_ID) VALUES (1, 51);
INSERT INTO ORDER_IN (CAR_RECIEVED, ORDER_ID) VALUES (1, 52);
INSERT INTO ORDER_IN (CAR_RECIEVED, ORDER_ID) VALUES (null, 53);
INSERT INTO ORDER_IN (CAR_RECIEVED, ORDER_ID) VALUES (1, 54);
INSERT INTO ORDER_IN (CAR_RECIEVED, ORDER_ID) VALUES (1, 55);
INSERT INTO ORDER_IN (CAR_RECIEVED, ORDER_ID) VALUES (1, 56);
INSERT INTO ORDER_IN (CAR_RECIEVED, ORDER_ID) VALUES (1, 57);
INSERT INTO ORDER_IN (CAR_RECIEVED, ORDER_ID) VALUES (1, 58);
INSERT INTO ORDER_IN (CAR_RECIEVED, ORDER_ID) VALUES (1, 59);
INSERT INTO ORDER_IN (CAR_RECIEVED, ORDER_ID) VALUES (1, 60);
INSERT INTO ORDER_IN (CAR_RECIEVED, ORDER_ID) VALUES (1, 61);
INSERT INTO ORDER_IN (CAR_RECIEVED, ORDER_ID) VALUES (null, 62);
INSERT INTO ORDER_IN (CAR_RECIEVED, ORDER_ID) VALUES (null, 63);
INSERT INTO ORDER_IN (CAR_RECIEVED, ORDER_ID) VALUES (1, 64);
INSERT INTO ORDER_IN (CAR_RECIEVED, ORDER_ID) VALUES (1, 65);
INSERT INTO ORDER_IN (CAR_RECIEVED, ORDER_ID) VALUES (1, 66);
INSERT INTO ORDER_IN (CAR_RECIEVED, ORDER_ID) VALUES (null, 67);
INSERT INTO ORDER_IN (CAR_RECIEVED, ORDER_ID) VALUES (1, 68);
INSERT INTO ORDER_IN (CAR_RECIEVED, ORDER_ID) VALUES (1, 69);
INSERT INTO ORDER_IN (CAR_RECIEVED, ORDER_ID) VALUES (1, 70);
INSERT INTO ORDER_IN (CAR_RECIEVED, ORDER_ID) VALUES (1, 71);
INSERT INTO ORDER_IN (CAR_RECIEVED, ORDER_ID) VALUES (null, 72);
INSERT INTO ORDER_IN (CAR_RECIEVED, ORDER_ID) VALUES (1, 73);
INSERT INTO ORDER_IN (CAR_RECIEVED, ORDER_ID) VALUES (1, 74);
INSERT INTO ORDER_IN (CAR_RECIEVED, ORDER_ID) VALUES (null, 75);
INSERT INTO ORDER_IN (CAR_RECIEVED, ORDER_ID) VALUES (null, 76);
INSERT INTO ORDER_IN (CAR_RECIEVED, ORDER_ID) VALUES (1, 77);
INSERT INTO ORDER_IN (CAR_RECIEVED, ORDER_ID) VALUES (1, 78);
INSERT INTO ORDER_IN (CAR_RECIEVED, ORDER_ID) VALUES (1, 79);
INSERT INTO ORDER_IN (CAR_RECIEVED, ORDER_ID) VALUES (1, 80);
INSERT INTO ORDER_IN (CAR_RECIEVED, ORDER_ID) VALUES (1, 81);
INSERT INTO ORDER_IN (CAR_RECIEVED, ORDER_ID) VALUES (1, 82);
INSERT INTO ORDER_IN (CAR_RECIEVED, ORDER_ID) VALUES (null, 83);
INSERT INTO ORDER_IN (CAR_RECIEVED, ORDER_ID) VALUES (1, 84);
INSERT INTO ORDER_IN (CAR_RECIEVED, ORDER_ID) VALUES (1, 85);
INSERT INTO ORDER_IN (CAR_RECIEVED, ORDER_ID) VALUES (1, 86);
INSERT INTO ORDER_IN (CAR_RECIEVED, ORDER_ID) VALUES (null, 87);
INSERT INTO ORDER_IN (CAR_RECIEVED, ORDER_ID) VALUES (1, 88);
INSERT INTO ORDER_IN (CAR_RECIEVED, ORDER_ID) VALUES (1, 89);
INSERT INTO ORDER_IN (CAR_RECIEVED, ORDER_ID) VALUES (1, 90);
INSERT INTO ORDER_IN (CAR_RECIEVED, ORDER_ID) VALUES (1, 91);
INSERT INTO ORDER_IN (CAR_RECIEVED, ORDER_ID) VALUES (1, 92);
INSERT INTO ORDER_IN (CAR_RECIEVED, ORDER_ID) VALUES (1, 93);
INSERT INTO ORDER_IN (CAR_RECIEVED, ORDER_ID) VALUES (1, 94);
INSERT INTO ORDER_IN (CAR_RECIEVED, ORDER_ID) VALUES (1, 95);
INSERT INTO ORDER_IN (CAR_RECIEVED, ORDER_ID) VALUES (1, 96);
INSERT INTO ORDER_IN (CAR_RECIEVED, ORDER_ID) VALUES (1, 97);
INSERT INTO ORDER_IN (CAR_RECIEVED, ORDER_ID) VALUES (1, 98);
INSERT INTO ORDER_IN (CAR_RECIEVED, ORDER_ID) VALUES (1, 99);
INSERT INTO ORDER_IN (CAR_RECIEVED, ORDER_ID) VALUES (null, 100);
INSERT INTO ORDER_IN (CAR_RECIEVED, ORDER_ID) VALUES (1, 101);
INSERT INTO ORDER_IN (CAR_RECIEVED, ORDER_ID) VALUES (1, 102);
INSERT INTO ORDER_IN (CAR_RECIEVED, ORDER_ID) VALUES (1, 103);
INSERT INTO ORDER_IN (CAR_RECIEVED, ORDER_ID) VALUES (1, 104);
INSERT INTO ORDER_IN (CAR_RECIEVED, ORDER_ID) VALUES (1, 105);
INSERT INTO ORDER_IN (CAR_RECIEVED, ORDER_ID) VALUES (1, 106);
INSERT INTO ORDER_IN (CAR_RECIEVED, ORDER_ID) VALUES (1, 107);
INSERT INTO ORDER_IN (CAR_RECIEVED, ORDER_ID) VALUES (1, 108);
INSERT INTO ORDER_IN (CAR_RECIEVED, ORDER_ID) VALUES (1, 109);
INSERT INTO ORDER_IN (CAR_RECIEVED, ORDER_ID) VALUES (1, 110);
INSERT INTO ORDER_IN (CAR_RECIEVED, ORDER_ID) VALUES (null, 111);
INSERT INTO ORDER_IN (CAR_RECIEVED, ORDER_ID) VALUES (1, 112);
INSERT INTO ORDER_IN (CAR_RECIEVED, ORDER_ID) VALUES (1, 113);
INSERT INTO ORDER_IN (CAR_RECIEVED, ORDER_ID) VALUES (null, 114);
INSERT INTO ORDER_IN (CAR_RECIEVED, ORDER_ID) VALUES (1, 115);
INSERT INTO ORDER_IN (CAR_RECIEVED, ORDER_ID) VALUES (1, 116);
INSERT INTO ORDER_IN (CAR_RECIEVED, ORDER_ID) VALUES (1, 117);
INSERT INTO ORDER_IN (CAR_RECIEVED, ORDER_ID) VALUES (1, 118);
INSERT INTO ORDER_IN (CAR_RECIEVED, ORDER_ID) VALUES (1, 119);
INSERT INTO ORDER_IN (CAR_RECIEVED, ORDER_ID) VALUES (null, 120);
INSERT INTO ORDER_IN (CAR_RECIEVED, ORDER_ID) VALUES (null, 121);
INSERT INTO ORDER_IN (CAR_RECIEVED, ORDER_ID) VALUES (null, 122);
INSERT INTO ORDER_IN (CAR_RECIEVED, ORDER_ID) VALUES (1, 123);
INSERT INTO ORDER_IN (CAR_RECIEVED, ORDER_ID) VALUES (1, 124);
INSERT INTO ORDER_IN (CAR_RECIEVED, ORDER_ID) VALUES (1, 125);
INSERT INTO ORDER_IN (CAR_RECIEVED, ORDER_ID) VALUES (1, 126);
INSERT INTO ORDER_IN (CAR_RECIEVED, ORDER_ID) VALUES (1, 127);
INSERT INTO ORDER_IN (CAR_RECIEVED, ORDER_ID) VALUES (1, 128);
INSERT INTO ORDER_IN (CAR_RECIEVED, ORDER_ID) VALUES (1, 129);
INSERT INTO ORDER_IN (CAR_RECIEVED, ORDER_ID) VALUES (null, 130);
INSERT INTO ORDER_IN (CAR_RECIEVED, ORDER_ID) VALUES (1, 131);
INSERT INTO ORDER_IN (CAR_RECIEVED, ORDER_ID) VALUES (1, 132);
INSERT INTO ORDER_IN (CAR_RECIEVED, ORDER_ID) VALUES (1, 133);
INSERT INTO ORDER_IN (CAR_RECIEVED, ORDER_ID) VALUES (null, 134);
INSERT INTO ORDER_IN (CAR_RECIEVED, ORDER_ID) VALUES (1, 135);
INSERT INTO ORDER_IN (CAR_RECIEVED, ORDER_ID) VALUES (1, 136);
INSERT INTO ORDER_IN (CAR_RECIEVED, ORDER_ID) VALUES (1, 137);
INSERT INTO ORDER_IN (CAR_RECIEVED, ORDER_ID) VALUES (1, 138);
INSERT INTO ORDER_IN (CAR_RECIEVED, ORDER_ID) VALUES (null, 139);
INSERT INTO ORDER_IN (CAR_RECIEVED, ORDER_ID) VALUES (1, 140);
INSERT INTO ORDER_IN (CAR_RECIEVED, ORDER_ID) VALUES (1, 141);
INSERT INTO ORDER_IN (CAR_RECIEVED, ORDER_ID) VALUES (1, 142);
INSERT INTO ORDER_IN (CAR_RECIEVED, ORDER_ID) VALUES (null, 143);
INSERT INTO ORDER_IN (CAR_RECIEVED, ORDER_ID) VALUES (1, 144);
INSERT INTO ORDER_IN (CAR_RECIEVED, ORDER_ID) VALUES (1, 145);
INSERT INTO ORDER_IN (CAR_RECIEVED, ORDER_ID) VALUES (1, 146);
INSERT INTO ORDER_IN (CAR_RECIEVED, ORDER_ID) VALUES (1, 147);
INSERT INTO ORDER_IN (CAR_RECIEVED, ORDER_ID) VALUES (1, 148);
INSERT INTO ORDER_IN (CAR_RECIEVED, ORDER_ID) VALUES (null, 149);
INSERT INTO ORDER_IN (CAR_RECIEVED, ORDER_ID) VALUES (1, 150);
INSERT INTO ORDER_IN (CAR_RECIEVED, ORDER_ID) VALUES (1, 151);
INSERT INTO ORDER_IN (CAR_RECIEVED, ORDER_ID) VALUES (1, 152);
INSERT INTO ORDER_IN (CAR_RECIEVED, ORDER_ID) VALUES (1, 153);
INSERT INTO ORDER_IN (CAR_RECIEVED, ORDER_ID) VALUES (1, 154);
INSERT INTO ORDER_IN (CAR_RECIEVED, ORDER_ID) VALUES (1, 155);
INSERT INTO ORDER_IN (CAR_RECIEVED, ORDER_ID) VALUES (1, 156);
INSERT INTO ORDER_IN (CAR_RECIEVED, ORDER_ID) VALUES (null, 157);
INSERT INTO ORDER_IN (CAR_RECIEVED, ORDER_ID) VALUES (1, 158);
INSERT INTO ORDER_IN (CAR_RECIEVED, ORDER_ID) VALUES (1, 159);
INSERT INTO ORDER_IN (CAR_RECIEVED, ORDER_ID) VALUES (1, 160);
INSERT INTO ORDER_IN (CAR_RECIEVED, ORDER_ID) VALUES (1, 161);
INSERT INTO ORDER_IN (CAR_RECIEVED, ORDER_ID) VALUES (1, 162);
INSERT INTO ORDER_IN (CAR_RECIEVED, ORDER_ID) VALUES (1, 163);
INSERT INTO ORDER_IN (CAR_RECIEVED, ORDER_ID) VALUES (1, 164);
INSERT INTO ORDER_IN (CAR_RECIEVED, ORDER_ID) VALUES (1, 165);
INSERT INTO ORDER_IN (CAR_RECIEVED, ORDER_ID) VALUES (1, 166);
INSERT INTO ORDER_IN (CAR_RECIEVED, ORDER_ID) VALUES (1, 167);
INSERT INTO ORDER_IN (CAR_RECIEVED, ORDER_ID) VALUES (1, 168);
INSERT INTO ORDER_IN (CAR_RECIEVED, ORDER_ID) VALUES (1, 169);
INSERT INTO ORDER_IN (CAR_RECIEVED, ORDER_ID) VALUES (1, 170);
INSERT INTO ORDER_IN (CAR_RECIEVED, ORDER_ID) VALUES (null, 171);
INSERT INTO ORDER_IN (CAR_RECIEVED, ORDER_ID) VALUES (null, 172);
INSERT INTO ORDER_IN (CAR_RECIEVED, ORDER_ID) VALUES (1, 173);
INSERT INTO ORDER_IN (CAR_RECIEVED, ORDER_ID) VALUES (1, 174);
INSERT INTO ORDER_IN (CAR_RECIEVED, ORDER_ID) VALUES (null, 175);
INSERT INTO ORDER_IN (CAR_RECIEVED, ORDER_ID) VALUES (1, 176);
INSERT INTO ORDER_IN (CAR_RECIEVED, ORDER_ID) VALUES (1, 177);
INSERT INTO ORDER_IN (CAR_RECIEVED, ORDER_ID) VALUES (1, 178);
INSERT INTO ORDER_IN (CAR_RECIEVED, ORDER_ID) VALUES (null, 179);
INSERT INTO ORDER_IN (CAR_RECIEVED, ORDER_ID) VALUES (1, 180);
INSERT INTO ORDER_IN (CAR_RECIEVED, ORDER_ID) VALUES (1, 181);
INSERT INTO ORDER_IN (CAR_RECIEVED, ORDER_ID) VALUES (1, 182);
INSERT INTO ORDER_IN (CAR_RECIEVED, ORDER_ID) VALUES (1, 183);
INSERT INTO ORDER_IN (CAR_RECIEVED, ORDER_ID) VALUES (1, 184);
INSERT INTO ORDER_IN (CAR_RECIEVED, ORDER_ID) VALUES (1, 185);
INSERT INTO ORDER_IN (CAR_RECIEVED, ORDER_ID) VALUES (1, 186);
INSERT INTO ORDER_IN (CAR_RECIEVED, ORDER_ID) VALUES (1, 187);
INSERT INTO ORDER_IN (CAR_RECIEVED, ORDER_ID) VALUES (1, 188);
INSERT INTO ORDER_IN (CAR_RECIEVED, ORDER_ID) VALUES (null, 189);
INSERT INTO ORDER_IN (CAR_RECIEVED, ORDER_ID) VALUES (1, 190);
INSERT INTO ORDER_IN (CAR_RECIEVED, ORDER_ID) VALUES (null, 191);
INSERT INTO ORDER_IN (CAR_RECIEVED, ORDER_ID) VALUES (null, 192);
INSERT INTO ORDER_IN (CAR_RECIEVED, ORDER_ID) VALUES (1, 193);
INSERT INTO ORDER_IN (CAR_RECIEVED, ORDER_ID) VALUES (1, 194);
INSERT INTO ORDER_IN (CAR_RECIEVED, ORDER_ID) VALUES (1, 195);
INSERT INTO ORDER_IN (CAR_RECIEVED, ORDER_ID) VALUES (1, 196);
INSERT INTO ORDER_IN (CAR_RECIEVED, ORDER_ID) VALUES (1, 197);
INSERT INTO ORDER_IN (CAR_RECIEVED, ORDER_ID) VALUES (1, 198);
INSERT INTO ORDER_IN (CAR_RECIEVED, ORDER_ID) VALUES (1, 199);
INSERT INTO ORDER_IN (CAR_RECIEVED, ORDER_ID) VALUES (1, 200);
end;
/

prompt Tabulka ORDER_OUT
begin
INSERT INTO ORDER_OUT (CAR_SENT, ADDRESS_ADDRESS_ID, ORDER_ID) VALUES (1, 44, 201);
INSERT INTO ORDER_OUT (CAR_SENT, ADDRESS_ADDRESS_ID, ORDER_ID) VALUES (null, 54, 202);
INSERT INTO ORDER_OUT (CAR_SENT, ADDRESS_ADDRESS_ID, ORDER_ID) VALUES (1, 39, 203);
INSERT INTO ORDER_OUT (CAR_SENT, ADDRESS_ADDRESS_ID, ORDER_ID) VALUES (1, 44, 204);
INSERT INTO ORDER_OUT (CAR_SENT, ADDRESS_ADDRESS_ID, ORDER_ID) VALUES (null, 39, 205);
INSERT INTO ORDER_OUT (CAR_SENT, ADDRESS_ADDRESS_ID, ORDER_ID) VALUES (1, 40, 206);
INSERT INTO ORDER_OUT (CAR_SENT, ADDRESS_ADDRESS_ID, ORDER_ID) VALUES (1, 32, 207);
INSERT INTO ORDER_OUT (CAR_SENT, ADDRESS_ADDRESS_ID, ORDER_ID) VALUES (1, 50, 208);
INSERT INTO ORDER_OUT (CAR_SENT, ADDRESS_ADDRESS_ID, ORDER_ID) VALUES (1, 58, 209);
INSERT INTO ORDER_OUT (CAR_SENT, ADDRESS_ADDRESS_ID, ORDER_ID) VALUES (1, 50, 210);
INSERT INTO ORDER_OUT (CAR_SENT, ADDRESS_ADDRESS_ID, ORDER_ID) VALUES (1, 35, 211);
INSERT INTO ORDER_OUT (CAR_SENT, ADDRESS_ADDRESS_ID, ORDER_ID) VALUES (1, 59, 212);
INSERT INTO ORDER_OUT (CAR_SENT, ADDRESS_ADDRESS_ID, ORDER_ID) VALUES (1, 34, 213);
INSERT INTO ORDER_OUT (CAR_SENT, ADDRESS_ADDRESS_ID, ORDER_ID) VALUES (1, 51, 214);
INSERT INTO ORDER_OUT (CAR_SENT, ADDRESS_ADDRESS_ID, ORDER_ID) VALUES (1, 60, 215);
INSERT INTO ORDER_OUT (CAR_SENT, ADDRESS_ADDRESS_ID, ORDER_ID) VALUES (1, 51, 216);
INSERT INTO ORDER_OUT (CAR_SENT, ADDRESS_ADDRESS_ID, ORDER_ID) VALUES (1, 59, 217);
INSERT INTO ORDER_OUT (CAR_SENT, ADDRESS_ADDRESS_ID, ORDER_ID) VALUES (1, 34, 218);
INSERT INTO ORDER_OUT (CAR_SENT, ADDRESS_ADDRESS_ID, ORDER_ID) VALUES (null, 34, 219);
INSERT INTO ORDER_OUT (CAR_SENT, ADDRESS_ADDRESS_ID, ORDER_ID) VALUES (1, 51, 220);
INSERT INTO ORDER_OUT (CAR_SENT, ADDRESS_ADDRESS_ID, ORDER_ID) VALUES (1, 57, 221);
INSERT INTO ORDER_OUT (CAR_SENT, ADDRESS_ADDRESS_ID, ORDER_ID) VALUES (1, 54, 222);
INSERT INTO ORDER_OUT (CAR_SENT, ADDRESS_ADDRESS_ID, ORDER_ID) VALUES (1, 55, 223);
INSERT INTO ORDER_OUT (CAR_SENT, ADDRESS_ADDRESS_ID, ORDER_ID) VALUES (1, 43, 224);
INSERT INTO ORDER_OUT (CAR_SENT, ADDRESS_ADDRESS_ID, ORDER_ID) VALUES (1, 45, 225);
INSERT INTO ORDER_OUT (CAR_SENT, ADDRESS_ADDRESS_ID, ORDER_ID) VALUES (1, 36, 226);
INSERT INTO ORDER_OUT (CAR_SENT, ADDRESS_ADDRESS_ID, ORDER_ID) VALUES (null, 40, 227);
INSERT INTO ORDER_OUT (CAR_SENT, ADDRESS_ADDRESS_ID, ORDER_ID) VALUES (1, 40, 228);
INSERT INTO ORDER_OUT (CAR_SENT, ADDRESS_ADDRESS_ID, ORDER_ID) VALUES (1, 57, 229);
INSERT INTO ORDER_OUT (CAR_SENT, ADDRESS_ADDRESS_ID, ORDER_ID) VALUES (null, 58, 230);
INSERT INTO ORDER_OUT (CAR_SENT, ADDRESS_ADDRESS_ID, ORDER_ID) VALUES (1, 55, 231);
INSERT INTO ORDER_OUT (CAR_SENT, ADDRESS_ADDRESS_ID, ORDER_ID) VALUES (null, 38, 232);
INSERT INTO ORDER_OUT (CAR_SENT, ADDRESS_ADDRESS_ID, ORDER_ID) VALUES (null, 34, 233);
INSERT INTO ORDER_OUT (CAR_SENT, ADDRESS_ADDRESS_ID, ORDER_ID) VALUES (1, 38, 234);
INSERT INTO ORDER_OUT (CAR_SENT, ADDRESS_ADDRESS_ID, ORDER_ID) VALUES (1, 49, 235);
INSERT INTO ORDER_OUT (CAR_SENT, ADDRESS_ADDRESS_ID, ORDER_ID) VALUES (1, 52, 236);
INSERT INTO ORDER_OUT (CAR_SENT, ADDRESS_ADDRESS_ID, ORDER_ID) VALUES (1, 37, 237);
INSERT INTO ORDER_OUT (CAR_SENT, ADDRESS_ADDRESS_ID, ORDER_ID) VALUES (1, 51, 238);
INSERT INTO ORDER_OUT (CAR_SENT, ADDRESS_ADDRESS_ID, ORDER_ID) VALUES (1, 60, 239);
INSERT INTO ORDER_OUT (CAR_SENT, ADDRESS_ADDRESS_ID, ORDER_ID) VALUES (1, 38, 240);
INSERT INTO ORDER_OUT (CAR_SENT, ADDRESS_ADDRESS_ID, ORDER_ID) VALUES (1, 46, 241);
INSERT INTO ORDER_OUT (CAR_SENT, ADDRESS_ADDRESS_ID, ORDER_ID) VALUES (1, 31, 242);
INSERT INTO ORDER_OUT (CAR_SENT, ADDRESS_ADDRESS_ID, ORDER_ID) VALUES (null, 42, 243);
INSERT INTO ORDER_OUT (CAR_SENT, ADDRESS_ADDRESS_ID, ORDER_ID) VALUES (null, 50, 244);
INSERT INTO ORDER_OUT (CAR_SENT, ADDRESS_ADDRESS_ID, ORDER_ID) VALUES (null, 39, 245);
INSERT INTO ORDER_OUT (CAR_SENT, ADDRESS_ADDRESS_ID, ORDER_ID) VALUES (1, 47, 246);
INSERT INTO ORDER_OUT (CAR_SENT, ADDRESS_ADDRESS_ID, ORDER_ID) VALUES (null, 39, 247);
INSERT INTO ORDER_OUT (CAR_SENT, ADDRESS_ADDRESS_ID, ORDER_ID) VALUES (null, 56, 248);
INSERT INTO ORDER_OUT (CAR_SENT, ADDRESS_ADDRESS_ID, ORDER_ID) VALUES (1, 45, 249);
INSERT INTO ORDER_OUT (CAR_SENT, ADDRESS_ADDRESS_ID, ORDER_ID) VALUES (1, 51, 250);
INSERT INTO ORDER_OUT (CAR_SENT, ADDRESS_ADDRESS_ID, ORDER_ID) VALUES (1, 41, 251);
INSERT INTO ORDER_OUT (CAR_SENT, ADDRESS_ADDRESS_ID, ORDER_ID) VALUES (1, 31, 252);
INSERT INTO ORDER_OUT (CAR_SENT, ADDRESS_ADDRESS_ID, ORDER_ID) VALUES (1, 54, 253);
INSERT INTO ORDER_OUT (CAR_SENT, ADDRESS_ADDRESS_ID, ORDER_ID) VALUES (null, 38, 254);
INSERT INTO ORDER_OUT (CAR_SENT, ADDRESS_ADDRESS_ID, ORDER_ID) VALUES (1, 39, 255);
INSERT INTO ORDER_OUT (CAR_SENT, ADDRESS_ADDRESS_ID, ORDER_ID) VALUES (null, 47, 256);
INSERT INTO ORDER_OUT (CAR_SENT, ADDRESS_ADDRESS_ID, ORDER_ID) VALUES (1, 38, 257);
INSERT INTO ORDER_OUT (CAR_SENT, ADDRESS_ADDRESS_ID, ORDER_ID) VALUES (1, 31, 258);
INSERT INTO ORDER_OUT (CAR_SENT, ADDRESS_ADDRESS_ID, ORDER_ID) VALUES (1, 30, 259);
INSERT INTO ORDER_OUT (CAR_SENT, ADDRESS_ADDRESS_ID, ORDER_ID) VALUES (1, 51, 260);
INSERT INTO ORDER_OUT (CAR_SENT, ADDRESS_ADDRESS_ID, ORDER_ID) VALUES (1, 58, 261);
INSERT INTO ORDER_OUT (CAR_SENT, ADDRESS_ADDRESS_ID, ORDER_ID) VALUES (1, 48, 262);
INSERT INTO ORDER_OUT (CAR_SENT, ADDRESS_ADDRESS_ID, ORDER_ID) VALUES (1, 32, 263);
INSERT INTO ORDER_OUT (CAR_SENT, ADDRESS_ADDRESS_ID, ORDER_ID) VALUES (1, 39, 264);
INSERT INTO ORDER_OUT (CAR_SENT, ADDRESS_ADDRESS_ID, ORDER_ID) VALUES (1, 59, 265);
INSERT INTO ORDER_OUT (CAR_SENT, ADDRESS_ADDRESS_ID, ORDER_ID) VALUES (1, 53, 266);
INSERT INTO ORDER_OUT (CAR_SENT, ADDRESS_ADDRESS_ID, ORDER_ID) VALUES (1, 37, 267);
INSERT INTO ORDER_OUT (CAR_SENT, ADDRESS_ADDRESS_ID, ORDER_ID) VALUES (1, 56, 268);
INSERT INTO ORDER_OUT (CAR_SENT, ADDRESS_ADDRESS_ID, ORDER_ID) VALUES (1, 43, 269);
INSERT INTO ORDER_OUT (CAR_SENT, ADDRESS_ADDRESS_ID, ORDER_ID) VALUES (1, 47, 270);
INSERT INTO ORDER_OUT (CAR_SENT, ADDRESS_ADDRESS_ID, ORDER_ID) VALUES (null, 52, 271);
INSERT INTO ORDER_OUT (CAR_SENT, ADDRESS_ADDRESS_ID, ORDER_ID) VALUES (1, 35, 272);
INSERT INTO ORDER_OUT (CAR_SENT, ADDRESS_ADDRESS_ID, ORDER_ID) VALUES (1, 43, 273);
INSERT INTO ORDER_OUT (CAR_SENT, ADDRESS_ADDRESS_ID, ORDER_ID) VALUES (1, 33, 274);
INSERT INTO ORDER_OUT (CAR_SENT, ADDRESS_ADDRESS_ID, ORDER_ID) VALUES (null, 45, 275);
INSERT INTO ORDER_OUT (CAR_SENT, ADDRESS_ADDRESS_ID, ORDER_ID) VALUES (1, 42, 276);
INSERT INTO ORDER_OUT (CAR_SENT, ADDRESS_ADDRESS_ID, ORDER_ID) VALUES (1, 31, 277);
INSERT INTO ORDER_OUT (CAR_SENT, ADDRESS_ADDRESS_ID, ORDER_ID) VALUES (1, 49, 278);
INSERT INTO ORDER_OUT (CAR_SENT, ADDRESS_ADDRESS_ID, ORDER_ID) VALUES (1, 40, 279);
INSERT INTO ORDER_OUT (CAR_SENT, ADDRESS_ADDRESS_ID, ORDER_ID) VALUES (null, 32, 280);
INSERT INTO ORDER_OUT (CAR_SENT, ADDRESS_ADDRESS_ID, ORDER_ID) VALUES (1, 34, 281);
INSERT INTO ORDER_OUT (CAR_SENT, ADDRESS_ADDRESS_ID, ORDER_ID) VALUES (1, 32, 282);
INSERT INTO ORDER_OUT (CAR_SENT, ADDRESS_ADDRESS_ID, ORDER_ID) VALUES (1, 32, 283);
INSERT INTO ORDER_OUT (CAR_SENT, ADDRESS_ADDRESS_ID, ORDER_ID) VALUES (1, 37, 284);
INSERT INTO ORDER_OUT (CAR_SENT, ADDRESS_ADDRESS_ID, ORDER_ID) VALUES (1, 40, 285);
INSERT INTO ORDER_OUT (CAR_SENT, ADDRESS_ADDRESS_ID, ORDER_ID) VALUES (1, 59, 286);
INSERT INTO ORDER_OUT (CAR_SENT, ADDRESS_ADDRESS_ID, ORDER_ID) VALUES (1, 44, 287);
INSERT INTO ORDER_OUT (CAR_SENT, ADDRESS_ADDRESS_ID, ORDER_ID) VALUES (null, 52, 288);
INSERT INTO ORDER_OUT (CAR_SENT, ADDRESS_ADDRESS_ID, ORDER_ID) VALUES (1, 53, 289);
INSERT INTO ORDER_OUT (CAR_SENT, ADDRESS_ADDRESS_ID, ORDER_ID) VALUES (1, 44, 290);
INSERT INTO ORDER_OUT (CAR_SENT, ADDRESS_ADDRESS_ID, ORDER_ID) VALUES (1, 33, 291);
INSERT INTO ORDER_OUT (CAR_SENT, ADDRESS_ADDRESS_ID, ORDER_ID) VALUES (1, 55, 292);
INSERT INTO ORDER_OUT (CAR_SENT, ADDRESS_ADDRESS_ID, ORDER_ID) VALUES (1, 46, 293);
INSERT INTO ORDER_OUT (CAR_SENT, ADDRESS_ADDRESS_ID, ORDER_ID) VALUES (1, 57, 294);
INSERT INTO ORDER_OUT (CAR_SENT, ADDRESS_ADDRESS_ID, ORDER_ID) VALUES (1, 50, 295);
INSERT INTO ORDER_OUT (CAR_SENT, ADDRESS_ADDRESS_ID, ORDER_ID) VALUES (1, 47, 296);
INSERT INTO ORDER_OUT (CAR_SENT, ADDRESS_ADDRESS_ID, ORDER_ID) VALUES (1, 45, 297);
INSERT INTO ORDER_OUT (CAR_SENT, ADDRESS_ADDRESS_ID, ORDER_ID) VALUES (1, 30, 298);
INSERT INTO ORDER_OUT (CAR_SENT, ADDRESS_ADDRESS_ID, ORDER_ID) VALUES (1, 46, 299);
INSERT INTO ORDER_OUT (CAR_SENT, ADDRESS_ADDRESS_ID, ORDER_ID) VALUES (1, 37, 300);
INSERT INTO ORDER_OUT (CAR_SENT, ADDRESS_ADDRESS_ID, ORDER_ID) VALUES (1, 41, 301);
INSERT INTO ORDER_OUT (CAR_SENT, ADDRESS_ADDRESS_ID, ORDER_ID) VALUES (1, 44, 302);
INSERT INTO ORDER_OUT (CAR_SENT, ADDRESS_ADDRESS_ID, ORDER_ID) VALUES (1, 36, 303);
INSERT INTO ORDER_OUT (CAR_SENT, ADDRESS_ADDRESS_ID, ORDER_ID) VALUES (1, 44, 304);
INSERT INTO ORDER_OUT (CAR_SENT, ADDRESS_ADDRESS_ID, ORDER_ID) VALUES (1, 38, 305);
INSERT INTO ORDER_OUT (CAR_SENT, ADDRESS_ADDRESS_ID, ORDER_ID) VALUES (1, 47, 306);
INSERT INTO ORDER_OUT (CAR_SENT, ADDRESS_ADDRESS_ID, ORDER_ID) VALUES (1, 54, 307);
INSERT INTO ORDER_OUT (CAR_SENT, ADDRESS_ADDRESS_ID, ORDER_ID) VALUES (1, 37, 308);
INSERT INTO ORDER_OUT (CAR_SENT, ADDRESS_ADDRESS_ID, ORDER_ID) VALUES (1, 50, 309);
INSERT INTO ORDER_OUT (CAR_SENT, ADDRESS_ADDRESS_ID, ORDER_ID) VALUES (1, 49, 310);
INSERT INTO ORDER_OUT (CAR_SENT, ADDRESS_ADDRESS_ID, ORDER_ID) VALUES (null, 53, 311);
INSERT INTO ORDER_OUT (CAR_SENT, ADDRESS_ADDRESS_ID, ORDER_ID) VALUES (1, 30, 312);
INSERT INTO ORDER_OUT (CAR_SENT, ADDRESS_ADDRESS_ID, ORDER_ID) VALUES (1, 37, 313);
INSERT INTO ORDER_OUT (CAR_SENT, ADDRESS_ADDRESS_ID, ORDER_ID) VALUES (1, 39, 314);
INSERT INTO ORDER_OUT (CAR_SENT, ADDRESS_ADDRESS_ID, ORDER_ID) VALUES (1, 36, 315);
INSERT INTO ORDER_OUT (CAR_SENT, ADDRESS_ADDRESS_ID, ORDER_ID) VALUES (1, 55, 316);
INSERT INTO ORDER_OUT (CAR_SENT, ADDRESS_ADDRESS_ID, ORDER_ID) VALUES (null, 36, 317);
INSERT INTO ORDER_OUT (CAR_SENT, ADDRESS_ADDRESS_ID, ORDER_ID) VALUES (1, 32, 318);
INSERT INTO ORDER_OUT (CAR_SENT, ADDRESS_ADDRESS_ID, ORDER_ID) VALUES (null, 40, 319);
INSERT INTO ORDER_OUT (CAR_SENT, ADDRESS_ADDRESS_ID, ORDER_ID) VALUES (1, 33, 320);
INSERT INTO ORDER_OUT (CAR_SENT, ADDRESS_ADDRESS_ID, ORDER_ID) VALUES (null, 48, 321);
INSERT INTO ORDER_OUT (CAR_SENT, ADDRESS_ADDRESS_ID, ORDER_ID) VALUES (1, 56, 322);
INSERT INTO ORDER_OUT (CAR_SENT, ADDRESS_ADDRESS_ID, ORDER_ID) VALUES (1, 46, 323);
INSERT INTO ORDER_OUT (CAR_SENT, ADDRESS_ADDRESS_ID, ORDER_ID) VALUES (1, 55, 324);
INSERT INTO ORDER_OUT (CAR_SENT, ADDRESS_ADDRESS_ID, ORDER_ID) VALUES (1, 31, 325);
INSERT INTO ORDER_OUT (CAR_SENT, ADDRESS_ADDRESS_ID, ORDER_ID) VALUES (1, 44, 326);
INSERT INTO ORDER_OUT (CAR_SENT, ADDRESS_ADDRESS_ID, ORDER_ID) VALUES (null, 40, 327);
INSERT INTO ORDER_OUT (CAR_SENT, ADDRESS_ADDRESS_ID, ORDER_ID) VALUES (1, 42, 328);
INSERT INTO ORDER_OUT (CAR_SENT, ADDRESS_ADDRESS_ID, ORDER_ID) VALUES (1, 60, 329);
INSERT INTO ORDER_OUT (CAR_SENT, ADDRESS_ADDRESS_ID, ORDER_ID) VALUES (null, 52, 330);
INSERT INTO ORDER_OUT (CAR_SENT, ADDRESS_ADDRESS_ID, ORDER_ID) VALUES (null, 39, 331);
INSERT INTO ORDER_OUT (CAR_SENT, ADDRESS_ADDRESS_ID, ORDER_ID) VALUES (1, 31, 332);
INSERT INTO ORDER_OUT (CAR_SENT, ADDRESS_ADDRESS_ID, ORDER_ID) VALUES (1, 51, 333);
INSERT INTO ORDER_OUT (CAR_SENT, ADDRESS_ADDRESS_ID, ORDER_ID) VALUES (1, 37, 334);
INSERT INTO ORDER_OUT (CAR_SENT, ADDRESS_ADDRESS_ID, ORDER_ID) VALUES (1, 31, 335);
INSERT INTO ORDER_OUT (CAR_SENT, ADDRESS_ADDRESS_ID, ORDER_ID) VALUES (1, 34, 336);
INSERT INTO ORDER_OUT (CAR_SENT, ADDRESS_ADDRESS_ID, ORDER_ID) VALUES (1, 37, 337);
INSERT INTO ORDER_OUT (CAR_SENT, ADDRESS_ADDRESS_ID, ORDER_ID) VALUES (1, 52, 338);
INSERT INTO ORDER_OUT (CAR_SENT, ADDRESS_ADDRESS_ID, ORDER_ID) VALUES (1, 52, 339);
INSERT INTO ORDER_OUT (CAR_SENT, ADDRESS_ADDRESS_ID, ORDER_ID) VALUES (1, 60, 340);
INSERT INTO ORDER_OUT (CAR_SENT, ADDRESS_ADDRESS_ID, ORDER_ID) VALUES (1, 57, 341);
INSERT INTO ORDER_OUT (CAR_SENT, ADDRESS_ADDRESS_ID, ORDER_ID) VALUES (1, 54, 342);
INSERT INTO ORDER_OUT (CAR_SENT, ADDRESS_ADDRESS_ID, ORDER_ID) VALUES (1, 48, 343);
INSERT INTO ORDER_OUT (CAR_SENT, ADDRESS_ADDRESS_ID, ORDER_ID) VALUES (1, 35, 344);
INSERT INTO ORDER_OUT (CAR_SENT, ADDRESS_ADDRESS_ID, ORDER_ID) VALUES (null, 52, 345);
INSERT INTO ORDER_OUT (CAR_SENT, ADDRESS_ADDRESS_ID, ORDER_ID) VALUES (1, 37, 346);
INSERT INTO ORDER_OUT (CAR_SENT, ADDRESS_ADDRESS_ID, ORDER_ID) VALUES (1, 46, 347);
INSERT INTO ORDER_OUT (CAR_SENT, ADDRESS_ADDRESS_ID, ORDER_ID) VALUES (1, 37, 348);
INSERT INTO ORDER_OUT (CAR_SENT, ADDRESS_ADDRESS_ID, ORDER_ID) VALUES (1, 32, 349);
INSERT INTO ORDER_OUT (CAR_SENT, ADDRESS_ADDRESS_ID, ORDER_ID) VALUES (1, 42, 350);
INSERT INTO ORDER_OUT (CAR_SENT, ADDRESS_ADDRESS_ID, ORDER_ID) VALUES (1, 38, 351);
INSERT INTO ORDER_OUT (CAR_SENT, ADDRESS_ADDRESS_ID, ORDER_ID) VALUES (1, 35, 352);
INSERT INTO ORDER_OUT (CAR_SENT, ADDRESS_ADDRESS_ID, ORDER_ID) VALUES (1, 49, 353);
INSERT INTO ORDER_OUT (CAR_SENT, ADDRESS_ADDRESS_ID, ORDER_ID) VALUES (1, 30, 354);
INSERT INTO ORDER_OUT (CAR_SENT, ADDRESS_ADDRESS_ID, ORDER_ID) VALUES (1, 51, 355);
INSERT INTO ORDER_OUT (CAR_SENT, ADDRESS_ADDRESS_ID, ORDER_ID) VALUES (1, 55, 356);
INSERT INTO ORDER_OUT (CAR_SENT, ADDRESS_ADDRESS_ID, ORDER_ID) VALUES (1, 37, 357);
INSERT INTO ORDER_OUT (CAR_SENT, ADDRESS_ADDRESS_ID, ORDER_ID) VALUES (1, 35, 358);
INSERT INTO ORDER_OUT (CAR_SENT, ADDRESS_ADDRESS_ID, ORDER_ID) VALUES (1, 35, 359);
INSERT INTO ORDER_OUT (CAR_SENT, ADDRESS_ADDRESS_ID, ORDER_ID) VALUES (null, 30, 360);
INSERT INTO ORDER_OUT (CAR_SENT, ADDRESS_ADDRESS_ID, ORDER_ID) VALUES (null, 31, 361);
INSERT INTO ORDER_OUT (CAR_SENT, ADDRESS_ADDRESS_ID, ORDER_ID) VALUES (1, 54, 362);
INSERT INTO ORDER_OUT (CAR_SENT, ADDRESS_ADDRESS_ID, ORDER_ID) VALUES (1, 36, 363);
INSERT INTO ORDER_OUT (CAR_SENT, ADDRESS_ADDRESS_ID, ORDER_ID) VALUES (1, 54, 364);
INSERT INTO ORDER_OUT (CAR_SENT, ADDRESS_ADDRESS_ID, ORDER_ID) VALUES (1, 47, 365);
INSERT INTO ORDER_OUT (CAR_SENT, ADDRESS_ADDRESS_ID, ORDER_ID) VALUES (null, 44, 366);
INSERT INTO ORDER_OUT (CAR_SENT, ADDRESS_ADDRESS_ID, ORDER_ID) VALUES (1, 46, 367);
INSERT INTO ORDER_OUT (CAR_SENT, ADDRESS_ADDRESS_ID, ORDER_ID) VALUES (1, 46, 368);
INSERT INTO ORDER_OUT (CAR_SENT, ADDRESS_ADDRESS_ID, ORDER_ID) VALUES (1, 50, 369);
INSERT INTO ORDER_OUT (CAR_SENT, ADDRESS_ADDRESS_ID, ORDER_ID) VALUES (1, 31, 370);
INSERT INTO ORDER_OUT (CAR_SENT, ADDRESS_ADDRESS_ID, ORDER_ID) VALUES (1, 31, 371);
INSERT INTO ORDER_OUT (CAR_SENT, ADDRESS_ADDRESS_ID, ORDER_ID) VALUES (1, 38, 372);
INSERT INTO ORDER_OUT (CAR_SENT, ADDRESS_ADDRESS_ID, ORDER_ID) VALUES (1, 57, 373);
INSERT INTO ORDER_OUT (CAR_SENT, ADDRESS_ADDRESS_ID, ORDER_ID) VALUES (null, 44, 374);
INSERT INTO ORDER_OUT (CAR_SENT, ADDRESS_ADDRESS_ID, ORDER_ID) VALUES (null, 42, 375);
INSERT INTO ORDER_OUT (CAR_SENT, ADDRESS_ADDRESS_ID, ORDER_ID) VALUES (1, 32, 376);
INSERT INTO ORDER_OUT (CAR_SENT, ADDRESS_ADDRESS_ID, ORDER_ID) VALUES (1, 38, 377);
INSERT INTO ORDER_OUT (CAR_SENT, ADDRESS_ADDRESS_ID, ORDER_ID) VALUES (1, 31, 378);
INSERT INTO ORDER_OUT (CAR_SENT, ADDRESS_ADDRESS_ID, ORDER_ID) VALUES (1, 54, 379);
INSERT INTO ORDER_OUT (CAR_SENT, ADDRESS_ADDRESS_ID, ORDER_ID) VALUES (1, 30, 380);
INSERT INTO ORDER_OUT (CAR_SENT, ADDRESS_ADDRESS_ID, ORDER_ID) VALUES (1, 33, 381);
INSERT INTO ORDER_OUT (CAR_SENT, ADDRESS_ADDRESS_ID, ORDER_ID) VALUES (1, 38, 382);
INSERT INTO ORDER_OUT (CAR_SENT, ADDRESS_ADDRESS_ID, ORDER_ID) VALUES (1, 55, 383);
INSERT INTO ORDER_OUT (CAR_SENT, ADDRESS_ADDRESS_ID, ORDER_ID) VALUES (1, 60, 384);
INSERT INTO ORDER_OUT (CAR_SENT, ADDRESS_ADDRESS_ID, ORDER_ID) VALUES (1, 44, 385);
INSERT INTO ORDER_OUT (CAR_SENT, ADDRESS_ADDRESS_ID, ORDER_ID) VALUES (1, 38, 386);
INSERT INTO ORDER_OUT (CAR_SENT, ADDRESS_ADDRESS_ID, ORDER_ID) VALUES (1, 40, 387);
INSERT INTO ORDER_OUT (CAR_SENT, ADDRESS_ADDRESS_ID, ORDER_ID) VALUES (1, 56, 388);
INSERT INTO ORDER_OUT (CAR_SENT, ADDRESS_ADDRESS_ID, ORDER_ID) VALUES (1, 32, 389);
INSERT INTO ORDER_OUT (CAR_SENT, ADDRESS_ADDRESS_ID, ORDER_ID) VALUES (1, 58, 390);
INSERT INTO ORDER_OUT (CAR_SENT, ADDRESS_ADDRESS_ID, ORDER_ID) VALUES (1, 46, 391);
INSERT INTO ORDER_OUT (CAR_SENT, ADDRESS_ADDRESS_ID, ORDER_ID) VALUES (1, 47, 392);
INSERT INTO ORDER_OUT (CAR_SENT, ADDRESS_ADDRESS_ID, ORDER_ID) VALUES (1, 31, 393);
INSERT INTO ORDER_OUT (CAR_SENT, ADDRESS_ADDRESS_ID, ORDER_ID) VALUES (1, 35, 394);
INSERT INTO ORDER_OUT (CAR_SENT, ADDRESS_ADDRESS_ID, ORDER_ID) VALUES (1, 38, 395);
INSERT INTO ORDER_OUT (CAR_SENT, ADDRESS_ADDRESS_ID, ORDER_ID) VALUES (1, 53, 396);
INSERT INTO ORDER_OUT (CAR_SENT, ADDRESS_ADDRESS_ID, ORDER_ID) VALUES (1, 54, 397);
INSERT INTO ORDER_OUT (CAR_SENT, ADDRESS_ADDRESS_ID, ORDER_ID) VALUES (1, 44, 398);
INSERT INTO ORDER_OUT (CAR_SENT, ADDRESS_ADDRESS_ID, ORDER_ID) VALUES (1, 36, 399);
INSERT INTO ORDER_OUT (CAR_SENT, ADDRESS_ADDRESS_ID, ORDER_ID) VALUES (1, 41, 400);
end;
/

-- Kategorie D
prompt Tabulka Kategorie_D
begin
INSERT INTO ORDER_T (ORDER_ID, ORDER_DATE, LOCAL_OFFICE_OFFICE_ID, PRICE, ORDER_T_TYPE, CUSTOMER_EMAIL, CAR_REGISTRATION_NUMBER) VALUES (401, TO_DATE('1/01/1970', 'DD/MM/YYYY'), 1, 10042, 'Order_in', 'Alexej.Reich@seznam.cz', 255088);
INSERT INTO ORDER_T (ORDER_ID, ORDER_DATE, LOCAL_OFFICE_OFFICE_ID, PRICE, ORDER_T_TYPE, CUSTOMER_EMAIL, CAR_REGISTRATION_NUMBER) VALUES (402, TO_DATE('1/01/1970', 'DD/MM/YYYY'), 2, 12378, 'Order_in', 'Alexej.Reich@seznam.cz', 200161);
INSERT INTO ORDER_T (ORDER_ID, ORDER_DATE, LOCAL_OFFICE_OFFICE_ID, PRICE, ORDER_T_TYPE, CUSTOMER_EMAIL, CAR_REGISTRATION_NUMBER) VALUES (403, TO_DATE('1/01/1970', 'DD/MM/YYYY'), 3, 11347, 'Order_in', 'Alexej.Reich@seznam.cz', 200161);
INSERT INTO ORDER_T (ORDER_ID, ORDER_DATE, LOCAL_OFFICE_OFFICE_ID, PRICE, ORDER_T_TYPE, CUSTOMER_EMAIL, CAR_REGISTRATION_NUMBER) VALUES (404, TO_DATE('1/01/1970', 'DD/MM/YYYY'), 4, 13727, 'Order_in', 'Alexej.Reich@seznam.cz', 261550);
INSERT INTO ORDER_T (ORDER_ID, ORDER_DATE, LOCAL_OFFICE_OFFICE_ID, PRICE, ORDER_T_TYPE, CUSTOMER_EMAIL, CAR_REGISTRATION_NUMBER) VALUES (405, TO_DATE('1/01/1970', 'DD/MM/YYYY'), 5, 12176, 'Order_in', 'Alexej.Reich@seznam.cz', 268012);
INSERT INTO ORDER_T (ORDER_ID, ORDER_DATE, LOCAL_OFFICE_OFFICE_ID, PRICE, ORDER_T_TYPE, CUSTOMER_EMAIL, CAR_REGISTRATION_NUMBER) VALUES (406, TO_DATE('1/01/1970', 'DD/MM/YYYY'), 6, 14925, 'Order_in', 'Alexej.Reich@seznam.cz', 255088);
INSERT INTO ORDER_T (ORDER_ID, ORDER_DATE, LOCAL_OFFICE_OFFICE_ID, PRICE, ORDER_T_TYPE, CUSTOMER_EMAIL, CAR_REGISTRATION_NUMBER) VALUES (407, TO_DATE('1/01/1970', 'DD/MM/YYYY'), 7, 10326, 'Order_in', 'Alexej.Reich@seznam.cz', 274474);
INSERT INTO ORDER_T (ORDER_ID, ORDER_DATE, LOCAL_OFFICE_OFFICE_ID, PRICE, ORDER_T_TYPE, CUSTOMER_EMAIL, CAR_REGISTRATION_NUMBER) VALUES (408, TO_DATE('1/01/1970', 'DD/MM/YYYY'), 8, 14950, 'Order_in', 'Alexej.Reich@seznam.cz', 268012);
INSERT INTO ORDER_T (ORDER_ID, ORDER_DATE, LOCAL_OFFICE_OFFICE_ID, PRICE, ORDER_T_TYPE, CUSTOMER_EMAIL, CAR_REGISTRATION_NUMBER) VALUES (409, TO_DATE('1/01/1970', 'DD/MM/YYYY'), 9, 13394, 'Order_in', 'Alexej.Reich@seznam.cz', 284167);
INSERT INTO ORDER_T (ORDER_ID, ORDER_DATE, LOCAL_OFFICE_OFFICE_ID, PRICE, ORDER_T_TYPE, CUSTOMER_EMAIL, CAR_REGISTRATION_NUMBER) VALUES (410, TO_DATE('1/01/1970', 'DD/MM/YYYY'), 10, 11331, 'Order_in', 'Alexej.Reich@seznam.cz', 255088);
INSERT INTO ORDER_T (ORDER_ID, ORDER_DATE, LOCAL_OFFICE_OFFICE_ID, PRICE, ORDER_T_TYPE, CUSTOMER_EMAIL, CAR_REGISTRATION_NUMBER) VALUES (411, TO_DATE('1/01/1970', 'DD/MM/YYYY'), 11, 13540, 'Order_in', 'Alexej.Reich@seznam.cz', 274474);
INSERT INTO ORDER_T (ORDER_ID, ORDER_DATE, LOCAL_OFFICE_OFFICE_ID, PRICE, ORDER_T_TYPE, CUSTOMER_EMAIL, CAR_REGISTRATION_NUMBER) VALUES (412, TO_DATE('1/01/1970', 'DD/MM/YYYY'), 12, 12121, 'Order_in', 'Alexej.Reich@seznam.cz', 251857);
INSERT INTO ORDER_T (ORDER_ID, ORDER_DATE, LOCAL_OFFICE_OFFICE_ID, PRICE, ORDER_T_TYPE, CUSTOMER_EMAIL, CAR_REGISTRATION_NUMBER) VALUES (413, TO_DATE('1/01/1970', 'DD/MM/YYYY'), 13, 13624, 'Order_in', 'Alexej.Reich@seznam.cz', 261550);
INSERT INTO ORDER_T (ORDER_ID, ORDER_DATE, LOCAL_OFFICE_OFFICE_ID, PRICE, ORDER_T_TYPE, CUSTOMER_EMAIL, CAR_REGISTRATION_NUMBER) VALUES (414, TO_DATE('1/01/1970', 'DD/MM/YYYY'), 14, 14261, 'Order_in', 'Alexej.Reich@seznam.cz', 200161);
INSERT INTO ORDER_T (ORDER_ID, ORDER_DATE, LOCAL_OFFICE_OFFICE_ID, PRICE, ORDER_T_TYPE, CUSTOMER_EMAIL, CAR_REGISTRATION_NUMBER) VALUES (415, TO_DATE('1/01/1970', 'DD/MM/YYYY'), 15, 13284, 'Order_in', 'Alexej.Reich@seznam.cz', 255088);
INSERT INTO ORDER_T (ORDER_ID, ORDER_DATE, LOCAL_OFFICE_OFFICE_ID, PRICE, ORDER_T_TYPE, CUSTOMER_EMAIL, CAR_REGISTRATION_NUMBER) VALUES (416, TO_DATE('1/01/1970', 'DD/MM/YYYY'), 16, 13100, 'Order_in', 'Alexej.Reich@seznam.cz', 251857);
INSERT INTO ORDER_T (ORDER_ID, ORDER_DATE, LOCAL_OFFICE_OFFICE_ID, PRICE, ORDER_T_TYPE, CUSTOMER_EMAIL, CAR_REGISTRATION_NUMBER) VALUES (417, TO_DATE('1/01/1970', 'DD/MM/YYYY'), 17, 14072, 'Order_in', 'Alexej.Reich@seznam.cz', 200161);
INSERT INTO ORDER_T (ORDER_ID, ORDER_DATE, LOCAL_OFFICE_OFFICE_ID, PRICE, ORDER_T_TYPE, CUSTOMER_EMAIL, CAR_REGISTRATION_NUMBER) VALUES (418, TO_DATE('1/01/1970', 'DD/MM/YYYY'), 18, 10854, 'Order_in', 'Alexej.Reich@seznam.cz', 261550);
INSERT INTO ORDER_T (ORDER_ID, ORDER_DATE, LOCAL_OFFICE_OFFICE_ID, PRICE, ORDER_T_TYPE, CUSTOMER_EMAIL, CAR_REGISTRATION_NUMBER) VALUES (419, TO_DATE('1/01/1970', 'DD/MM/YYYY'), 19, 12862, 'Order_in', 'Alexej.Reich@seznam.cz', 268012);
INSERT INTO ORDER_T (ORDER_ID, ORDER_DATE, LOCAL_OFFICE_OFFICE_ID, PRICE, ORDER_T_TYPE, CUSTOMER_EMAIL, CAR_REGISTRATION_NUMBER) VALUES (420, TO_DATE('1/01/1970', 'DD/MM/YYYY'), 20, 11230, 'Order_in', 'Alexej.Reich@seznam.cz', 284167);
INSERT INTO ORDER_T (ORDER_ID, ORDER_DATE, LOCAL_OFFICE_OFFICE_ID, PRICE, ORDER_T_TYPE, CUSTOMER_EMAIL, CAR_REGISTRATION_NUMBER) VALUES (421, TO_DATE('1/01/1970', 'DD/MM/YYYY'), 21, 10579, 'Order_in', 'Alexej.Reich@seznam.cz', 200161);
INSERT INTO ORDER_T (ORDER_ID, ORDER_DATE, LOCAL_OFFICE_OFFICE_ID, PRICE, ORDER_T_TYPE, CUSTOMER_EMAIL, CAR_REGISTRATION_NUMBER) VALUES (422, TO_DATE('1/01/1970', 'DD/MM/YYYY'), 22, 12016, 'Order_in', 'Alexej.Reich@seznam.cz', 251857);
INSERT INTO ORDER_T (ORDER_ID, ORDER_DATE, LOCAL_OFFICE_OFFICE_ID, PRICE, ORDER_T_TYPE, CUSTOMER_EMAIL, CAR_REGISTRATION_NUMBER) VALUES (423, TO_DATE('1/01/1970', 'DD/MM/YYYY'), 23, 13516, 'Order_in', 'Alexej.Reich@seznam.cz', 255088);
INSERT INTO ORDER_T (ORDER_ID, ORDER_DATE, LOCAL_OFFICE_OFFICE_ID, PRICE, ORDER_T_TYPE, CUSTOMER_EMAIL, CAR_REGISTRATION_NUMBER) VALUES (424, TO_DATE('1/01/1970', 'DD/MM/YYYY'), 24, 11243, 'Order_in', 'Alexej.Reich@seznam.cz', 274474);
INSERT INTO ORDER_T (ORDER_ID, ORDER_DATE, LOCAL_OFFICE_OFFICE_ID, PRICE, ORDER_T_TYPE, CUSTOMER_EMAIL, CAR_REGISTRATION_NUMBER) VALUES (425, TO_DATE('1/01/1970', 'DD/MM/YYYY'), 25, 12246, 'Order_in', 'Alexej.Reich@seznam.cz', 284167);
INSERT INTO ORDER_T (ORDER_ID, ORDER_DATE, LOCAL_OFFICE_OFFICE_ID, PRICE, ORDER_T_TYPE, CUSTOMER_EMAIL, CAR_REGISTRATION_NUMBER) VALUES (426, TO_DATE('1/01/1970', 'DD/MM/YYYY'), 26, 10281, 'Order_in', 'Alexej.Reich@seznam.cz', 268012);
INSERT INTO ORDER_T (ORDER_ID, ORDER_DATE, LOCAL_OFFICE_OFFICE_ID, PRICE, ORDER_T_TYPE, CUSTOMER_EMAIL, CAR_REGISTRATION_NUMBER) VALUES (427, TO_DATE('1/01/1970', 'DD/MM/YYYY'), 27, 13772, 'Order_in', 'Alexej.Reich@seznam.cz', 255088);
INSERT INTO ORDER_T (ORDER_ID, ORDER_DATE, LOCAL_OFFICE_OFFICE_ID, PRICE, ORDER_T_TYPE, CUSTOMER_EMAIL, CAR_REGISTRATION_NUMBER) VALUES (428, TO_DATE('1/01/1970', 'DD/MM/YYYY'), 28, 13094, 'Order_in', 'Alexej.Reich@seznam.cz', 261550);
INSERT INTO ORDER_T (ORDER_ID, ORDER_DATE, LOCAL_OFFICE_OFFICE_ID, PRICE, ORDER_T_TYPE, CUSTOMER_EMAIL, CAR_REGISTRATION_NUMBER) VALUES (429, TO_DATE('1/01/1970', 'DD/MM/YYYY'), 29, 11978, 'Order_in', 'Alexej.Reich@seznam.cz', 200161);
INSERT INTO ORDER_T (ORDER_ID, ORDER_DATE, LOCAL_OFFICE_OFFICE_ID, PRICE, ORDER_T_TYPE, CUSTOMER_EMAIL, CAR_REGISTRATION_NUMBER) VALUES (430, TO_DATE('1/01/1970', 'DD/MM/YYYY'), 30, 11653, 'Order_in', 'Alexej.Reich@seznam.cz', 255088);
INSERT INTO ORDER_T (ORDER_ID, ORDER_DATE, LOCAL_OFFICE_OFFICE_ID, PRICE, ORDER_T_TYPE, CUSTOMER_EMAIL, CAR_REGISTRATION_NUMBER) VALUES (431, TO_DATE('1/01/1970', 'DD/MM/YYYY'), 31, 8409, 'Order_out', 'Alexej.Reich@seznam.cz', 284167);
INSERT INTO ORDER_T (ORDER_ID, ORDER_DATE, LOCAL_OFFICE_OFFICE_ID, PRICE, ORDER_T_TYPE, CUSTOMER_EMAIL, CAR_REGISTRATION_NUMBER) VALUES (432, TO_DATE('1/01/1970', 'DD/MM/YYYY'), 32, 7727, 'Order_out', 'Alexej.Reich@seznam.cz', 251857);
INSERT INTO ORDER_T (ORDER_ID, ORDER_DATE, LOCAL_OFFICE_OFFICE_ID, PRICE, ORDER_T_TYPE, CUSTOMER_EMAIL, CAR_REGISTRATION_NUMBER) VALUES (433, TO_DATE('1/01/1970', 'DD/MM/YYYY'), 33, 8657, 'Order_out', 'Alexej.Reich@seznam.cz', 255088);
INSERT INTO ORDER_T (ORDER_ID, ORDER_DATE, LOCAL_OFFICE_OFFICE_ID, PRICE, ORDER_T_TYPE, CUSTOMER_EMAIL, CAR_REGISTRATION_NUMBER) VALUES (434, TO_DATE('1/01/1970', 'DD/MM/YYYY'), 34, 9844, 'Order_out', 'Alexej.Reich@seznam.cz', 200161);
INSERT INTO ORDER_T (ORDER_ID, ORDER_DATE, LOCAL_OFFICE_OFFICE_ID, PRICE, ORDER_T_TYPE, CUSTOMER_EMAIL, CAR_REGISTRATION_NUMBER) VALUES (435, TO_DATE('1/01/1970', 'DD/MM/YYYY'), 35, 11509, 'Order_out', 'Alexej.Reich@seznam.cz', 251857);
INSERT INTO ORDER_T (ORDER_ID, ORDER_DATE, LOCAL_OFFICE_OFFICE_ID, PRICE, ORDER_T_TYPE, CUSTOMER_EMAIL, CAR_REGISTRATION_NUMBER) VALUES (436, TO_DATE('1/01/1970', 'DD/MM/YYYY'), 36, 8772, 'Order_out', 'Alexej.Reich@seznam.cz', 251857);
INSERT INTO ORDER_T (ORDER_ID, ORDER_DATE, LOCAL_OFFICE_OFFICE_ID, PRICE, ORDER_T_TYPE, CUSTOMER_EMAIL, CAR_REGISTRATION_NUMBER) VALUES (437, TO_DATE('1/01/1970', 'DD/MM/YYYY'), 37, 8519, 'Order_out', 'Alexej.Reich@seznam.cz', 200161);
INSERT INTO ORDER_T (ORDER_ID, ORDER_DATE, LOCAL_OFFICE_OFFICE_ID, PRICE, ORDER_T_TYPE, CUSTOMER_EMAIL, CAR_REGISTRATION_NUMBER) VALUES (438, TO_DATE('1/01/1970', 'DD/MM/YYYY'), 38, 8220, 'Order_out', 'Alexej.Reich@seznam.cz', 255088);
INSERT INTO ORDER_T (ORDER_ID, ORDER_DATE, LOCAL_OFFICE_OFFICE_ID, PRICE, ORDER_T_TYPE, CUSTOMER_EMAIL, CAR_REGISTRATION_NUMBER) VALUES (439, TO_DATE('1/01/1970', 'DD/MM/YYYY'), 39, 8543, 'Order_out', 'Alexej.Reich@seznam.cz', 268012);
INSERT INTO ORDER_T (ORDER_ID, ORDER_DATE, LOCAL_OFFICE_OFFICE_ID, PRICE, ORDER_T_TYPE, CUSTOMER_EMAIL, CAR_REGISTRATION_NUMBER) VALUES (440, TO_DATE('1/01/1970', 'DD/MM/YYYY'), 40, 10154, 'Order_out', 'Alexej.Reich@seznam.cz', 255088);
INSERT INTO ORDER_T (ORDER_ID, ORDER_DATE, LOCAL_OFFICE_OFFICE_ID, PRICE, ORDER_T_TYPE, CUSTOMER_EMAIL, CAR_REGISTRATION_NUMBER) VALUES (441, TO_DATE('1/01/1970', 'DD/MM/YYYY'), 41, 11742, 'Order_out', 'Alexej.Reich@seznam.cz', 261550);
INSERT INTO ORDER_T (ORDER_ID, ORDER_DATE, LOCAL_OFFICE_OFFICE_ID, PRICE, ORDER_T_TYPE, CUSTOMER_EMAIL, CAR_REGISTRATION_NUMBER) VALUES (442, TO_DATE('1/01/1970', 'DD/MM/YYYY'), 42, 10244, 'Order_out', 'Alexej.Reich@seznam.cz', 284167);
INSERT INTO ORDER_T (ORDER_ID, ORDER_DATE, LOCAL_OFFICE_OFFICE_ID, PRICE, ORDER_T_TYPE, CUSTOMER_EMAIL, CAR_REGISTRATION_NUMBER) VALUES (443, TO_DATE('1/01/1970', 'DD/MM/YYYY'), 43, 9767, 'Order_out', 'Alexej.Reich@seznam.cz', 268012);
INSERT INTO ORDER_T (ORDER_ID, ORDER_DATE, LOCAL_OFFICE_OFFICE_ID, PRICE, ORDER_T_TYPE, CUSTOMER_EMAIL, CAR_REGISTRATION_NUMBER) VALUES (444, TO_DATE('1/01/1970', 'DD/MM/YYYY'), 44, 10682, 'Order_out', 'Alexej.Reich@seznam.cz', 268012);
INSERT INTO ORDER_T (ORDER_ID, ORDER_DATE, LOCAL_OFFICE_OFFICE_ID, PRICE, ORDER_T_TYPE, CUSTOMER_EMAIL, CAR_REGISTRATION_NUMBER) VALUES (445, TO_DATE('1/01/1970', 'DD/MM/YYYY'), 45, 8618, 'Order_out', 'Alexej.Reich@seznam.cz', 274474);
INSERT INTO ORDER_T (ORDER_ID, ORDER_DATE, LOCAL_OFFICE_OFFICE_ID, PRICE, ORDER_T_TYPE, CUSTOMER_EMAIL, CAR_REGISTRATION_NUMBER) VALUES (446, TO_DATE('1/01/1970', 'DD/MM/YYYY'), 46, 10214, 'Order_out', 'Alexej.Reich@seznam.cz', 274474);
INSERT INTO ORDER_T (ORDER_ID, ORDER_DATE, LOCAL_OFFICE_OFFICE_ID, PRICE, ORDER_T_TYPE, CUSTOMER_EMAIL, CAR_REGISTRATION_NUMBER) VALUES (447, TO_DATE('1/01/1970', 'DD/MM/YYYY'), 47, 10214, 'Order_out', 'Alexej.Reich@seznam.cz', 255088);
INSERT INTO ORDER_T (ORDER_ID, ORDER_DATE, LOCAL_OFFICE_OFFICE_ID, PRICE, ORDER_T_TYPE, CUSTOMER_EMAIL, CAR_REGISTRATION_NUMBER) VALUES (448, TO_DATE('1/01/1970', 'DD/MM/YYYY'), 48, 7631, 'Order_out', 'Alexej.Reich@seznam.cz', 200161);
INSERT INTO ORDER_T (ORDER_ID, ORDER_DATE, LOCAL_OFFICE_OFFICE_ID, PRICE, ORDER_T_TYPE, CUSTOMER_EMAIL, CAR_REGISTRATION_NUMBER) VALUES (449, TO_DATE('1/01/1970', 'DD/MM/YYYY'), 49, 10959, 'Order_out', 'Alexej.Reich@seznam.cz', 251857);
INSERT INTO ORDER_T (ORDER_ID, ORDER_DATE, LOCAL_OFFICE_OFFICE_ID, PRICE, ORDER_T_TYPE, CUSTOMER_EMAIL, CAR_REGISTRATION_NUMBER) VALUES (450, TO_DATE('1/01/1970', 'DD/MM/YYYY'), 50, 10893, 'Order_out', 'Alexej.Reich@seznam.cz', 274474);
INSERT INTO ORDER_T (ORDER_ID, ORDER_DATE, LOCAL_OFFICE_OFFICE_ID, PRICE, ORDER_T_TYPE, CUSTOMER_EMAIL, CAR_REGISTRATION_NUMBER) VALUES (451, TO_DATE('1/01/1970', 'DD/MM/YYYY'), 51, 8353, 'Order_out', 'Alexej.Reich@seznam.cz', 200161);
INSERT INTO ORDER_T (ORDER_ID, ORDER_DATE, LOCAL_OFFICE_OFFICE_ID, PRICE, ORDER_T_TYPE, CUSTOMER_EMAIL, CAR_REGISTRATION_NUMBER) VALUES (452, TO_DATE('1/01/1970', 'DD/MM/YYYY'), 52, 7623, 'Order_out', 'Alexej.Reich@seznam.cz', 200161);
INSERT INTO ORDER_T (ORDER_ID, ORDER_DATE, LOCAL_OFFICE_OFFICE_ID, PRICE, ORDER_T_TYPE, CUSTOMER_EMAIL, CAR_REGISTRATION_NUMBER) VALUES (453, TO_DATE('1/01/1970', 'DD/MM/YYYY'), 53, 9532, 'Order_out', 'Alexej.Reich@seznam.cz', 268012);
INSERT INTO ORDER_T (ORDER_ID, ORDER_DATE, LOCAL_OFFICE_OFFICE_ID, PRICE, ORDER_T_TYPE, CUSTOMER_EMAIL, CAR_REGISTRATION_NUMBER) VALUES (454, TO_DATE('1/01/1970', 'DD/MM/YYYY'), 54, 9511, 'Order_out', 'Alexej.Reich@seznam.cz', 274474);
INSERT INTO ORDER_T (ORDER_ID, ORDER_DATE, LOCAL_OFFICE_OFFICE_ID, PRICE, ORDER_T_TYPE, CUSTOMER_EMAIL, CAR_REGISTRATION_NUMBER) VALUES (455, TO_DATE('1/01/1970', 'DD/MM/YYYY'), 55, 9434, 'Order_out', 'Alexej.Reich@seznam.cz', 268012);
INSERT INTO ORDER_T (ORDER_ID, ORDER_DATE, LOCAL_OFFICE_OFFICE_ID, PRICE, ORDER_T_TYPE, CUSTOMER_EMAIL, CAR_REGISTRATION_NUMBER) VALUES (456, TO_DATE('1/01/1970', 'DD/MM/YYYY'), 56, 9002, 'Order_out', 'Alexej.Reich@seznam.cz', 284167);
INSERT INTO ORDER_T (ORDER_ID, ORDER_DATE, LOCAL_OFFICE_OFFICE_ID, PRICE, ORDER_T_TYPE, CUSTOMER_EMAIL, CAR_REGISTRATION_NUMBER) VALUES (457, TO_DATE('1/01/1970', 'DD/MM/YYYY'), 57, 11948, 'Order_out', 'Alexej.Reich@seznam.cz', 200161);
INSERT INTO ORDER_T (ORDER_ID, ORDER_DATE, LOCAL_OFFICE_OFFICE_ID, PRICE, ORDER_T_TYPE, CUSTOMER_EMAIL, CAR_REGISTRATION_NUMBER) VALUES (458, TO_DATE('1/01/1970', 'DD/MM/YYYY'), 58, 7555, 'Order_out', 'Alexej.Reich@seznam.cz', 284167);
INSERT INTO ORDER_T (ORDER_ID, ORDER_DATE, LOCAL_OFFICE_OFFICE_ID, PRICE, ORDER_T_TYPE, CUSTOMER_EMAIL, CAR_REGISTRATION_NUMBER) VALUES (459, TO_DATE('1/01/1970', 'DD/MM/YYYY'), 59, 8460, 'Order_out', 'Alexej.Reich@seznam.cz', 284167);
INSERT INTO ORDER_T (ORDER_ID, ORDER_DATE, LOCAL_OFFICE_OFFICE_ID, PRICE, ORDER_T_TYPE, CUSTOMER_EMAIL, CAR_REGISTRATION_NUMBER) VALUES (460, TO_DATE('1/01/1970', 'DD/MM/YYYY'), 60, 11328, 'Order_out', 'Alexej.Reich@seznam.cz', 200161);

INSERT INTO ORDER_IN (CAR_RECIEVED, ORDER_ID) VALUES (1, 401);
INSERT INTO ORDER_IN (CAR_RECIEVED, ORDER_ID) VALUES (1, 402);
INSERT INTO ORDER_IN (CAR_RECIEVED, ORDER_ID) VALUES (1, 403);
INSERT INTO ORDER_IN (CAR_RECIEVED, ORDER_ID) VALUES (1, 404);
INSERT INTO ORDER_IN (CAR_RECIEVED, ORDER_ID) VALUES (1, 405);
INSERT INTO ORDER_IN (CAR_RECIEVED, ORDER_ID) VALUES (1, 406);
INSERT INTO ORDER_IN (CAR_RECIEVED, ORDER_ID) VALUES (null, 407);
INSERT INTO ORDER_IN (CAR_RECIEVED, ORDER_ID) VALUES (1, 408);
INSERT INTO ORDER_IN (CAR_RECIEVED, ORDER_ID) VALUES (1, 409);
INSERT INTO ORDER_IN (CAR_RECIEVED, ORDER_ID) VALUES (null, 410);
INSERT INTO ORDER_IN (CAR_RECIEVED, ORDER_ID) VALUES (1, 411);
INSERT INTO ORDER_IN (CAR_RECIEVED, ORDER_ID) VALUES (1, 412);
INSERT INTO ORDER_IN (CAR_RECIEVED, ORDER_ID) VALUES (null, 413);
INSERT INTO ORDER_IN (CAR_RECIEVED, ORDER_ID) VALUES (1, 414);
INSERT INTO ORDER_IN (CAR_RECIEVED, ORDER_ID) VALUES (null, 415);
INSERT INTO ORDER_IN (CAR_RECIEVED, ORDER_ID) VALUES (1, 416);
INSERT INTO ORDER_IN (CAR_RECIEVED, ORDER_ID) VALUES (1, 417);
INSERT INTO ORDER_IN (CAR_RECIEVED, ORDER_ID) VALUES (null, 418);
INSERT INTO ORDER_IN (CAR_RECIEVED, ORDER_ID) VALUES (1, 419);
INSERT INTO ORDER_IN (CAR_RECIEVED, ORDER_ID) VALUES (null, 420);
INSERT INTO ORDER_IN (CAR_RECIEVED, ORDER_ID) VALUES (1, 421);
INSERT INTO ORDER_IN (CAR_RECIEVED, ORDER_ID) VALUES (1, 422);
INSERT INTO ORDER_IN (CAR_RECIEVED, ORDER_ID) VALUES (1, 423);
INSERT INTO ORDER_IN (CAR_RECIEVED, ORDER_ID) VALUES (1, 424);
INSERT INTO ORDER_IN (CAR_RECIEVED, ORDER_ID) VALUES (null, 425);
INSERT INTO ORDER_IN (CAR_RECIEVED, ORDER_ID) VALUES (1, 426);
INSERT INTO ORDER_IN (CAR_RECIEVED, ORDER_ID) VALUES (1, 427);
INSERT INTO ORDER_IN (CAR_RECIEVED, ORDER_ID) VALUES (1, 428);
INSERT INTO ORDER_IN (CAR_RECIEVED, ORDER_ID) VALUES (1, 429);
INSERT INTO ORDER_IN (CAR_RECIEVED, ORDER_ID) VALUES (null, 430);

INSERT INTO ORDER_OUT (CAR_SENT, ADDRESS_ADDRESS_ID, ORDER_ID) VALUES (1, 25, 431);
INSERT INTO ORDER_OUT (CAR_SENT, ADDRESS_ADDRESS_ID, ORDER_ID) VALUES (1, 189, 432);
INSERT INTO ORDER_OUT (CAR_SENT, ADDRESS_ADDRESS_ID, ORDER_ID) VALUES (1, 43, 433);
INSERT INTO ORDER_OUT (CAR_SENT, ADDRESS_ADDRESS_ID, ORDER_ID) VALUES (1, 77, 434);
INSERT INTO ORDER_OUT (CAR_SENT, ADDRESS_ADDRESS_ID, ORDER_ID) VALUES (null, 259, 435);
INSERT INTO ORDER_OUT (CAR_SENT, ADDRESS_ADDRESS_ID, ORDER_ID) VALUES (null, 79, 436);
INSERT INTO ORDER_OUT (CAR_SENT, ADDRESS_ADDRESS_ID, ORDER_ID) VALUES (1, 6, 437);
INSERT INTO ORDER_OUT (CAR_SENT, ADDRESS_ADDRESS_ID, ORDER_ID) VALUES (1, 237, 438);
INSERT INTO ORDER_OUT (CAR_SENT, ADDRESS_ADDRESS_ID, ORDER_ID) VALUES (1, 315, 439);
INSERT INTO ORDER_OUT (CAR_SENT, ADDRESS_ADDRESS_ID, ORDER_ID) VALUES (null, 293, 440);
INSERT INTO ORDER_OUT (CAR_SENT, ADDRESS_ADDRESS_ID, ORDER_ID) VALUES (1, 373, 441);
INSERT INTO ORDER_OUT (CAR_SENT, ADDRESS_ADDRESS_ID, ORDER_ID) VALUES (1, 127, 442);
INSERT INTO ORDER_OUT (CAR_SENT, ADDRESS_ADDRESS_ID, ORDER_ID) VALUES (1, 66, 443);
INSERT INTO ORDER_OUT (CAR_SENT, ADDRESS_ADDRESS_ID, ORDER_ID) VALUES (null, 129, 444);
INSERT INTO ORDER_OUT (CAR_SENT, ADDRESS_ADDRESS_ID, ORDER_ID) VALUES (null, 344, 445);
INSERT INTO ORDER_OUT (CAR_SENT, ADDRESS_ADDRESS_ID, ORDER_ID) VALUES (null, 264, 446);
INSERT INTO ORDER_OUT (CAR_SENT, ADDRESS_ADDRESS_ID, ORDER_ID) VALUES (null, 264, 447);
INSERT INTO ORDER_OUT (CAR_SENT, ADDRESS_ADDRESS_ID, ORDER_ID) VALUES (1, 49, 448);
INSERT INTO ORDER_OUT (CAR_SENT, ADDRESS_ADDRESS_ID, ORDER_ID) VALUES (null, 370, 449);
INSERT INTO ORDER_OUT (CAR_SENT, ADDRESS_ADDRESS_ID, ORDER_ID) VALUES (1, 78, 450);
INSERT INTO ORDER_OUT (CAR_SENT, ADDRESS_ADDRESS_ID, ORDER_ID) VALUES (1, 125, 451);
INSERT INTO ORDER_OUT (CAR_SENT, ADDRESS_ADDRESS_ID, ORDER_ID) VALUES (null, 374, 452);
INSERT INTO ORDER_OUT (CAR_SENT, ADDRESS_ADDRESS_ID, ORDER_ID) VALUES (1, 53, 453);
INSERT INTO ORDER_OUT (CAR_SENT, ADDRESS_ADDRESS_ID, ORDER_ID) VALUES (null, 109, 454);
INSERT INTO ORDER_OUT (CAR_SENT, ADDRESS_ADDRESS_ID, ORDER_ID) VALUES (1, 249, 455);
INSERT INTO ORDER_OUT (CAR_SENT, ADDRESS_ADDRESS_ID, ORDER_ID) VALUES (null, 340, 456);
INSERT INTO ORDER_OUT (CAR_SENT, ADDRESS_ADDRESS_ID, ORDER_ID) VALUES (1, 42, 457);
INSERT INTO ORDER_OUT (CAR_SENT, ADDRESS_ADDRESS_ID, ORDER_ID) VALUES (1, 201, 458);
INSERT INTO ORDER_OUT (CAR_SENT, ADDRESS_ADDRESS_ID, ORDER_ID) VALUES (null, 332, 459);
INSERT INTO ORDER_OUT (CAR_SENT, ADDRESS_ADDRESS_ID, ORDER_ID) VALUES (1, 153, 460);
end;
/



-- Dulezite je na konci zavolat commit!
commit;

prompt #----------------------#
prompt #- Zapnout cizi klice -#
prompt #----------------------#

exec ZAPNI_CIZI_KLICE;